date,home,away,home_goals,away_goals
2021-04-01,New York Yankees,Toronto Blue Jays,2,3
2021-04-01,Detroit Tigers,Cleveland Indians,3,2
2021-04-01,Milwaukee Brewers,Minnesota Twins,6,5
2021-04-01,Chicago Cubs,Pittsburgh Pirates,3,5
2021-04-01,Philadelphia Phillies,Atlanta Braves,3,2
2021-04-01,Colorado Rockies,Los Angeles Dodgers,8,5
2021-04-01,San Diego Padres,Arizona Diamondbacks,8,7
2021-04-01,Cincinnati Reds,St. Louis Cardinals,6,11
2021-04-01,Kansas City Royals,Texas Rangers,14,10
2021-04-01,Miami Marlins,Tampa Bay Rays,0,1
2021-04-01,Los Angeles Angels,Chicago White Sox,4,3
2021-04-01,Oakland Athletics,Houston Astros,1,8
2021-04-01,Seattle Mariners,San Francisco Giants,8,7
2021-04-02,Boston Red Sox,Baltimore Orioles,0,3
2021-04-02,Miami Marlins,Tampa Bay Rays,4,6
2021-04-02,Colorado Rockies,Los Angeles Dodgers,6,11
2021-04-02,Los Angeles Angels,Chicago White Sox,8,12
2021-04-02,Oakland Athletics,Houston Astros,5,9
2021-04-02,San Diego Padres,Arizona Diamondbacks,4,2
2021-04-02,Seattle Mariners,San Francisco Giants,3,6
2021-04-03,New York Yankees,Toronto Blue Jays,5,3
2021-04-03,Boston Red Sox,Baltimore Orioles,2,4
2021-04-03,Detroit Tigers,Cleveland Indians,5,2
2021-04-03,Kansas City Royals,Texas Rangers,11,4
2021-04-03,Chicago Cubs,Pittsburgh Pirates,5,1
2021-04-03,Philadelphia Phillies,Atlanta Braves,4,0
2021-04-03,Oakland Athletics,Houston Astros,1,9
2021-04-03,Cincinnati Reds,St. Louis Cardinals,9,6
2021-04-03,Miami Marlins,Tampa Bay Rays,12,7
2021-04-03,Milwaukee Brewers,Minnesota Twins,0,2
2021-04-03,Colorado Rockies,Los Angeles Dodgers,5,6
2021-04-03,San Diego Padres,Arizona Diamondbacks,7,0
2021-04-03,Los Angeles Angels,Chicago White Sox,5,3
2021-04-03,Seattle Mariners,San Francisco Giants,4,0
2021-04-04,Philadelphia Phillies,Atlanta Braves,2,1
2021-04-04,New York Yankees,Toronto Blue Jays,1,3
2021-04-04,Boston Red Sox,Baltimore Orioles,3,11
2021-04-04,Detroit Tigers,Cleveland Indians,3,9
2021-04-04,Cincinnati Reds,St. Louis Cardinals,12,1
2021-04-04,Kansas City Royals,Texas Rangers,3,7
2021-04-04,Milwaukee Brewers,Minnesota Twins,2,8
2021-04-04,Chicago Cubs,Pittsburgh Pirates,4,3
2021-04-04,Colorado Rockies,Los Angeles Dodgers,2,4
2021-04-04,Oakland Athletics,Houston Astros,2,9
2021-04-04,San Diego Padres,Arizona Diamondbacks,1,3
2021-04-04,Los Angeles Angels,Chicago White Sox,7,4
2021-04-05,Detroit Tigers,Minnesota Twins,6,15
2021-04-05,Texas Rangers,Toronto Blue Jays,2,6
2021-04-05,Cleveland Indians,Kansas City Royals,0,3
2021-04-05,New York Yankees,Baltimore Orioles,7,0
2021-04-05,Cincinnati Reds,Pittsburgh Pirates,5,3
2021-04-05,Miami Marlins,St. Louis Cardinals,1,4
2021-04-05,Philadelphia Phillies,New York Mets,5,3
2021-04-05,Boston Red Sox,Tampa Bay Rays,11,2
2021-04-05,Chicago Cubs,Milwaukee Brewers,5,3
2021-04-05,Los Angeles Angels,Houston Astros,7,6
2021-04-05,Oakland Athletics,Los Angeles Dodgers,3,10
2021-04-05,San Diego Padres,San Francisco Giants,2,3
2021-04-05,Seattle Mariners,Chicago White Sox,0,6
2021-04-06,Detroit Tigers,Minnesota Twins,4,3
2021-04-06,Washington Nationals,Atlanta Braves,6,5
2021-04-06,Los Angeles Angels,Houston Astros,2,4
2021-04-06,New York Yankees,Baltimore Orioles,7,2
2021-04-06,Cincinnati Reds,Pittsburgh Pirates,14,1
2021-04-06,Miami Marlins,St. Louis Cardinals,2,4
2021-04-06,Philadelphia Phillies,New York Mets,4,8
2021-04-06,Boston Red Sox,Tampa Bay Rays,6,5
2021-04-06,Chicago Cubs,Milwaukee Brewers,0,4
2021-04-06,Texas Rangers,Toronto Blue Jays,7,4
2021-04-06,Colorado Rockies,Arizona Diamondbacks,8,10
2021-04-06,Oakland Athletics,Los Angeles Dodgers,1,5
2021-04-06,San Diego Padres,San Francisco Giants,3,1
2021-04-06,Seattle Mariners,Chicago White Sox,4,10
2021-04-07,Washington Nationals,Atlanta Braves,6,7
2021-04-07,Washington Nationals,Atlanta Braves,0,2
2021-04-07,Cincinnati Reds,Pittsburgh Pirates,11,4
2021-04-07,Cleveland Indians,Kansas City Royals,4,2
2021-04-07,Boston Red Sox,Tampa Bay Rays,9,2
2021-04-07,Detroit Tigers,Minnesota Twins,2,3
2021-04-07,Texas Rangers,Toronto Blue Jays,2,1
2021-04-07,Chicago Cubs,Milwaukee Brewers,2,4
2021-04-07,Oakland Athletics,Los Angeles Dodgers,4,3
2021-04-07,Philadelphia Phillies,New York Mets,8,2
2021-04-07,San Diego Padres,San Francisco Giants,2,3
2021-04-07,Seattle Mariners,Chicago White Sox,8,4
2021-04-07,Miami Marlins,St. Louis Cardinals,0,7
2021-04-07,New York Yankees,Baltimore Orioles,3,4
2021-04-07,Colorado Rockies,Arizona Diamondbacks,8,0
2021-04-08,New York Mets,Miami Marlins,3,2
2021-04-08,Pittsburgh Pirates,Chicago Cubs,2,4
2021-04-08,Baltimore Orioles,Boston Red Sox,3,7
2021-04-08,Colorado Rockies,Arizona Diamondbacks,7,3
2021-04-08,Minnesota Twins,Seattle Mariners,10,2
2021-04-08,Chicago White Sox,Kansas City Royals,6,0
2021-04-08,St. Louis Cardinals,Milwaukee Brewers,3,1
2021-04-08,Toronto Blue Jays,Los Angeles Angels,5,7
2021-04-08,Houston Astros,Oakland Athletics,6,2
2021-04-09,Tampa Bay Rays,New York Yankees,10,5
2021-04-09,Los Angeles Dodgers,Washington Nationals,1,0
2021-04-09,San Francisco Giants,Colorado Rockies,3,1
2021-04-09,Toronto Blue Jays,Los Angeles Angels,1,7
2021-04-09,Cleveland Indians,Detroit Tigers,4,1
2021-04-09,Atlanta Braves,Philadelphia Phillies,8,1
2021-04-09,Texas Rangers,San Diego Padres,0,3
2021-04-09,Houston Astros,Oakland Athletics,2,6
2021-04-09,Arizona Diamondbacks,Cincinnati Reds,5,6
2021-04-10,New York Mets,Miami Marlins,0,3
2021-04-10,Tampa Bay Rays,New York Yankees,4,0
2021-04-10,Minnesota Twins,Seattle Mariners,3,4
2021-04-10,St. Louis Cardinals,Milwaukee Brewers,5,9
2021-04-10,Houston Astros,Oakland Athletics,3,7
2021-04-10,San Francisco Giants,Colorado Rockies,4,3
2021-04-10,Cleveland Indians,Detroit Tigers,11,3
2021-04-10,Pittsburgh Pirates,Chicago Cubs,8,2
2021-04-10,Baltimore Orioles,Boston Red Sox,4,6
2021-04-10,Texas Rangers,San Diego Padres,4,7
2021-04-10,Toronto Blue Jays,Los Angeles Angels,15,1
2021-04-10,Atlanta Braves,Philadelphia Phillies,5,4
2021-04-10,Arizona Diamondbacks,Cincinnati Reds,8,3
2021-04-10,Los Angeles Dodgers,Washington Nationals,9,5
2021-04-11,Baltimore Orioles,Boston Red Sox,9,14
2021-04-11,Pittsburgh Pirates,Chicago Cubs,7,1
2021-04-11,Cleveland Indians,Detroit Tigers,5,2
2021-04-11,New York Mets,Miami Marlins,6,5
2021-04-11,Tampa Bay Rays,New York Yankees,4,8
2021-04-11,Minnesota Twins,Seattle Mariners,6,8
2021-04-11,Chicago White Sox,Kansas City Royals,3,4
2021-04-11,St. Louis Cardinals,Milwaukee Brewers,3,9
2021-04-11,Texas Rangers,San Diego Padres,0,2
2021-04-11,San Francisco Giants,Colorado Rockies,4,0
2021-04-11,Arizona Diamondbacks,Cincinnati Reds,7,0
2021-04-11,Los Angeles Dodgers,Washington Nationals,3,0
2021-04-11,Atlanta Braves,Philadelphia Phillies,6,7
2021-04-12,Pittsburgh Pirates,San Diego Padres,2,6
2021-04-12,Toronto Blue Jays,New York Yankees,1,3
2021-04-12,Tampa Bay Rays,Texas Rangers,1,0
2021-04-12,Atlanta Braves,Miami Marlins,3,5
2021-04-12,Milwaukee Brewers,Chicago Cubs,6,3
2021-04-12,St. Louis Cardinals,Washington Nationals,2,5
2021-04-12,Houston Astros,Detroit Tigers,2,6
2021-04-12,Kansas City Royals,Los Angeles Angels,3,10
2021-04-12,Chicago White Sox,Cleveland Indians,4,3
2021-04-12,Arizona Diamondbacks,Oakland Athletics,5,9
2021-04-12,San Francisco Giants,Cincinnati Reds,0,3
2021-04-13,Minnesota Twins,Boston Red Sox,2,4
2021-04-13,Arizona Diamondbacks,Oakland Athletics,5,7
2021-04-13,Baltimore Orioles,Seattle Mariners,3,4
2021-04-13,Baltimore Orioles,Seattle Mariners,7,6
2021-04-13,New York Mets,Philadelphia Phillies,4,3
2021-04-13,New York Mets,Philadelphia Phillies,4,0
2021-04-13,Pittsburgh Pirates,San Diego Padres,8,4
2021-04-13,Toronto Blue Jays,New York Yankees,7,3
2021-04-13,Tampa Bay Rays,Texas Rangers,3,8
2021-04-13,Atlanta Braves,Miami Marlins,8,14
2021-04-13,Milwaukee Brewers,Chicago Cubs,2,3
2021-04-13,St. Louis Cardinals,Washington Nationals,14,3
2021-04-13,Houston Astros,Detroit Tigers,2,8
2021-04-13,Kansas City Royals,Los Angeles Angels,3,2
2021-04-13,Chicago White Sox,Cleveland Indians,0,2
2021-04-13,San Francisco Giants,Cincinnati Reds,7,6
2021-04-13,Los Angeles Dodgers,Colorado Rockies,7,0
2021-04-14,Toronto Blue Jays,New York Yankees,5,4
2021-04-14,St. Louis Cardinals,Washington Nationals,0,6
2021-04-14,Milwaukee Brewers,Chicago Cubs,7,0
2021-04-14,Kansas City Royals,Los Angeles Angels,6,1
2021-04-14,Minnesota Twins,Boston Red Sox,2,3
2021-04-14,Minnesota Twins,Boston Red Sox,1,7
2021-04-14,San Francisco Giants,Cincinnati Reds,3,0
2021-04-14,Pittsburgh Pirates,San Diego Padres,5,1
2021-04-14,Houston Astros,Detroit Tigers,4,6
2021-04-14,Tampa Bay Rays,Texas Rangers,1,5
2021-04-14,New York Mets,Philadelphia Phillies,5,1
2021-04-14,Atlanta Braves,Miami Marlins,5,6
2021-04-14,Chicago White Sox,Cleveland Indians,8,0
2021-04-14,Los Angeles Dodgers,Colorado Rockies,4,2
2021-04-15,Atlanta Braves,Miami Marlins,7,6
2021-04-15,Pittsburgh Pirates,San Diego Padres,3,8
2021-04-15,Baltimore Orioles,Seattle Mariners,2,4
2021-04-15,Baltimore Orioles,Seattle Mariners,1,2
2021-04-15,Minnesota Twins,Boston Red Sox,4,3
2021-04-15,Chicago White Sox,Cleveland Indians,2,4
2021-04-15,Washington Nationals,Arizona Diamondbacks,6,11
2021-04-15,Tampa Bay Rays,Texas Rangers,4,6
2021-04-15,Kansas City Royals,Toronto Blue Jays,7,5
2021-04-15,Oakland Athletics,Detroit Tigers,8,4
2021-04-15,Los Angeles Dodgers,Colorado Rockies,7,5
2021-04-16,Chicago Cubs,Atlanta Braves,2,5
2021-04-16,Washington Nationals,Arizona Diamondbacks,1,0
2021-04-16,Philadelphia Phillies,St. Louis Cardinals,9,2
2021-04-16,New York Yankees,Tampa Bay Rays,2,8
2021-04-16,Cincinnati Reds,Cleveland Indians,10,3
2021-04-16,Miami Marlins,San Francisco Giants,4,1
2021-04-16,Texas Rangers,Baltimore Orioles,2,5
2021-04-16,Milwaukee Brewers,Pittsburgh Pirates,1,6
2021-04-16,Los Angeles Angels,Minnesota Twins,10,3
2021-04-16,Oakland Athletics,Detroit Tigers,3,0
2021-04-16,San Diego Padres,Los Angeles Dodgers,6,11
2021-04-16,Seattle Mariners,Houston Astros,6,5
2021-04-17,Washington Nationals,Arizona Diamondbacks,6,2
2021-04-17,New York Yankees,Tampa Bay Rays,3,6
2021-04-17,Kansas City Royals,Toronto Blue Jays,1,5
2021-04-17,Kansas City Royals,Toronto Blue Jays,3,2
2021-04-17,Chicago Cubs,Atlanta Braves,13,4
2021-04-17,Philadelphia Phillies,St. Louis Cardinals,4,9
2021-04-17,Boston Red Sox,Chicago White Sox,7,4
2021-04-17,Oakland Athletics,Detroit Tigers,7,0
2021-04-17,Cincinnati Reds,Cleveland Indians,3,2
2021-04-17,Colorado Rockies,New York Mets,3,4
2021-04-17,Colorado Rockies,New York Mets,7,2
2021-04-17,Miami Marlins,San Francisco Giants,7,6
2021-04-17,Texas Rangers,Baltimore Orioles,1,6
2021-04-17,Milwaukee Brewers,Pittsburgh Pirates,7,1
2021-04-17,San Diego Padres,Los Angeles Dodgers,0,2
2021-04-17,Seattle Mariners,Houston Astros,0,1
2021-04-18,Washington Nationals,Arizona Diamondbacks,2,5
2021-04-18,Philadelphia Phillies,St. Louis Cardinals,2,0
2021-04-18,New York Yankees,Tampa Bay Rays,2,4
2021-04-18,Cincinnati Reds,Cleveland Indians,3,6
2021-04-18,Boston Red Sox,Chicago White Sox,2,3
2021-04-18,Boston Red Sox,Chicago White Sox,1,5
2021-04-18,Miami Marlins,San Francisco Giants,0,1
2021-04-18,Kansas City Royals,Toronto Blue Jays,2,0
2021-04-18,Milwaukee Brewers,Pittsburgh Pirates,5,6
2021-04-18,Texas Rangers,Baltimore Orioles,1,0
2021-04-18,Colorado Rockies,New York Mets,1,2
2021-04-18,Oakland Athletics,Detroit Tigers,3,2
2021-04-18,San Diego Padres,Los Angeles Dodgers,5,2
2021-04-18,Seattle Mariners,Houston Astros,7,2
2021-04-18,Chicago Cubs,Atlanta Braves,4,13
2021-04-19,Boston Red Sox,Chicago White Sox,11,4
2021-04-19,Washington Nationals,St. Louis Cardinals,5,12
2021-04-19,Philadelphia Phillies,San Francisco Giants,0,2
2021-04-19,Kansas City Royals,Tampa Bay Rays,1,4
2021-04-19,Los Angeles Angels,Texas Rangers,4,6
2021-04-19,Seattle Mariners,Los Angeles Dodgers,4,3
2021-04-19,San Diego Padres,Milwaukee Brewers,1,3
2021-04-20,Seattle Mariners,Los Angeles Dodgers,0,1
2021-04-20,Cleveland Indians,Chicago White Sox,5,8
2021-04-20,Oakland Athletics,Minnesota Twins,7,0
2021-04-20,Oakland Athletics,Minnesota Twins,1,0
2021-04-20,New York Yankees,Atlanta Braves,3,1
2021-04-20,Cincinnati Reds,Arizona Diamondbacks,4,5
2021-04-20,Miami Marlins,Baltimore Orioles,5,7
2021-04-20,Washington Nationals,St. Louis Cardinals,3,2
2021-04-20,Philadelphia Phillies,San Francisco Giants,7,10
2021-04-20,Boston Red Sox,Toronto Blue Jays,4,2
2021-04-20,Chicago Cubs,New York Mets,3,1
2021-04-20,Kansas City Royals,Tampa Bay Rays,7,14
2021-04-20,Colorado Rockies,Houston Astros,6,2
2021-04-20,Los Angeles Angels,Texas Rangers,6,2
2021-04-20,San Diego Padres,Milwaukee Brewers,0,6
2021-04-21,Philadelphia Phillies,San Francisco Giants,6,5
2021-04-21,Miami Marlins,Baltimore Orioles,3,0
2021-04-21,Detroit Tigers,Pittsburgh Pirates,2,3
2021-04-21,Detroit Tigers,Pittsburgh Pirates,5,2
2021-04-21,Colorado Rockies,Houston Astros,6,3
2021-04-21,Oakland Athletics,Minnesota Twins,13,12
2021-04-21,Washington Nationals,St. Louis Cardinals,1,0
2021-04-21,Los Angeles Angels,Texas Rangers,4,7
2021-04-21,San Diego Padres,Milwaukee Brewers,2,4
2021-04-20,Cincinnati Reds,Arizona Diamondbacks,4,5
2021-04-21,New York Yankees,Atlanta Braves,1,4
2021-04-21,Cincinnati Reds,Arizona Diamondbacks,5,8
2021-04-21,Boston Red Sox,Toronto Blue Jays,3,6
2021-04-21,Chicago Cubs,New York Mets,16,4
2021-04-21,Kansas City Royals,Tampa Bay Rays,9,8
2021-04-22,Cincinnati Reds,Arizona Diamondbacks,11,14
2021-04-22,Detroit Tigers,Pittsburgh Pirates,2,4
2021-04-22,Cleveland Indians,New York Yankees,3,6
2021-04-22,Boston Red Sox,Seattle Mariners,3,7
2021-04-22,Chicago Cubs,New York Mets,4,3
2021-04-22,Houston Astros,Los Angeles Angels,8,2
2021-04-22,San Francisco Giants,Miami Marlins,3,0
2021-04-22,Los Angeles Dodgers,San Diego Padres,2,3
2021-04-23,Chicago Cubs,Milwaukee Brewers,15,2
2021-04-23,Baltimore Orioles,Oakland Athletics,1,3
2021-04-23,Detroit Tigers,Kansas City Royals,2,6
2021-04-23,New York Mets,Washington Nationals,6,0
2021-04-23,Boston Red Sox,Seattle Mariners,6,5
2021-04-23,Tampa Bay Rays,Toronto Blue Jays,3,5
2021-04-23,Cleveland Indians,New York Yankees,3,5
2021-04-23,Atlanta Braves,Arizona Diamondbacks,5,4
2021-04-23,Houston Astros,Los Angeles Angels,5,4
2021-04-23,Minnesota Twins,Pittsburgh Pirates,2,0
2021-04-23,Chicago White Sox,Texas Rangers,9,7
2021-04-23,St. Louis Cardinals,Cincinnati Reds,5,4
2021-04-23,Colorado Rockies,Philadelphia Phillies,5,4
2021-04-23,San Francisco Giants,Miami Marlins,5,3
2021-04-23,Los Angeles Dodgers,San Diego Padres,1,6
2021-04-24,Detroit Tigers,Kansas City Royals,1,2
2021-04-24,Boston Red Sox,Seattle Mariners,2,8
2021-04-24,Minnesota Twins,Pittsburgh Pirates,2,6
2021-04-24,St. Louis Cardinals,Cincinnati Reds,2,0
2021-04-24,Chicago Cubs,Milwaukee Brewers,3,4
2021-04-24,New York Mets,Washington Nationals,1,7
2021-04-24,Houston Astros,Los Angeles Angels,16,2
2021-04-24,Tampa Bay Rays,Toronto Blue Jays,5,3
2021-04-24,Cleveland Indians,New York Yankees,1,2
2021-04-24,Baltimore Orioles,Oakland Athletics,2,7
2021-04-24,Chicago White Sox,Texas Rangers,2,1
2021-04-24,Colorado Rockies,Philadelphia Phillies,5,7
2021-04-24,San Francisco Giants,Miami Marlins,2,5
2021-04-24,Los Angeles Dodgers,San Diego Padres,5,4
2021-04-25,Baltimore Orioles,Oakland Athletics,8,1
2021-04-25,Detroit Tigers,Kansas City Royals,0,4
2021-04-25,New York Mets,Washington Nationals,4,0
2021-04-25,Boston Red Sox,Seattle Mariners,5,3
2021-04-25,Tampa Bay Rays,Toronto Blue Jays,0,1
2021-04-25,Cleveland Indians,New York Yankees,7,3
2021-04-25,Atlanta Braves,Arizona Diamondbacks,0,5
2021-04-25,Atlanta Braves,Arizona Diamondbacks,0,7
2021-04-25,Houston Astros,Los Angeles Angels,2,4
2021-04-25,Minnesota Twins,Pittsburgh Pirates,2,6
2021-04-25,Chicago White Sox,Texas Rangers,8,4
2021-04-25,St. Louis Cardinals,Cincinnati Reds,5,2
2021-04-25,Chicago Cubs,Milwaukee Brewers,0,6
2021-04-25,Colorado Rockies,Philadelphia Phillies,12,2
2021-04-25,San Francisco Giants,Miami Marlins,4,3
2021-04-25,Los Angeles Dodgers,San Diego Padres,7,8
2021-04-26,Detroit Tigers,Kansas City Royals,2,3
2021-04-26,Cleveland Indians,Minnesota Twins,5,3
2021-04-26,Baltimore Orioles,New York Yankees,4,2
2021-04-26,Tampa Bay Rays,Oakland Athletics,1,2
2021-04-26,Atlanta Braves,Chicago Cubs,8,7
2021-04-26,Milwaukee Brewers,Miami Marlins,0,8
2021-04-26,St. Louis Cardinals,Philadelphia Phillies,1,2
2021-04-26,Texas Rangers,Los Angeles Angels,4,9
2021-04-26,Houston Astros,Seattle Mariners,5,2
2021-04-26,San Francisco Giants,Colorado Rockies,12,0
2021-04-26,Los Angeles Dodgers,Cincinnati Reds,3,5
2021-04-27,Cleveland Indians,Minnesota Twins,7,4
2021-04-27,Pittsburgh Pirates,Kansas City Royals,2,1
2021-04-27,Baltimore Orioles,New York Yankees,1,5
2021-04-27,Toronto Blue Jays,Washington Nationals,9,5
2021-04-27,New York Mets,Boston Red Sox,1,2
2021-04-27,Tampa Bay Rays,Oakland Athletics,4,3
2021-04-27,Atlanta Braves,Chicago Cubs,5,0
2021-04-27,Milwaukee Brewers,Miami Marlins,5,4
2021-04-27,St. Louis Cardinals,Philadelphia Phillies,5,2
2021-04-27,Texas Rangers,Los Angeles Angels,6,1
2021-04-27,Houston Astros,Seattle Mariners,2,0
2021-04-27,Chicago White Sox,Detroit Tigers,2,5
2021-04-27,Arizona Diamondbacks,San Diego Padres,5,1
2021-04-27,San Francisco Giants,Colorado Rockies,5,7
2021-04-27,Los Angeles Dodgers,Cincinnati Reds,5,6
2021-04-28,Cleveland Indians,Minnesota Twins,2,10
2021-04-28,Milwaukee Brewers,Miami Marlins,2,6
2021-04-28,Los Angeles Dodgers,Cincinnati Reds,8,0
2021-04-28,Pittsburgh Pirates,Kansas City Royals,6,9
2021-04-28,New York Mets,Boston Red Sox,0,1
2021-04-28,Baltimore Orioles,New York Yankees,0,7
2021-04-28,Toronto Blue Jays,Washington Nationals,2,8
2021-04-28,Tampa Bay Rays,Oakland Athletics,2,0
2021-04-28,Atlanta Braves,Chicago Cubs,10,0
2021-04-28,St. Louis Cardinals,Philadelphia Phillies,3,5
2021-04-28,Texas Rangers,Los Angeles Angels,3,4
2021-04-28,Houston Astros,Seattle Mariners,7,5
2021-04-28,Arizona Diamondbacks,San Diego Padres,3,12
2021-04-28,San Francisco Giants,Colorado Rockies,7,3
2021-04-29,Baltimore Orioles,New York Yankees,4,3
2021-04-29,Tampa Bay Rays,Oakland Athletics,2,3
2021-04-29,St. Louis Cardinals,Philadelphia Phillies,4,3
2021-04-29,Houston Astros,Seattle Mariners,0,1
2021-04-29,Chicago White Sox,Detroit Tigers,3,1
2021-04-29,Chicago White Sox,Detroit Tigers,11,0
2021-04-29,Atlanta Braves,Chicago Cubs,3,9
2021-04-29,Milwaukee Brewers,Los Angeles Dodgers,2,1
2021-04-29,Texas Rangers,Boston Red Sox,4,1
2021-04-29,Arizona Diamondbacks,Colorado Rockies,5,3
2021-04-30,Pittsburgh Pirates,St. Louis Cardinals,3,7
2021-04-30,Philadelphia Phillies,New York Mets,2,1
2021-04-30,Washington Nationals,Miami Marlins,2,1
2021-04-30,New York Yankees,Detroit Tigers,10,0
2021-04-30,Cincinnati Reds,Chicago Cubs,8,6
2021-04-30,Tampa Bay Rays,Houston Astros,2,9
2021-04-30,Toronto Blue Jays,Atlanta Braves,13,5
2021-04-30,Texas Rangers,Boston Red Sox,1,6
2021-04-30,Minnesota Twins,Kansas City Royals,9,1
2021-04-30,Chicago White Sox,Cleveland Indians,3,5
2021-04-30,Milwaukee Brewers,Los Angeles Dodgers,3,1
2021-04-30,Arizona Diamondbacks,Colorado Rockies,7,2
2021-04-30,Oakland Athletics,Baltimore Orioles,2,3
2021-04-30,Seattle Mariners,Los Angeles Angels,7,4
2021-04-30,San Diego Padres,San Francisco Giants,3,2
2021-05-01,Washington Nationals,Miami Marlins,7,2
2021-05-01,New York Yankees,Detroit Tigers,6,4
2021-05-01,Minnesota Twins,Kansas City Royals,3,11
2021-05-01,Chicago White Sox,Cleveland Indians,7,3
2021-05-01,Oakland Athletics,Baltimore Orioles,4,8
2021-05-01,Cincinnati Reds,Chicago Cubs,2,3
2021-05-01,Tampa Bay Rays,Houston Astros,1,3
2021-05-01,Philadelphia Phillies,New York Mets,4,5
2021-05-01,Pittsburgh Pirates,St. Louis Cardinals,5,12
2021-05-01,Texas Rangers,Boston Red Sox,8,6
2021-05-01,Milwaukee Brewers,Los Angeles Dodgers,6,5
2021-05-01,Toronto Blue Jays,Atlanta Braves,6,5
2021-05-01,Arizona Diamondbacks,Colorado Rockies,6,14
2021-05-01,San Diego Padres,San Francisco Giants,6,2
2021-05-01,Seattle Mariners,Los Angeles Angels,5,10
2021-05-02,Pittsburgh Pirates,St. Louis Cardinals,0,3
2021-05-02,Washington Nationals,Miami Marlins,3,1
2021-05-02,New York Yankees,Detroit Tigers,2,0
2021-05-02,Toronto Blue Jays,Atlanta Braves,7,2
2021-05-02,Cincinnati Reds,Chicago Cubs,13,12
2021-05-02,Tampa Bay Rays,Houston Astros,5,4
2021-05-02,Minnesota Twins,Kansas City Royals,13,4
2021-05-02,Chicago White Sox,Cleveland Indians,0,5
2021-05-02,Milwaukee Brewers,Los Angeles Dodgers,4,16
2021-05-02,Texas Rangers,Boston Red Sox,5,3
2021-05-02,Oakland Athletics,Baltimore Orioles,7,5
2021-05-02,Arizona Diamondbacks,Colorado Rockies,8,4
2021-05-02,Seattle Mariners,Los Angeles Angels,2,0
2021-05-02,San Diego Padres,San Francisco Giants,1,7
2021-05-02,Philadelphia Phillies,New York Mets,7,8
2021-05-03,Philadelphia Phillies,Milwaukee Brewers,4,3
2021-05-03,Minnesota Twins,Texas Rangers,6,5
2021-05-03,St. Louis Cardinals,New York Mets,6,5
2021-05-03,Kansas City Royals,Cleveland Indians,6,8
2021-05-03,Los Angeles Angels,Tampa Bay Rays,3,7
2021-05-03,Oakland Athletics,Toronto Blue Jays,5,4
2021-05-03,San Diego Padres,Pittsburgh Pirates,2,0
2021-05-03,Seattle Mariners,Baltimore Orioles,3,5
2021-05-04,Chicago Cubs,Los Angeles Dodgers,7,1
2021-05-04,Chicago Cubs,Los Angeles Dodgers,4,3
2021-05-04,Colorado Rockies,San Francisco Giants,4,12
2021-05-04,Colorado Rockies,San Francisco Giants,8,6
2021-05-04,Cincinnati Reds,Chicago White Sox,0,9
2021-05-04,Miami Marlins,Arizona Diamondbacks,9,3
2021-05-04,Washington Nationals,Atlanta Braves,1,6
2021-05-04,New York Yankees,Houston Astros,7,3
2021-05-04,Philadelphia Phillies,Milwaukee Brewers,6,5
2021-05-04,Boston Red Sox,Detroit Tigers,11,7
2021-05-04,Minnesota Twins,Texas Rangers,3,6
2021-05-04,Kansas City Royals,Cleveland Indians,3,7
2021-05-04,Los Angeles Angels,Tampa Bay Rays,3,8
2021-05-04,Oakland Athletics,Toronto Blue Jays,4,1
2021-05-04,San Diego Padres,Pittsburgh Pirates,1,2
2021-05-04,Seattle Mariners,Baltimore Orioles,5,2
2021-05-05,Cincinnati Reds,Chicago White Sox,1,0
2021-05-05,Colorado Rockies,San Francisco Giants,6,5
2021-05-05,Seattle Mariners,Baltimore Orioles,0,6
2021-05-05,St. Louis Cardinals,New York Mets,4,1
2021-05-05,St. Louis Cardinals,New York Mets,2,7
2021-05-05,Miami Marlins,Arizona Diamondbacks,8,0
2021-05-05,Washington Nationals,Atlanta Braves,3,5
2021-05-05,New York Yankees,Houston Astros,6,3
2021-05-05,Philadelphia Phillies,Milwaukee Brewers,5,4
2021-05-05,Boston Red Sox,Detroit Tigers,5,6
2021-05-05,Chicago Cubs,Los Angeles Dodgers,6,5
2021-05-05,Minnesota Twins,Texas Rangers,1,3
2021-05-05,Kansas City Royals,Cleveland Indians,4,5
2021-05-05,San Diego Padres,Pittsburgh Pirates,4,2
2021-05-05,Los Angeles Angels,Tampa Bay Rays,1,3
2021-05-05,Oakland Athletics,Toronto Blue Jays,4,9
2021-05-06,New York Yankees,Houston Astros,4,7
2021-05-06,Philadelphia Phillies,Milwaukee Brewers,2,0
2021-05-06,Boston Red Sox,Detroit Tigers,12,9
2021-05-06,Minnesota Twins,Texas Rangers,3,4
2021-05-06,St. Louis Cardinals,New York Mets,1,4
2021-05-06,Kansas City Royals,Cleveland Indians,0,4
2021-05-06,Oakland Athletics,Toronto Blue Jays,4,10
2021-05-06,Washington Nationals,Atlanta Braves,2,3
2021-05-06,Miami Marlins,Arizona Diamondbacks,3,1
2021-05-06,Los Angeles Angels,Tampa Bay Rays,3,8
2021-05-07,Chicago Cubs,Pittsburgh Pirates,3,2
2021-05-07,Baltimore Orioles,Boston Red Sox,2,6
2021-05-07,New York Yankees,Washington Nationals,4,11
2021-05-07,Cleveland Indians,Cincinnati Reds,0,3
2021-05-07,New York Mets,Arizona Diamondbacks,5,4
2021-05-07,Detroit Tigers,Minnesota Twins,3,7
2021-05-07,Miami Marlins,Milwaukee Brewers,6,1
2021-05-07,Atlanta Braves,Philadelphia Phillies,2,12
2021-05-07,Texas Rangers,Seattle Mariners,4,5
2021-05-07,Houston Astros,Toronto Blue Jays,10,4
2021-05-07,Kansas City Royals,Chicago White Sox,0,3
2021-05-07,St. Louis Cardinals,Colorado Rockies,5,0
2021-05-07,Los Angeles Angels,Los Angeles Dodgers,9,2
2021-05-07,Oakland Athletics,Tampa Bay Rays,2,1
2021-05-07,San Francisco Giants,San Diego Padres,5,4
2021-05-08,New York Yankees,Washington Nationals,4,3
2021-05-08,St. Louis Cardinals,Colorado Rockies,9,8
2021-05-08,Chicago Cubs,Pittsburgh Pirates,3,2
2021-05-08,San Francisco Giants,San Diego Padres,7,1
2021-05-08,Oakland Athletics,Tampa Bay Rays,6,3
2021-05-08,Detroit Tigers,Minnesota Twins,7,3
2021-05-08,Cleveland Indians,Cincinnati Reds,9,2
2021-05-08,Miami Marlins,Milwaukee Brewers,2,6
2021-05-08,Baltimore Orioles,Boston Red Sox,6,11
2021-05-08,Texas Rangers,Seattle Mariners,9,8
2021-05-08,New York Mets,Arizona Diamondbacks,4,2
2021-05-08,Houston Astros,Toronto Blue Jays,4,8
2021-05-08,Kansas City Royals,Chicago White Sox,1,9
2021-05-08,Atlanta Braves,Philadelphia Phillies,8,7
2021-05-08,Los Angeles Angels,Los Angeles Dodgers,11,14
2021-05-09,Baltimore Orioles,Boston Red Sox,3,4
2021-05-09,New York Yankees,Washington Nationals,3,2
2021-05-09,New York Mets,Arizona Diamondbacks,4,2
2021-05-09,Miami Marlins,Milwaukee Brewers,1,2
2021-05-09,Houston Astros,Toronto Blue Jays,7,4
2021-05-09,Kansas City Royals,Chicago White Sox,3,9
2021-05-09,St. Louis Cardinals,Colorado Rockies,2,0
2021-05-09,Chicago Cubs,Pittsburgh Pirates,5,6
2021-05-09,Texas Rangers,Seattle Mariners,10,2
2021-05-09,San Francisco Giants,San Diego Padres,1,11
2021-05-09,Los Angeles Angels,Los Angeles Dodgers,2,1
2021-05-09,Oakland Athletics,Tampa Bay Rays,3,4
2021-05-09,Atlanta Braves,Philadelphia Phillies,6,1
2021-05-10,Pittsburgh Pirates,Cincinnati Reds,1,14
2021-05-10,Baltimore Orioles,Boston Red Sox,4,1
2021-05-10,Houston Astros,Los Angeles Angels,4,5
2021-05-10,Arizona Diamondbacks,Miami Marlins,5,2
2021-05-10,San Francisco Giants,Texas Rangers,3,1
2021-05-11,San Francisco Giants,Texas Rangers,4,2
2021-05-11,Cleveland Indians,Chicago Cubs,3,2
2021-05-11,Pittsburgh Pirates,Cincinnati Reds,7,2
2021-05-11,Washington Nationals,Philadelphia Phillies,2,6
2021-05-11,Detroit Tigers,Kansas City Royals,8,7
2021-05-11,New York Mets,Baltimore Orioles,3,2
2021-05-11,Boston Red Sox,Oakland Athletics,2,3
2021-05-11,Tampa Bay Rays,New York Yankees,1,3
2021-05-11,Atlanta Braves,Toronto Blue Jays,3,5
2021-05-11,Milwaukee Brewers,St. Louis Cardinals,1,6
2021-05-11,Houston Astros,Los Angeles Angels,5,1
2021-05-11,Chicago White Sox,Minnesota Twins,9,3
2021-05-11,Colorado Rockies,San Diego Padres,1,8
2021-05-11,Arizona Diamondbacks,Miami Marlins,11,3
2021-05-11,Los Angeles Dodgers,Seattle Mariners,6,4
2021-05-12,New York Mets,Baltimore Orioles,7,1
2021-05-12,Pittsburgh Pirates,Cincinnati Reds,1,5
2021-05-12,Cleveland Indians,Chicago Cubs,2,1
2021-05-12,Colorado Rockies,San Diego Padres,3,5
2021-05-12,Colorado Rockies,San Diego Padres,3,2
2021-05-12,Washington Nationals,Philadelphia Phillies,2,5
2021-05-12,Detroit Tigers,Kansas City Royals,4,2
2021-05-12,Boston Red Sox,Oakland Athletics,1,4
2021-05-12,Tampa Bay Rays,New York Yankees,0,1
2021-05-12,Atlanta Braves,Toronto Blue Jays,1,4
2021-05-12,Milwaukee Brewers,St. Louis Cardinals,4,1
2021-05-12,Houston Astros,Los Angeles Angels,9,1
2021-05-12,Chicago White Sox,Minnesota Twins,13,8
2021-05-12,Arizona Diamondbacks,Miami Marlins,2,3
2021-05-12,Los Angeles Dodgers,Seattle Mariners,7,1
2021-05-13,Atlanta Braves,Toronto Blue Jays,4,8
2021-05-13,Washington Nationals,Philadelphia Phillies,5,1
2021-05-13,Detroit Tigers,Kansas City Royals,4,3
2021-05-13,Milwaukee Brewers,St. Louis Cardinals,0,2
2021-05-13,Chicago White Sox,Minnesota Twins,4,2
2021-05-13,Pittsburgh Pirates,San Francisco Giants,1,3
2021-05-13,Boston Red Sox,Oakland Athletics,8,1
2021-05-13,Tampa Bay Rays,New York Yankees,9,1
2021-05-13,Houston Astros,Texas Rangers,4,3
2021-05-13,Colorado Rockies,Cincinnati Reds,13,8
2021-05-13,Arizona Diamondbacks,Miami Marlins,1,5
2021-05-13,Seattle Mariners,Cleveland Indians,2,4
2021-05-14,Chicago White Sox,Kansas City Royals,2,6
2021-05-14,Chicago White Sox,Kansas City Royals,3,1
2021-05-14,Pittsburgh Pirates,San Francisco Giants,3,2
2021-05-14,Baltimore Orioles,New York Yankees,4,5
2021-05-14,Boston Red Sox,Los Angeles Angels,4,3
2021-05-14,Detroit Tigers,Chicago Cubs,2,4
2021-05-14,Tampa Bay Rays,New York Mets,3,2
2021-05-14,Toronto Blue Jays,Philadelphia Phillies,1,5
2021-05-14,Houston Astros,Texas Rangers,10,4
2021-05-14,Minnesota Twins,Oakland Athletics,1,6
2021-05-14,Milwaukee Brewers,Atlanta Braves,3,6
2021-05-14,Colorado Rockies,Cincinnati Reds,9,6
2021-05-14,Arizona Diamondbacks,Washington Nationals,2,17
2021-05-14,Seattle Mariners,Cleveland Indians,7,3
2021-05-14,San Diego Padres,St. Louis Cardinals,5,4
2021-05-14,Los Angeles Dodgers,Miami Marlins,9,6
2021-05-15,Tampa Bay Rays,New York Mets,12,5
2021-05-15,Minnesota Twins,Oakland Athletics,5,4
2021-05-15,Boston Red Sox,Los Angeles Angels,9,0
2021-05-15,Detroit Tigers,Chicago Cubs,9,8
2021-05-15,Pittsburgh Pirates,San Francisco Giants,8,6
2021-05-15,Baltimore Orioles,New York Yankees,2,8
2021-05-15,Houston Astros,Texas Rangers,6,5
2021-05-15,Chicago White Sox,Kansas City Royals,1,5
2021-05-15,Milwaukee Brewers,Atlanta Braves,1,5
2021-05-15,Toronto Blue Jays,Philadelphia Phillies,4,0
2021-05-15,Colorado Rockies,Cincinnati Reds,5,6
2021-05-15,Arizona Diamondbacks,Washington Nationals,11,4
2021-05-15,San Diego Padres,St. Louis Cardinals,13,3
2021-05-15,Seattle Mariners,Cleveland Indians,7,3
2021-05-15,Los Angeles Dodgers,Miami Marlins,7,0
2021-05-16,Pittsburgh Pirates,San Francisco Giants,1,4
2021-05-16,Baltimore Orioles,New York Yankees,10,6
2021-05-16,Toronto Blue Jays,Philadelphia Phillies,10,8
2021-05-16,Boston Red Sox,Los Angeles Angels,5,6
2021-05-16,Detroit Tigers,Chicago Cubs,1,5
2021-05-16,Tampa Bay Rays,New York Mets,7,1
2021-05-16,Houston Astros,Texas Rangers,6,2
2021-05-16,Minnesota Twins,Oakland Athletics,6,7
2021-05-16,Chicago White Sox,Kansas City Royals,4,3
2021-05-16,Milwaukee Brewers,Atlanta Braves,10,9
2021-05-16,Colorado Rockies,Cincinnati Reds,6,7
2021-05-16,Arizona Diamondbacks,Washington Nationals,0,3
2021-05-16,Seattle Mariners,Cleveland Indians,3,2
2021-05-16,Los Angeles Dodgers,Miami Marlins,2,3
2021-05-16,San Diego Padres,St. Louis Cardinals,5,3
2021-05-17,Cincinnati Reds,San Francisco Giants,3,6
2021-05-17,Atlanta Braves,New York Mets,1,3
2021-05-17,Chicago Cubs,Washington Nationals,7,3
2021-05-17,Minnesota Twins,Chicago White Sox,4,16
2021-05-17,Texas Rangers,New York Yankees,5,2
2021-05-17,Los Angeles Angels,Cleveland Indians,7,4
2021-05-17,Los Angeles Dodgers,Arizona Diamondbacks,3,1
2021-05-17,San Diego Padres,Colorado Rockies,7,0
2021-05-17,Seattle Mariners,Detroit Tigers,1,4
2021-05-18,Cincinnati Reds,San Francisco Giants,2,4
2021-05-18,Baltimore Orioles,Tampa Bay Rays,6,13
2021-05-18,Philadelphia Phillies,Miami Marlins,8,3
2021-05-18,Atlanta Braves,New York Mets,3,4
2021-05-18,Toronto Blue Jays,Boston Red Sox,8,0
2021-05-18,Chicago Cubs,Washington Nationals,6,3
2021-05-18,Minnesota Twins,Chicago White Sox,5,4
2021-05-18,St. Louis Cardinals,Pittsburgh Pirates,5,2
2021-05-18,Texas Rangers,New York Yankees,4,7
2021-05-18,Kansas City Royals,Milwaukee Brewers,2,0
2021-05-18,Los Angeles Angels,Cleveland Indians,5,6
2021-05-18,Oakland Athletics,Houston Astros,6,5
2021-05-18,Los Angeles Dodgers,Arizona Diamondbacks,9,1
2021-05-18,San Diego Padres,Colorado Rockies,2,1
2021-05-18,Seattle Mariners,Detroit Tigers,0,5
2021-05-19,Minnesota Twins,Chicago White Sox,1,2
2021-05-19,San Diego Padres,Colorado Rockies,3,0
2021-05-19,Cincinnati Reds,San Francisco Giants,0,4
2021-05-19,Baltimore Orioles,Tampa Bay Rays,7,9
2021-05-19,Philadelphia Phillies,Miami Marlins,1,3
2021-05-19,Atlanta Braves,New York Mets,5,4
2021-05-19,Toronto Blue Jays,Boston Red Sox,3,7
2021-05-19,Chicago Cubs,Washington Nationals,3,4
2021-05-19,St. Louis Cardinals,Pittsburgh Pirates,8,5
2021-05-19,Texas Rangers,New York Yankees,0,2
2021-05-19,Los Angeles Angels,Cleveland Indians,2,3
2021-05-19,Kansas City Royals,Milwaukee Brewers,6,4
2021-05-19,Oakland Athletics,Houston Astros,1,8
2021-05-19,Los Angeles Dodgers,Arizona Diamondbacks,4,2
2021-05-19,Seattle Mariners,Detroit Tigers,2,6
2021-05-20,Cincinnati Reds,San Francisco Giants,4,19
2021-05-20,Baltimore Orioles,Tampa Bay Rays,1,10
2021-05-20,Texas Rangers,New York Yankees,0,2
2021-05-20,Chicago Cubs,Washington Nationals,5,2
2021-05-20,Oakland Athletics,Houston Astros,4,8
2021-05-20,Los Angeles Angels,Minnesota Twins,7,1
2021-05-20,Los Angeles Angels,Minnesota Twins,3,6
2021-05-20,Philadelphia Phillies,Miami Marlins,0,6
2021-05-20,Atlanta Braves,Pittsburgh Pirates,4,6
2021-05-20,Toronto Blue Jays,Boston Red Sox,7,8
2021-05-20,Los Angeles Dodgers,Arizona Diamondbacks,3,2
2021-05-21,Washington Nationals,Baltimore Orioles,4,2
2021-05-21,Philadelphia Phillies,Boston Red Sox,3,11
2021-05-21,New York Yankees,Chicago White Sox,2,1
2021-05-21,Cleveland Indians,Minnesota Twins,0,10
2021-05-21,Miami Marlins,New York Mets,5,6
2021-05-21,Cincinnati Reds,Milwaukee Brewers,9,4
2021-05-21,Atlanta Braves,Pittsburgh Pirates,20,1
2021-05-21,Toronto Blue Jays,Tampa Bay Rays,7,9
2021-05-21,Texas Rangers,Houston Astros,7,5
2021-05-21,Kansas City Royals,Detroit Tigers,5,7
2021-05-21,St. Louis Cardinals,Chicago Cubs,3,12
2021-05-21,Colorado Rockies,Arizona Diamondbacks,7,1
2021-05-21,Los Angeles Angels,Oakland Athletics,4,8
2021-05-21,San Francisco Giants,Los Angeles Dodgers,1,2
2021-05-21,San Diego Padres,Seattle Mariners,16,1
2021-05-22,New York Yankees,Chicago White Sox,7,0
2021-05-22,Colorado Rockies,Arizona Diamondbacks,7,6
2021-05-22,Washington Nationals,Baltimore Orioles,12,9
2021-05-22,Texas Rangers,Houston Astros,8,4
2021-05-22,Kansas City Royals,Detroit Tigers,7,5
2021-05-22,Cleveland Indians,Minnesota Twins,5,3
2021-05-22,Atlanta Braves,Pittsburgh Pirates,6,1
2021-05-22,Miami Marlins,New York Mets,3,1
2021-05-22,Cincinnati Reds,Milwaukee Brewers,3,4
2021-05-22,San Francisco Giants,Los Angeles Dodgers,3,6
2021-05-22,St. Louis Cardinals,Chicago Cubs,2,1
2021-05-22,Philadelphia Phillies,Boston Red Sox,3,4
2021-05-22,Toronto Blue Jays,Tampa Bay Rays,1,3
2021-05-22,San Diego Padres,Seattle Mariners,6,4
2021-05-22,Los Angeles Angels,Oakland Athletics,2,6
2021-05-23,Washington Nationals,Baltimore Orioles,6,5
2021-05-23,Philadelphia Phillies,Boston Red Sox,6,2
2021-05-23,New York Yankees,Chicago White Sox,5,4
2021-05-23,Toronto Blue Jays,Tampa Bay Rays,4,6
2021-05-23,Cleveland Indians,Minnesota Twins,5,8
2021-05-23,Miami Marlins,New York Mets,5,1
2021-05-23,Cincinnati Reds,Milwaukee Brewers,4,9
2021-05-23,Atlanta Braves,Pittsburgh Pirates,7,1
2021-05-23,Kansas City Royals,Detroit Tigers,3,2
2021-05-23,Texas Rangers,Houston Astros,3,2
2021-05-23,Colorado Rockies,Arizona Diamondbacks,4,3
2021-05-23,San Francisco Giants,Los Angeles Dodgers,5,11
2021-05-23,Los Angeles Angels,Oakland Athletics,6,5
2021-05-23,San Diego Padres,Seattle Mariners,9,2
2021-05-23,St. Louis Cardinals,Chicago Cubs,1,2
2021-05-24,Toronto Blue Jays,Tampa Bay Rays,8,14
2021-05-24,Miami Marlins,Philadelphia Phillies,9,6
2021-05-24,Detroit Tigers,Cleveland Indians,5,6
2021-05-24,New York Mets,Colorado Rockies,2,3
2021-05-24,Minnesota Twins,Baltimore Orioles,8,3
2021-05-24,Milwaukee Brewers,San Diego Padres,5,3
2021-05-24,Chicago White Sox,St. Louis Cardinals,5,1
2021-05-24,Oakland Athletics,Seattle Mariners,2,4
2021-05-25,Pittsburgh Pirates,Chicago Cubs,3,4
2021-05-25,Miami Marlins,Philadelphia Phillies,0,2
2021-05-25,Washington Nationals,Cincinnati Reds,1,2
2021-05-25,New York Yankees,Toronto Blue Jays,2,6
2021-05-25,Detroit Tigers,Cleveland Indians,1,4
2021-05-25,New York Mets,Colorado Rockies,3,1
2021-05-25,Tampa Bay Rays,Kansas City Royals,1,2
2021-05-25,Boston Red Sox,Atlanta Braves,1,3
2021-05-25,Minnesota Twins,Baltimore Orioles,7,4
2021-05-25,Milwaukee Brewers,San Diego Padres,1,7
2021-05-25,Houston Astros,Los Angeles Dodgers,2,9
2021-05-25,Chicago White Sox,St. Louis Cardinals,8,3
2021-05-25,Los Angeles Angels,Texas Rangers,11,5
2021-05-25,Oakland Athletics,Seattle Mariners,3,4
2021-05-25,Arizona Diamondbacks,San Francisco Giants,0,8
2021-05-26,Minnesota Twins,Baltimore Orioles,3,2
2021-05-26,Chicago White Sox,St. Louis Cardinals,0,4
2021-05-26,Oakland Athletics,Seattle Mariners,6,3
2021-05-26,Los Angeles Angels,Texas Rangers,9,8
2021-05-26,Pittsburgh Pirates,Chicago Cubs,1,4
2021-05-26,Miami Marlins,Philadelphia Phillies,4,2
2021-05-26,Washington Nationals,Cincinnati Reds,5,3
2021-05-26,Detroit Tigers,Cleveland Indians,1,0
2021-05-26,Tampa Bay Rays,Kansas City Royals,2,1
2021-05-26,Boston Red Sox,Atlanta Braves,9,5
2021-05-26,Houston Astros,Los Angeles Dodgers,5,2
2021-05-26,Milwaukee Brewers,San Diego Padres,1,2
2021-05-26,Arizona Diamondbacks,San Francisco Giants,4,5
2021-05-27,New York Mets,Colorado Rockies,1,0
2021-05-27,New York Mets,Colorado Rockies,4,2
2021-05-27,Miami Marlins,Philadelphia Phillies,2,3
2021-05-27,Pittsburgh Pirates,Chicago Cubs,3,5
2021-05-27,Detroit Tigers,Cleveland Indians,2,5
2021-05-27,Milwaukee Brewers,San Diego Padres,6,5
2021-05-26,Washington Nationals,Cincinnati Reds,5,3
2021-05-27,Tampa Bay Rays,Kansas City Royals,7,2
2021-05-27,New York Yankees,Toronto Blue Jays,0,2
2021-05-27,New York Yankees,Toronto Blue Jays,5,3
2021-05-27,Washington Nationals,Cincinnati Reds,0,3
2021-05-27,Chicago White Sox,Baltimore Orioles,5,1
2021-05-27,Oakland Athletics,Los Angeles Angels,5,0
2021-05-27,Arizona Diamondbacks,St. Louis Cardinals,4,5
2021-05-27,Los Angeles Dodgers,San Francisco Giants,4,3
2021-05-27,Seattle Mariners,Texas Rangers,5,0
2021-05-28,Chicago Cubs,Cincinnati Reds,1,0
2021-05-28,Cleveland Indians,Toronto Blue Jays,2,11
2021-05-28,Boston Red Sox,Miami Marlins,5,2
2021-05-28,Detroit Tigers,New York Yankees,3,2
2021-05-28,Houston Astros,San Diego Padres,3,10
2021-05-28,Minnesota Twins,Kansas City Royals,3,8
2021-05-28,Oakland Athletics,Los Angeles Angels,3,1
2021-05-28,Arizona Diamondbacks,St. Louis Cardinals,6,8
2021-05-28,Los Angeles Dodgers,San Francisco Giants,5,8
2021-05-28,Seattle Mariners,Texas Rangers,3,2
2021-05-29,Pittsburgh Pirates,Colorado Rockies,7,0
2021-05-29,Pittsburgh Pirates,Colorado Rockies,4,0
2021-05-29,Tampa Bay Rays,Philadelphia Phillies,5,3
2021-05-29,Washington Nationals,Milwaukee Brewers,1,4
2021-05-29,Washington Nationals,Milwaukee Brewers,2,6
2021-05-29,Minnesota Twins,Kansas City Royals,6,5
2021-05-29,Chicago White Sox,Baltimore Orioles,7,4
2021-05-29,Chicago White Sox,Baltimore Orioles,3,1
2021-05-29,Chicago Cubs,Cincinnati Reds,10,2
2021-05-29,Oakland Athletics,Los Angeles Angels,0,4
2021-05-29,Houston Astros,San Diego Padres,8,11
2021-05-29,Boston Red Sox,Miami Marlins,3,1
2021-05-29,Detroit Tigers,New York Yankees,6,1
2021-05-29,Los Angeles Dodgers,San Francisco Giants,6,11
2021-05-29,New York Mets,Atlanta Braves,13,2
2021-05-29,Arizona Diamondbacks,St. Louis Cardinals,4,7
2021-05-29,Seattle Mariners,Texas Rangers,3,2
2021-05-30,Pittsburgh Pirates,Colorado Rockies,3,4
2021-05-30,Washington Nationals,Milwaukee Brewers,0,3
2021-05-30,Cleveland Indians,Toronto Blue Jays,1,4
2021-05-30,Cleveland Indians,Toronto Blue Jays,6,5
2021-05-30,Tampa Bay Rays,Philadelphia Phillies,6,2
2021-05-30,Detroit Tigers,New York Yankees,6,2
2021-05-30,Houston Astros,San Diego Padres,7,4
2021-05-30,Minnesota Twins,Kansas City Royals,3,6
2021-05-30,Chicago White Sox,Baltimore Orioles,3,1
2021-05-30,Chicago Cubs,Cincinnati Reds,1,5
2021-05-30,Oakland Athletics,Los Angeles Angels,2,4
2021-05-30,Los Angeles Dodgers,San Francisco Giants,4,5
2021-05-30,Arizona Diamondbacks,St. Louis Cardinals,9,2
2021-05-30,Seattle Mariners,Texas Rangers,4,2
2021-05-31,Baltimore Orioles,Minnesota Twins,2,3
2021-05-31,New York Yankees,Tampa Bay Rays,1,3
2021-05-31,Cincinnati Reds,Philadelphia Phillies,11,1
2021-05-31,Milwaukee Brewers,Detroit Tigers,3,2
2021-05-31,Chicago Cubs,San Diego Padres,7,2
2021-05-31,Cleveland Indians,Chicago White Sox,6,8
2021-05-31,Cleveland Indians,Chicago White Sox,3,1
2021-05-31,San Francisco Giants,Los Angeles Angels,6,1
2021-05-31,Houston Astros,Boston Red Sox,11,2
2021-05-31,Seattle Mariners,Oakland Athletics,6,5
2021-05-31,Atlanta Braves,Washington Nationals,5,3
2021-05-31,Kansas City Royals,Pittsburgh Pirates,7,3
2021-05-31,Los Angeles Dodgers,St. Louis Cardinals,9,4
2021-05-31,Arizona Diamondbacks,New York Mets,2,6
2021-06-01,Cleveland Indians,Chicago White Sox,6,5
2021-06-01,Baltimore Orioles,Minnesota Twins,7,4
2021-06-01,New York Yankees,Tampa Bay Rays,5,3
2021-06-01,Toronto Blue Jays,Miami Marlins,5,1
2021-06-01,Cincinnati Reds,Philadelphia Phillies,3,17
2021-06-01,Atlanta Braves,Washington Nationals,6,11
2021-06-01,Milwaukee Brewers,Detroit Tigers,7,10
2021-06-01,Chicago Cubs,San Diego Padres,4,3
2021-06-01,Houston Astros,Boston Red Sox,5,1
2021-06-01,Kansas City Royals,Pittsburgh Pirates,10,5
2021-06-01,Colorado Rockies,Texas Rangers,3,2
2021-06-01,Arizona Diamondbacks,New York Mets,6,5
2021-06-01,San Francisco Giants,Los Angeles Angels,1,8
2021-06-01,Seattle Mariners,Oakland Athletics,6,12
2021-06-01,Los Angeles Dodgers,St. Louis Cardinals,2,3
2021-06-02,Chicago Cubs,San Diego Padres,6,1
2021-06-02,Arizona Diamondbacks,New York Mets,6,7
2021-06-02,Baltimore Orioles,Minnesota Twins,6,3
2021-06-02,New York Yankees,Tampa Bay Rays,4,3
2021-06-02,Toronto Blue Jays,Miami Marlins,6,5
2021-06-02,Atlanta Braves,Washington Nationals,3,5
2021-06-02,Houston Astros,Boston Red Sox,2,1
2021-06-02,Colorado Rockies,Texas Rangers,6,3
2021-06-02,Los Angeles Dodgers,St. Louis Cardinals,14,3
2021-06-02,Seattle Mariners,Oakland Athletics,0,6
2021-06-03,Atlanta Braves,Washington Nationals,5,1
2021-06-03,New York Yankees,Tampa Bay Rays,2,9
2021-06-03,Houston Astros,Boston Red Sox,1,5
2021-06-03,Colorado Rockies,Texas Rangers,11,6
2021-06-03,Pittsburgh Pirates,Miami Marlins,5,3
2021-06-03,Milwaukee Brewers,Arizona Diamondbacks,7,4
2021-06-03,Kansas City Royals,Minnesota Twins,6,5
2021-06-03,Chicago White Sox,Detroit Tigers,4,1
2021-06-03,St. Louis Cardinals,Cincinnati Reds,2,4
2021-06-03,Los Angeles Angels,Seattle Mariners,2,6
2021-06-03,San Francisco Giants,Chicago Cubs,7,2
2021-06-03,San Diego Padres,New York Mets,4,3
2021-06-04,Baltimore Orioles,Cleveland Indians,3,1
2021-06-04,Philadelphia Phillies,Washington Nationals,1,2
2021-06-04,Pittsburgh Pirates,Miami Marlins,9,2
2021-06-04,New York Yankees,Boston Red Sox,2,5
2021-06-04,Toronto Blue Jays,Houston Astros,1,13
2021-06-04,Atlanta Braves,Los Angeles Dodgers,5,9
2021-06-04,Texas Rangers,Tampa Bay Rays,5,4
2021-06-04,Kansas City Royals,Minnesota Twins,14,5
2021-06-04,Chicago White Sox,Detroit Tigers,9,8
2021-06-04,Milwaukee Brewers,Arizona Diamondbacks,5,1
2021-06-04,St. Louis Cardinals,Cincinnati Reds,4,6
2021-06-04,Colorado Rockies,Oakland Athletics,5,9
2021-06-04,Los Angeles Angels,Seattle Mariners,3,2
2021-06-04,San Francisco Giants,Chicago Cubs,8,5
2021-06-04,San Diego Padres,New York Mets,2,0
2021-06-05,Chicago White Sox,Detroit Tigers,3,4
2021-06-05,St. Louis Cardinals,Cincinnati Reds,2,5
2021-06-05,Toronto Blue Jays,Houston Astros,6,2
2021-06-05,Baltimore Orioles,Cleveland Indians,4,10
2021-06-05,Texas Rangers,Tampa Bay Rays,0,3
2021-06-05,Philadelphia Phillies,Washington Nationals,5,2
2021-06-05,Pittsburgh Pirates,Miami Marlins,8,7
2021-06-05,Kansas City Royals,Minnesota Twins,4,5
2021-06-05,Milwaukee Brewers,Arizona Diamondbacks,7,5
2021-06-05,San Francisco Giants,Chicago Cubs,4,3
2021-06-05,Atlanta Braves,Los Angeles Dodgers,6,4
2021-06-05,New York Yankees,Boston Red Sox,3,7
2021-06-05,Colorado Rockies,Oakland Athletics,3,6
2021-06-05,Los Angeles Angels,Seattle Mariners,12,5
2021-06-05,San Diego Padres,New York Mets,0,4
2021-06-06,Baltimore Orioles,Cleveland Indians,18,5
2021-06-06,Philadelphia Phillies,Washington Nationals,12,6
2021-06-06,Pittsburgh Pirates,Miami Marlins,1,3
2021-06-06,Toronto Blue Jays,Houston Astros,3,6
2021-06-06,Atlanta Braves,Los Angeles Dodgers,4,2
2021-06-06,Kansas City Royals,Minnesota Twins,1,2
2021-06-06,Chicago White Sox,Detroit Tigers,3,0
2021-06-06,Milwaukee Brewers,Arizona Diamondbacks,2,0
2021-06-06,St. Louis Cardinals,Cincinnati Reds,7,8
2021-06-06,Texas Rangers,Tampa Bay Rays,1,7
2021-06-06,Colorado Rockies,Oakland Athletics,3,1
2021-06-06,San Francisco Giants,Chicago Cubs,3,4
2021-06-06,Los Angeles Angels,Seattle Mariners,5,9
2021-06-06,San Diego Padres,New York Mets,2,6
2021-06-06,New York Yankees,Boston Red Sox,5,6
2021-06-07,Boston Red Sox,Miami Marlins,5,3
2021-06-07,Los Angeles Angels,Kansas City Royals,8,3
2021-06-07,San Diego Padres,Chicago Cubs,9,4
2021-06-08,Baltimore Orioles,New York Mets,10,3
2021-06-08,Pittsburgh Pirates,Los Angeles Dodgers,3,5
2021-06-08,Philadelphia Phillies,Atlanta Braves,5,9
2021-06-08,Boston Red Sox,Houston Astros,1,7
2021-06-08,Detroit Tigers,Seattle Mariners,5,3
2021-06-08,Tampa Bay Rays,Washington Nationals,3,1
2021-06-08,Miami Marlins,Colorado Rockies,6,2
2021-06-08,Cincinnati Reds,Milwaukee Brewers,1,5
2021-06-08,Texas Rangers,San Francisco Giants,4,9
2021-06-08,Chicago White Sox,Toronto Blue Jays,6,1
2021-06-08,Minnesota Twins,New York Yankees,4,8
2021-06-08,St. Louis Cardinals,Cleveland Indians,1,10
2021-06-08,Los Angeles Angels,Kansas City Royals,8,1
2021-06-08,Oakland Athletics,Arizona Diamondbacks,5,2
2021-06-08,San Diego Padres,Chicago Cubs,1,7
2021-06-09,Texas Rangers,San Francisco Giants,4,3
2021-06-09,Oakland Athletics,Arizona Diamondbacks,4,0
2021-06-09,San Diego Padres,Chicago Cubs,1,3
2021-06-09,Baltimore Orioles,New York Mets,1,14
2021-06-09,Pittsburgh Pirates,Los Angeles Dodgers,1,2
2021-06-09,Philadelphia Phillies,Atlanta Braves,2,1
2021-06-09,Boston Red Sox,Houston Astros,3,8
2021-06-09,Detroit Tigers,Seattle Mariners,6,9
2021-06-09,Tampa Bay Rays,Washington Nationals,7,9
2021-06-09,Miami Marlins,Colorado Rockies,3,4
2021-06-09,Cincinnati Reds,Milwaukee Brewers,7,3
2021-06-09,Chicago White Sox,Toronto Blue Jays,2,6
2021-06-09,Minnesota Twins,New York Yankees,6,9
2021-06-09,St. Louis Cardinals,Cleveland Indians,8,2
2021-06-09,Los Angeles Angels,Kansas City Royals,6,1
2021-06-10,Pittsburgh Pirates,Los Angeles Dodgers,3,6
2021-06-10,Cincinnati Reds,Milwaukee Brewers,2,7
2021-06-10,Philadelphia Phillies,Atlanta Braves,4,3
2021-06-10,Detroit Tigers,Seattle Mariners,8,3
2021-06-10,Boston Red Sox,Houston Astros,12,8
2021-06-10,Miami Marlins,Colorado Rockies,11,4
2021-06-10,Chicago White Sox,Toronto Blue Jays,5,2
2021-06-10,Minnesota Twins,New York Yankees,7,5
2021-06-10,Oakland Athletics,Kansas City Royals,1,6
2021-06-11,Chicago Cubs,St. Louis Cardinals,8,5
2021-06-11,Washington Nationals,San Francisco Giants,0,1
2021-06-11,Cincinnati Reds,Colorado Rockies,11,5
2021-06-11,New York Mets,San Diego Padres,3,2
2021-06-11,Cleveland Indians,Seattle Mariners,7,0
2021-06-11,Tampa Bay Rays,Baltimore Orioles,4,2
2021-06-11,Boston Red Sox,Toronto Blue Jays,6,5
2021-06-11,Detroit Tigers,Chicago White Sox,4,5
2021-06-11,Miami Marlins,Atlanta Braves,4,3
2021-06-11,Minnesota Twins,Houston Astros,4,6
2021-06-11,Milwaukee Brewers,Pittsburgh Pirates,7,4
2021-06-11,Arizona Diamondbacks,Los Angeles Angels,5,6
2021-06-11,Oakland Athletics,Kansas City Royals,4,3
2021-06-11,Los Angeles Dodgers,Texas Rangers,12,1
2021-06-12,Washington Nationals,San Francisco Giants,2,0
2021-06-12,Washington Nationals,San Francisco Giants,1,2
2021-06-12,Philadelphia Phillies,New York Yankees,8,7
2021-06-12,Oakland Athletics,Kansas City Royals,11,2
2021-06-12,Arizona Diamondbacks,Los Angeles Angels,7,8
2021-06-12,Cincinnati Reds,Colorado Rockies,10,3
2021-06-12,New York Mets,San Diego Padres,4,1
2021-06-12,Cleveland Indians,Seattle Mariners,5,4
2021-06-12,Tampa Bay Rays,Baltimore Orioles,5,4
2021-06-12,Boston Red Sox,Toronto Blue Jays,2,7
2021-06-12,Detroit Tigers,Chicago White Sox,2,15
2021-06-12,Miami Marlins,Atlanta Braves,4,2
2021-06-12,Milwaukee Brewers,Pittsburgh Pirates,7,4
2021-06-12,Chicago Cubs,St. Louis Cardinals,7,2
2021-06-12,Minnesota Twins,Houston Astros,5,2
2021-06-12,Los Angeles Dodgers,Texas Rangers,1,12
2021-06-13,Washington Nationals,San Francisco Giants,5,0
2021-06-13,Philadelphia Phillies,New York Yankees,7,0
2021-06-13,Cincinnati Reds,Colorado Rockies,6,2
2021-06-13,New York Mets,San Diego Padres,3,7
2021-06-13,Cleveland Indians,Seattle Mariners,2,6
2021-06-13,Tampa Bay Rays,Baltimore Orioles,7,1
2021-06-13,Boston Red Sox,Toronto Blue Jays,4,18
2021-06-13,Detroit Tigers,Chicago White Sox,1,4
2021-06-13,Miami Marlins,Atlanta Braves,4,6
2021-06-13,Minnesota Twins,Houston Astros,3,14
2021-06-13,Milwaukee Brewers,Pittsburgh Pirates,5,2
2021-06-13,Oakland Athletics,Kansas City Royals,6,3
2021-06-13,Arizona Diamondbacks,Los Angeles Angels,3,10
2021-06-13,Los Angeles Dodgers,Texas Rangers,5,3
2021-06-13,Chicago Cubs,St. Louis Cardinals,2,0
2021-06-14,Washington Nationals,Pittsburgh Pirates,3,2
2021-06-14,Cleveland Indians,Baltimore Orioles,4,3
2021-06-14,New York Mets,Chicago Cubs,5,2
2021-06-14,Boston Red Sox,Toronto Blue Jays,2,1
2021-06-14,Kansas City Royals,Detroit Tigers,3,10
2021-06-14,Chicago White Sox,Tampa Bay Rays,2,5
2021-06-14,Milwaukee Brewers,Cincinnati Reds,2,10
2021-06-14,St. Louis Cardinals,Miami Marlins,4,2
2021-06-14,Colorado Rockies,San Diego Padres,3,2
2021-06-14,Oakland Athletics,Los Angeles Angels,8,5
2021-06-14,San Francisco Giants,Arizona Diamondbacks,5,2
2021-06-14,Seattle Mariners,Minnesota Twins,4,3
2021-06-14,Los Angeles Dodgers,Philadelphia Phillies,3,1
2021-06-15,Washington Nationals,Pittsburgh Pirates,8,1
2021-06-15,Toronto Blue Jays,New York Yankees,5,6
2021-06-15,Cleveland Indians,Baltimore Orioles,7,2
2021-06-15,New York Mets,Chicago Cubs,3,2
2021-06-15,Atlanta Braves,Boston Red Sox,8,10
2021-06-15,Kansas City Royals,Detroit Tigers,3,4
2021-06-15,Houston Astros,Texas Rangers,6,3
2021-06-15,Chicago White Sox,Tampa Bay Rays,3,0
2021-06-15,Milwaukee Brewers,Cincinnati Reds,1,2
2021-06-15,St. Louis Cardinals,Miami Marlins,2,1
2021-06-15,Colorado Rockies,San Diego Padres,8,4
2021-06-15,Oakland Athletics,Los Angeles Angels,6,4
2021-06-15,San Francisco Giants,Arizona Diamondbacks,9,8
2021-06-15,Seattle Mariners,Minnesota Twins,10,0
2021-06-15,Los Angeles Dodgers,Philadelphia Phillies,5,3
2021-06-16,St. Louis Cardinals,Miami Marlins,1,0
2021-06-16,Kansas City Royals,Detroit Tigers,5,6
2021-06-16,Chicago White Sox,Tampa Bay Rays,8,7
2021-06-16,Milwaukee Brewers,Cincinnati Reds,1,2
2021-06-16,Colorado Rockies,San Diego Padres,8,7
2021-06-16,Oakland Athletics,Los Angeles Angels,8,4
2021-06-16,Washington Nationals,Pittsburgh Pirates,3,1
2021-06-16,Toronto Blue Jays,New York Yankees,2,3
2021-06-16,Cleveland Indians,Baltimore Orioles,8,7
2021-06-16,New York Mets,Chicago Cubs,6,3
2021-06-16,Atlanta Braves,Boston Red Sox,8,10
2021-06-16,Houston Astros,Texas Rangers,8,4
2021-06-16,San Francisco Giants,Arizona Diamondbacks,13,7
2021-06-16,Seattle Mariners,Minnesota Twins,2,7
2021-06-16,Los Angeles Dodgers,Philadelphia Phillies,0,2
2021-06-17,Cleveland Indians,Baltimore Orioles,10,3
2021-06-17,San Francisco Giants,Arizona Diamondbacks,10,3
2021-06-17,Toronto Blue Jays,New York Yankees,4,8
2021-06-17,New York Mets,Chicago Cubs,0,2
2021-06-17,Atlanta Braves,St. Louis Cardinals,4,0
2021-06-17,Houston Astros,Chicago White Sox,10,2
2021-06-17,San Diego Padres,Cincinnati Reds,6,4
2021-06-17,Colorado Rockies,Milwaukee Brewers,7,3
2021-06-17,Los Angeles Angels,Detroit Tigers,7,5
2021-06-17,Seattle Mariners,Tampa Bay Rays,6,5
2021-06-18,Washington Nationals,New York Mets,1,0
2021-06-18,Pittsburgh Pirates,Cleveland Indians,11,10
2021-06-18,Baltimore Orioles,Toronto Blue Jays,7,1
2021-06-18,New York Yankees,Oakland Athletics,3,5
2021-06-18,Atlanta Braves,St. Louis Cardinals,9,1
2021-06-18,Texas Rangers,Minnesota Twins,5,7
2021-06-18,Chicago Cubs,Miami Marlins,2,10
2021-06-18,Kansas City Royals,Boston Red Sox,5,3
2021-06-18,Houston Astros,Chicago White Sox,2,1
2021-06-18,Colorado Rockies,Milwaukee Brewers,6,5
2021-06-18,Los Angeles Angels,Detroit Tigers,11,3
2021-06-18,Arizona Diamondbacks,Los Angeles Dodgers,0,3
2021-06-18,San Francisco Giants,Philadelphia Phillies,5,3
2021-06-18,San Diego Padres,Cincinnati Reds,8,2
2021-06-18,Seattle Mariners,Tampa Bay Rays,5,1
2021-06-19,Washington Nationals,New York Mets,1,5
2021-06-19,Washington Nationals,New York Mets,6,2
2021-06-19,New York Yankees,Oakland Athletics,7,5
2021-06-19,Chicago Cubs,Miami Marlins,1,11
2021-06-19,Pittsburgh Pirates,Cleveland Indians,6,3
2021-06-19,Baltimore Orioles,Toronto Blue Jays,7,10
2021-06-19,Texas Rangers,Minnesota Twins,2,3
2021-06-19,San Francisco Giants,Philadelphia Phillies,6,13
2021-06-19,Kansas City Royals,Boston Red Sox,1,7
2021-06-19,San Diego Padres,Cincinnati Reds,7,5
2021-06-19,Houston Astros,Chicago White Sox,7,3
2021-06-19,Colorado Rockies,Milwaukee Brewers,5,6
2021-06-19,Los Angeles Angels,Detroit Tigers,8,3
2021-06-19,Arizona Diamondbacks,Los Angeles Dodgers,3,9
2021-06-19,Seattle Mariners,Tampa Bay Rays,6,5
2021-06-20,Washington Nationals,New York Mets,5,2
2021-06-20,Pittsburgh Pirates,Cleveland Indians,1,2
2021-06-20,Baltimore Orioles,Toronto Blue Jays,4,7
2021-06-20,New York Yankees,Oakland Athletics,2,1
2021-06-20,Kansas City Royals,Boston Red Sox,7,3
2021-06-20,Atlanta Braves,St. Louis Cardinals,1,9
2021-06-20,Atlanta Braves,St. Louis Cardinals,1,0
2021-06-20,Houston Astros,Chicago White Sox,8,2
2021-06-20,Chicago Cubs,Miami Marlins,2,0
2021-06-20,Texas Rangers,Minnesota Twins,2,4
2021-06-20,Colorado Rockies,Milwaukee Brewers,6,7
2021-06-20,San Francisco Giants,Philadelphia Phillies,11,2
2021-06-20,Los Angeles Angels,Detroit Tigers,3,5
2021-06-20,Arizona Diamondbacks,Los Angeles Dodgers,8,9
2021-06-20,San Diego Padres,Cincinnati Reds,3,2
2021-06-20,Seattle Mariners,Tampa Bay Rays,6,2
2021-06-21,New York Mets,Atlanta Braves,4,2
2021-06-21,New York Mets,Atlanta Braves,0,1
2021-06-21,Baltimore Orioles,Houston Astros,2,10
2021-06-21,Chicago Cubs,Cleveland Indians,0,4
2021-06-21,Texas Rangers,Oakland Athletics,8,3
2021-06-21,Minnesota Twins,Cincinnati Reds,7,5
2021-06-21,Arizona Diamondbacks,Milwaukee Brewers,5,1
2021-06-21,San Diego Padres,Los Angeles Dodgers,6,2
2021-06-22,Minnesota Twins,Cincinnati Reds,7,10
2021-06-22,Baltimore Orioles,Houston Astros,1,3
2021-06-22,Philadelphia Phillies,Washington Nationals,2,3
2021-06-22,Pittsburgh Pirates,Chicago White Sox,6,3
2021-06-22,New York Yankees,Kansas City Royals,5,6
2021-06-22,Detroit Tigers,St. Louis Cardinals,8,2
2021-06-22,Tampa Bay Rays,Boston Red Sox,5,9
2021-06-22,New York Mets,Atlanta Braves,0,3
2021-06-22,Miami Marlins,Toronto Blue Jays,1,2
2021-06-22,Chicago Cubs,Cleveland Indians,7,1
2021-06-22,Texas Rangers,Oakland Athletics,6,13
2021-06-22,Los Angeles Angels,San Francisco Giants,0,5
2021-06-22,Arizona Diamondbacks,Milwaukee Brewers,0,5
2021-06-22,San Diego Padres,Los Angeles Dodgers,3,2
2021-06-22,Seattle Mariners,Colorado Rockies,2,1
2021-06-23,Pittsburgh Pirates,Chicago White Sox,3,4
2021-06-23,Philadelphia Phillies,Washington Nationals,12,13
2021-06-23,Detroit Tigers,St. Louis Cardinals,6,2
2021-06-23,Arizona Diamondbacks,Milwaukee Brewers,2,3
2021-06-23,Los Angeles Angels,San Francisco Giants,3,9
2021-06-23,Seattle Mariners,Colorado Rockies,2,5
2021-06-23,Baltimore Orioles,Houston Astros,0,13
2021-06-23,New York Yankees,Kansas City Royals,6,5
2021-06-23,Tampa Bay Rays,Boston Red Sox,8,2
2021-06-23,New York Mets,Atlanta Braves,7,3
2021-06-23,Miami Marlins,Toronto Blue Jays,1,3
2021-06-23,Texas Rangers,Oakland Athletics,5,3
2021-06-23,San Diego Padres,Los Angeles Dodgers,5,3
2021-06-24,New York Yankees,Kansas City Royals,8,1
2021-06-24,Texas Rangers,Oakland Athletics,1,5
2021-06-24,Toronto Blue Jays,Baltimore Orioles,9,0
2021-06-24,Detroit Tigers,Houston Astros,3,12
2021-06-24,Tampa Bay Rays,Boston Red Sox,1,0
2021-06-24,Cincinnati Reds,Atlanta Braves,5,3
2021-06-24,Miami Marlins,Washington Nationals,3,7
2021-06-24,Minnesota Twins,Cleveland Indians,1,4
2021-06-24,St. Louis Cardinals,Pittsburgh Pirates,2,8
2021-06-24,Los Angeles Dodgers,Chicago Cubs,0,4
2021-06-25,New York Mets,Philadelphia Phillies,2,1
2021-06-25,New York Mets,Philadelphia Phillies,1,2
2021-06-25,Milwaukee Brewers,Colorado Rockies,5,4
2021-06-25,Toronto Blue Jays,Baltimore Orioles,5,6
2021-06-25,Tampa Bay Rays,Los Angeles Angels,4,3
2021-06-25,Cincinnati Reds,Atlanta Braves,2,3
2021-06-25,Miami Marlins,Washington Nationals,11,2
2021-06-25,Boston Red Sox,New York Yankees,5,3
2021-06-25,Texas Rangers,Kansas City Royals,9,4
2021-06-25,Minnesota Twins,Cleveland Indians,8,7
2021-06-25,Chicago White Sox,Seattle Mariners,3,9
2021-06-25,St. Louis Cardinals,Pittsburgh Pirates,4,5
2021-06-25,San Francisco Giants,Oakland Athletics,2,0
2021-06-25,Los Angeles Dodgers,Chicago Cubs,6,2
2021-06-25,San Diego Padres,Arizona Diamondbacks,11,5
2021-06-26,Detroit Tigers,Houston Astros,3,1
2021-06-26,Detroit Tigers,Houston Astros,2,3
2021-06-26,Chicago White Sox,Seattle Mariners,2,3
2021-06-26,St. Louis Cardinals,Pittsburgh Pirates,3,1
2021-06-26,Toronto Blue Jays,Baltimore Orioles,12,4
2021-06-26,Texas Rangers,Kansas City Royals,8,0
2021-06-26,Tampa Bay Rays,Los Angeles Angels,13,3
2021-06-26,New York Mets,Philadelphia Phillies,4,3
2021-06-26,Cincinnati Reds,Atlanta Braves,4,1
2021-06-26,Miami Marlins,Washington Nationals,3,2
2021-06-26,Milwaukee Brewers,Colorado Rockies,10,4
2021-06-26,Los Angeles Dodgers,Chicago Cubs,3,2
2021-06-26,Boston Red Sox,New York Yankees,4,2
2021-06-26,San Francisco Giants,Oakland Athletics,6,5
2021-06-26,San Diego Padres,Arizona Diamondbacks,1,10
2021-06-27,Toronto Blue Jays,Baltimore Orioles,5,2
2021-06-27,Detroit Tigers,Houston Astros,2,1
2021-06-27,Tampa Bay Rays,Los Angeles Angels,4,6
2021-06-27,New York Mets,Philadelphia Phillies,2,4
2021-06-27,Cincinnati Reds,Atlanta Braves,0,4
2021-06-27,Miami Marlins,Washington Nationals,1,5
2021-06-27,Boston Red Sox,New York Yankees,9,2
2021-06-27,Minnesota Twins,Cleveland Indians,8,2
2021-06-26,Chicago White Sox,Seattle Mariners,2,3
2021-06-27,Milwaukee Brewers,Colorado Rockies,5,0
2021-06-27,St. Louis Cardinals,Pittsburgh Pirates,2,7
2021-06-27,Texas Rangers,Kansas City Royals,4,1
2021-06-27,San Francisco Giants,Oakland Athletics,2,6
2021-06-27,San Diego Padres,Arizona Diamondbacks,5,4
2021-06-27,Chicago White Sox,Seattle Mariners,7,5
2021-06-27,Los Angeles Dodgers,Chicago Cubs,7,1
2021-06-28,Colorado Rockies,Pittsburgh Pirates,2,0
2021-06-28,Cincinnati Reds,Philadelphia Phillies,12,4
2021-06-28,Washington Nationals,New York Mets,8,4
2021-06-28,New York Yankees,Los Angeles Angels,3,5
2021-06-28,Cleveland Indians,Detroit Tigers,13,5
2021-06-28,Boston Red Sox,Kansas City Royals,6,5
2021-06-28,Houston Astros,Baltimore Orioles,7,9
2021-06-28,Milwaukee Brewers,Chicago Cubs,14,4
2021-06-28,St. Louis Cardinals,Arizona Diamondbacks,7,1
2021-06-28,Los Angeles Dodgers,San Francisco Giants,3,2
2021-06-29,Washington Nationals,Tampa Bay Rays,4,3
2021-06-29,Philadelphia Phillies,Miami Marlins,4,3
2021-06-29,New York Yankees,Los Angeles Angels,11,5
2021-06-29,Toronto Blue Jays,Seattle Mariners,9,3
2021-06-29,Boston Red Sox,Kansas City Royals,7,6
2021-06-29,Cincinnati Reds,San Diego Padres,4,5
2021-06-29,Atlanta Braves,New York Mets,3,4
2021-06-29,Houston Astros,Baltimore Orioles,3,13
2021-06-29,Chicago White Sox,Minnesota Twins,7,6
2021-06-29,Milwaukee Brewers,Chicago Cubs,2,1
2021-06-29,St. Louis Cardinals,Arizona Diamondbacks,3,2
2021-06-29,Colorado Rockies,Pittsburgh Pirates,8,0
2021-06-29,Oakland Athletics,Texas Rangers,4,5
2021-06-29,Los Angeles Dodgers,San Francisco Giants,3,1
2021-06-30,St. Louis Cardinals,Arizona Diamondbacks,7,4
2021-06-30,Milwaukee Brewers,Chicago Cubs,15,7
2021-06-30,Colorado Rockies,Pittsburgh Pirates,6,2
2021-06-30,Washington Nationals,Tampa Bay Rays,15,6
2021-06-30,Cleveland Indians,Detroit Tigers,4,9
2021-06-30,Cleveland Indians,Detroit Tigers,1,7
2021-06-30,Philadelphia Phillies,Miami Marlins,6,11
2021-06-30,New York Yankees,Los Angeles Angels,8,11
2021-06-30,Toronto Blue Jays,Seattle Mariners,7,9
2021-06-30,Boston Red Sox,Kansas City Royals,6,2
2021-06-30,Cincinnati Reds,San Diego Padres,5,7
2021-06-30,Atlanta Braves,New York Mets,20,2
2021-06-30,Houston Astros,Baltimore Orioles,2,5
2021-06-30,Chicago White Sox,Minnesota Twins,13,3
2021-06-30,Oakland Athletics,Texas Rangers,3,1
2021-07-01,Toronto Blue Jays,Seattle Mariners,2,7
2021-07-01,Boston Red Sox,Kansas City Royals,15,1
2021-07-01,Chicago White Sox,Minnesota Twins,8,5
2021-07-01,Oakland Athletics,Texas Rangers,3,8
2021-07-01,Washington Nationals,Los Angeles Dodgers,2,6
2021-07-01,Pittsburgh Pirates,Milwaukee Brewers,2,7
2021-07-01,Cleveland Indians,Houston Astros,2,7
2021-07-01,Cincinnati Reds,San Diego Padres,5,4
2021-07-01,Atlanta Braves,New York Mets,4,3
2021-07-01,Colorado Rockies,St. Louis Cardinals,5,2
2021-07-01,Arizona Diamondbacks,San Francisco Giants,5,3
2021-07-02,Philadelphia Phillies,San Diego Padres,4,3
2021-07-02,Washington Nationals,Los Angeles Dodgers,5,10
2021-07-02,Pittsburgh Pirates,Milwaukee Brewers,2,7
2021-07-02,Toronto Blue Jays,Tampa Bay Rays,11,1
2021-07-02,Cincinnati Reds,Chicago Cubs,2,1
2021-07-02,Cleveland Indians,Houston Astros,3,6
2021-07-02,Detroit Tigers,Chicago White Sox,2,8
2021-07-02,Atlanta Braves,Miami Marlins,1,0
2021-07-02,Colorado Rockies,St. Louis Cardinals,3,9
2021-07-02,Kansas City Royals,Minnesota Twins,7,4
2021-07-02,Los Angeles Angels,Baltimore Orioles,8,7
2021-07-02,Oakland Athletics,Boston Red Sox,2,3
2021-07-02,Arizona Diamondbacks,San Francisco Giants,4,11
2021-07-02,Seattle Mariners,Texas Rangers,5,4
2021-07-03,New York Yankees,New York Mets,3,8
2021-07-03,Toronto Blue Jays,Tampa Bay Rays,6,3
2021-07-03,Philadelphia Phillies,San Diego Padres,4,2
2021-07-03,Pittsburgh Pirates,Milwaukee Brewers,2,11
2021-07-03,Cincinnati Reds,Chicago Cubs,3,2
2021-07-03,Kansas City Royals,Minnesota Twins,6,3
2021-07-03,Detroit Tigers,Chicago White Sox,11,5
2021-07-03,Atlanta Braves,Miami Marlins,2,3
2021-07-03,Cleveland Indians,Houston Astros,2,3
2021-07-03,Washington Nationals,Los Angeles Dodgers,3,5
2021-07-03,Oakland Athletics,Boston Red Sox,7,6
2021-07-03,Colorado Rockies,St. Louis Cardinals,3,2
2021-07-03,Los Angeles Angels,Baltimore Orioles,4,1
2021-07-03,Arizona Diamondbacks,San Francisco Giants,5,6
2021-07-03,Seattle Mariners,Texas Rangers,3,7
2021-07-04,Washington Nationals,Los Angeles Dodgers,1,5
2021-07-04,Philadelphia Phillies,San Diego Padres,1,11
2021-07-04,Pittsburgh Pirates,Milwaukee Brewers,2,0
2021-07-04,Toronto Blue Jays,Tampa Bay Rays,1,5
2021-07-04,Cincinnati Reds,Chicago Cubs,3,2
2021-07-04,Cleveland Indians,Houston Astros,3,4
2021-07-04,Detroit Tigers,Chicago White Sox,6,5
2021-07-04,Atlanta Braves,Miami Marlins,8,7
2021-07-04,New York Yankees,New York Mets,5,10
2021-07-04,New York Yankees,New York Mets,4,2
2021-07-04,Kansas City Royals,Minnesota Twins,2,6
2021-07-04,Colorado Rockies,St. Louis Cardinals,3,2
2021-07-04,Los Angeles Angels,Baltimore Orioles,6,5
2021-07-04,Oakland Athletics,Boston Red Sox,0,1
2021-07-04,Seattle Mariners,Texas Rangers,4,1
2021-07-04,Arizona Diamondbacks,San Francisco Giants,2,5
2021-07-05,San Francisco Giants,St. Louis Cardinals,3,5
2021-07-05,Miami Marlins,Los Angeles Dodgers,5,4
2021-07-05,Pittsburgh Pirates,Atlanta Braves,11,1
2021-07-05,Tampa Bay Rays,Cleveland Indians,9,8
2021-07-05,Minnesota Twins,Chicago White Sox,8,5
2021-07-05,New York Mets,Milwaukee Brewers,4,2
2021-07-05,Texas Rangers,Detroit Tigers,3,7
2021-07-05,Chicago Cubs,Philadelphia Phillies,3,13
2021-07-05,Kansas City Royals,Cincinnati Reds,2,6
2021-07-05,Los Angeles Angels,Boston Red Sox,4,5
2021-07-05,San Diego Padres,Washington Nationals,5,7
2021-07-06,Baltimore Orioles,Toronto Blue Jays,7,5
2021-07-06,Pittsburgh Pirates,Atlanta Braves,2,1
2021-07-06,Miami Marlins,Los Angeles Dodgers,2,1
2021-07-06,Texas Rangers,Detroit Tigers,10,5
2021-07-06,Chicago Cubs,Philadelphia Phillies,10,15
2021-07-06,Kansas City Royals,Cincinnati Reds,7,6
2021-07-06,Houston Astros,Oakland Athletics,9,6
2021-07-06,Minnesota Twins,Chicago White Sox,1,4
2021-07-06,Los Angeles Angels,Boston Red Sox,5,3
2021-07-06,Arizona Diamondbacks,Colorado Rockies,4,3
2021-07-06,San Francisco Giants,St. Louis Cardinals,5,6
2021-07-06,San Diego Padres,Washington Nationals,7,4
2021-07-06,Seattle Mariners,New York Yankees,1,12
2021-07-07,Tampa Bay Rays,Cleveland Indians,8,1
2021-07-07,Tampa Bay Rays,Cleveland Indians,4,0
2021-07-07,Pittsburgh Pirates,Atlanta Braves,3,14
2021-07-07,Minnesota Twins,Chicago White Sox,1,6
2021-07-07,Texas Rangers,Detroit Tigers,3,5
2021-07-07,Kansas City Royals,Cincinnati Reds,2,5
2021-07-07,New York Mets,Milwaukee Brewers,4,3
2021-07-07,New York Mets,Milwaukee Brewers,0,5
2021-07-07,Los Angeles Angels,Boston Red Sox,5,4
2021-07-07,Baltimore Orioles,Toronto Blue Jays,2,10
2021-07-07,Miami Marlins,Los Angeles Dodgers,9,6
2021-07-07,Chicago Cubs,Philadelphia Phillies,8,3
2021-07-07,Houston Astros,Oakland Athletics,4,3
2021-07-07,Arizona Diamondbacks,Colorado Rockies,6,4
2021-07-07,San Francisco Giants,St. Louis Cardinals,5,2
2021-07-07,San Diego Padres,Washington Nationals,5,15
2021-07-07,Seattle Mariners,New York Yankees,4,5
2021-07-08,Miami Marlins,Los Angeles Dodgers,1,6
2021-07-08,Houston Astros,Oakland Athletics,1,2
2021-07-08,Arizona Diamondbacks,Colorado Rockies,3,9
2021-07-08,Seattle Mariners,New York Yankees,4,0
2021-07-08,Cleveland Indians,Kansas City Royals,7,4
2021-07-08,Chicago Cubs,Philadelphia Phillies,0,8
2021-07-08,Minnesota Twins,Detroit Tigers,5,3
2021-07-08,Milwaukee Brewers,Cincinnati Reds,5,3
2021-07-08,San Diego Padres,Washington Nationals,9,8
2021-07-09,Chicago Cubs,St. Louis Cardinals,10,5
2021-07-09,Baltimore Orioles,Chicago White Sox,1,12
2021-07-09,Cleveland Indians,Kansas City Royals,2,1
2021-07-09,New York Mets,Pittsburgh Pirates,13,4
2021-07-09,Tampa Bay Rays,Toronto Blue Jays,7,1
2021-07-09,Boston Red Sox,Philadelphia Phillies,11,5
2021-07-09,Miami Marlins,Atlanta Braves,0,5
2021-07-09,Texas Rangers,Oakland Athletics,3,2
2021-07-09,Minnesota Twins,Detroit Tigers,4,2
2021-07-09,Houston Astros,New York Yankees,0,4
2021-07-09,Milwaukee Brewers,Cincinnati Reds,0,2
2021-07-09,San Francisco Giants,Washington Nationals,5,3
2021-07-09,Los Angeles Dodgers,Arizona Diamondbacks,2,5
2021-07-09,San Diego Padres,Colorado Rockies,4,2
2021-07-09,Seattle Mariners,Los Angeles Angels,7,3
2021-07-10,Tampa Bay Rays,Toronto Blue Jays,5,2
2021-07-10,Minnesota Twins,Detroit Tigers,9,4
2021-07-10,San Francisco Giants,Washington Nationals,10,4
2021-07-10,Texas Rangers,Oakland Athletics,4,8
2021-07-10,Baltimore Orioles,Chicago White Sox,3,8
2021-07-10,New York Mets,Pittsburgh Pirates,2,6
2021-07-10,New York Mets,Pittsburgh Pirates,4,2
2021-07-10,Boston Red Sox,Philadelphia Phillies,2,11
2021-07-10,Miami Marlins,Atlanta Braves,4,5
2021-07-10,Cleveland Indians,Kansas City Royals,14,6
2021-07-10,Chicago Cubs,St. Louis Cardinals,0,6
2021-07-10,Houston Astros,New York Yankees,0,1
2021-07-10,Milwaukee Brewers,Cincinnati Reds,3,4
2021-07-10,Los Angeles Dodgers,Arizona Diamondbacks,22,1
2021-07-10,San Diego Padres,Colorado Rockies,0,3
2021-07-10,Seattle Mariners,Los Angeles Angels,2,0
2021-07-11,Baltimore Orioles,Chicago White Sox,5,7
2021-07-11,New York Mets,Pittsburgh Pirates,5,6
2021-07-11,Tampa Bay Rays,Toronto Blue Jays,1,3
2021-07-11,Boston Red Sox,Philadelphia Phillies,4,5
2021-07-11,Miami Marlins,Atlanta Braves,7,4
2021-07-11,Minnesota Twins,Detroit Tigers,12,9
2021-07-11,Houston Astros,New York Yankees,8,7
2021-07-11,Milwaukee Brewers,Cincinnati Reds,1,3
2021-07-11,Texas Rangers,Oakland Athletics,1,4
2021-07-11,San Francisco Giants,Washington Nationals,3,1
2021-07-11,Los Angeles Dodgers,Arizona Diamondbacks,7,4
2021-07-11,San Diego Padres,Colorado Rockies,1,3
2021-07-11,Seattle Mariners,Los Angeles Angels,1,7
2021-07-16,Philadelphia Phillies,Miami Marlins,5,2
2021-07-16,Philadelphia Phillies,Miami Marlins,0,7
2021-07-16,Pittsburgh Pirates,New York Mets,4,1
2021-07-16,Washington Nationals,San Diego Padres,8,24
2021-07-16,New York Yankees,Boston Red Sox,0,4
2021-07-16,Toronto Blue Jays,Texas Rangers,10,2
2021-07-16,Cincinnati Reds,Milwaukee Brewers,6,11
2021-07-16,Atlanta Braves,Tampa Bay Rays,6,7
2021-07-16,Kansas City Royals,Baltimore Orioles,9,2
2021-07-16,Chicago White Sox,Houston Astros,1,7
2021-07-16,St. Louis Cardinals,San Francisco Giants,2,7
2021-07-16,Colorado Rockies,Los Angeles Dodgers,4,10
2021-07-16,Los Angeles Angels,Seattle Mariners,5,6
2021-07-16,Arizona Diamondbacks,Chicago Cubs,1,5
2021-07-16,Oakland Athletics,Cleveland Indians,5,4
2021-07-17,Detroit Tigers,Minnesota Twins,1,0
2021-07-17,Detroit Tigers,Minnesota Twins,5,4
2021-07-17,Oakland Athletics,Cleveland Indians,2,3
2021-07-17,Arizona Diamondbacks,Chicago Cubs,2,4
2021-07-17,Philadelphia Phillies,Miami Marlins,4,2
2021-07-17,Pittsburgh Pirates,New York Mets,9,7
2021-07-17,Washington Nationals,San Diego Padres,4,10
2021-07-17,Kansas City Royals,Baltimore Orioles,4,8
2021-07-17,Cincinnati Reds,Milwaukee Brewers,4,7
2021-07-17,St. Louis Cardinals,San Francisco Giants,3,1
2021-07-17,Chicago White Sox,Houston Astros,10,1
2021-07-17,New York Yankees,Boston Red Sox,3,1
2021-07-17,Atlanta Braves,Tampa Bay Rays,9,0
2021-07-17,Colorado Rockies,Los Angeles Dodgers,2,9
2021-07-17,Los Angeles Angels,Seattle Mariners,9,4
2021-07-18,Pittsburgh Pirates,New York Mets,6,7
2021-07-17,Washington Nationals,San Diego Padres,4,10
2021-07-17,Philadelphia Phillies,Miami Marlins,4,2
2021-07-18,Toronto Blue Jays,Texas Rangers,5,0
2021-07-18,Toronto Blue Jays,Texas Rangers,10,0
2021-07-18,Detroit Tigers,Minnesota Twins,7,0
2021-07-18,Cincinnati Reds,Milwaukee Brewers,0,8
2021-07-18,Atlanta Braves,Tampa Bay Rays,5,7
2021-07-18,Philadelphia Phillies,Miami Marlins,7,4
2021-07-18,Kansas City Royals,Baltimore Orioles,0,5
2021-07-18,Chicago White Sox,Houston Astros,4,0
2021-07-18,St. Louis Cardinals,San Francisco Giants,2,1
2021-07-18,Washington Nationals,San Diego Padres,8,7
2021-07-18,Colorado Rockies,Los Angeles Dodgers,6,5
2021-07-18,Oakland Athletics,Cleveland Indians,2,4
2021-07-18,Los Angeles Angels,Seattle Mariners,4,7
2021-07-18,Arizona Diamondbacks,Chicago Cubs,6,4
2021-07-18,New York Yankees,Boston Red Sox,9,1
2021-07-19,Chicago White Sox,Minnesota Twins,2,3
2021-07-19,Chicago White Sox,Minnesota Twins,5,3
2021-07-19,Washington Nationals,Miami Marlins,18,1
2021-07-19,Toronto Blue Jays,Boston Red Sox,4,13
2021-07-19,Cincinnati Reds,New York Mets,11,15
2021-07-19,Tampa Bay Rays,Baltimore Orioles,1,6
2021-07-19,Detroit Tigers,Texas Rangers,14,0
2021-07-19,Houston Astros,Cleveland Indians,4,3
2021-07-19,St. Louis Cardinals,Chicago Cubs,8,3
2021-07-19,Oakland Athletics,Los Angeles Angels,4,1
2021-07-19,Arizona Diamondbacks,Pittsburgh Pirates,4,2
2021-07-19,Los Angeles Dodgers,San Francisco Giants,2,7
2021-07-20,Oakland Athletics,Los Angeles Angels,6,0
2021-07-20,Milwaukee Brewers,Kansas City Royals,2,5
2021-07-20,Washington Nationals,Miami Marlins,6,3
2021-07-20,New York Yankees,Philadelphia Phillies,6,4
2021-07-20,Cincinnati Reds,New York Mets,4,3
2021-07-20,Tampa Bay Rays,Baltimore Orioles,9,3
2021-07-20,Detroit Tigers,Texas Rangers,4,1
2021-07-20,Atlanta Braves,San Diego Padres,2,1
2021-07-20,Houston Astros,Cleveland Indians,9,3
2021-07-20,Chicago White Sox,Minnesota Twins,9,5
2021-07-20,St. Louis Cardinals,Chicago Cubs,6,7
2021-07-20,Colorado Rockies,Seattle Mariners,4,6
2021-07-20,Arizona Diamondbacks,Pittsburgh Pirates,11,6
2021-07-20,Los Angeles Dodgers,San Francisco Giants,8,6
2021-07-21,Tampa Bay Rays,Baltimore Orioles,5,4
2021-07-21,Atlanta Braves,San Diego Padres,2,3
2021-07-21,Atlanta Braves,San Diego Padres,5,6
2021-07-21,Cincinnati Reds,New York Mets,0,7
2021-07-21,Milwaukee Brewers,Kansas City Royals,3,6
2021-07-21,Colorado Rockies,Seattle Mariners,6,3
2021-07-21,Arizona Diamondbacks,Pittsburgh Pirates,6,4
2021-07-21,Washington Nationals,Miami Marlins,1,3
2021-07-21,New York Yankees,Philadelphia Phillies,6,5
2021-07-21,Toronto Blue Jays,Boston Red Sox,4,7
2021-07-21,Detroit Tigers,Texas Rangers,4,2
2021-07-21,Houston Astros,Cleveland Indians,4,5
2021-07-21,Chicago White Sox,Minnesota Twins,2,7
2021-07-21,St. Louis Cardinals,Chicago Cubs,3,2
2021-07-21,Los Angeles Dodgers,San Francisco Giants,2,4
2021-07-22,Detroit Tigers,Texas Rangers,7,5
2021-07-22,Philadelphia Phillies,Atlanta Braves,2,7
2021-07-22,Cleveland Indians,Tampa Bay Rays,4,5
2021-07-22,Miami Marlins,San Diego Padres,2,3
2021-07-22,Boston Red Sox,New York Yankees,5,4
2021-07-22,St. Louis Cardinals,Chicago Cubs,3,2
2021-07-22,Minnesota Twins,Los Angeles Angels,2,3
2021-07-22,Seattle Mariners,Oakland Athletics,1,4
2021-07-22,Los Angeles Dodgers,San Francisco Giants,3,5
2021-07-23,Chicago Cubs,Arizona Diamondbacks,8,3
2021-07-23,Baltimore Orioles,Washington Nationals,6,1
2021-07-23,Philadelphia Phillies,Atlanta Braves,5,1
2021-07-23,Cincinnati Reds,St. Louis Cardinals,6,5
2021-07-23,Cleveland Indians,Tampa Bay Rays,5,10
2021-07-23,New York Mets,Toronto Blue Jays,3,0
2021-07-23,Miami Marlins,San Diego Padres,2,5
2021-07-23,Boston Red Sox,New York Yankees,6,2
2021-07-23,Kansas City Royals,Detroit Tigers,5,3
2021-07-23,Houston Astros,Texas Rangers,7,3
2021-07-23,Minnesota Twins,Los Angeles Angels,5,4
2021-07-23,Milwaukee Brewers,Chicago White Sox,7,1
2021-07-23,San Francisco Giants,Pittsburgh Pirates,4,6
2021-07-23,Los Angeles Dodgers,Colorado Rockies,6,9
2021-07-23,Seattle Mariners,Oakland Athletics,4,3
2021-07-24,Chicago Cubs,Arizona Diamondbacks,3,7
2021-07-24,Boston Red Sox,New York Yankees,3,4
2021-07-24,Philadelphia Phillies,Atlanta Braves,3,15
2021-07-24,Miami Marlins,San Diego Padres,3,2
2021-07-24,Baltimore Orioles,Washington Nationals,5,3
2021-07-24,Kansas City Royals,Detroit Tigers,9,8
2021-07-24,Cincinnati Reds,St. Louis Cardinals,5,3
2021-07-24,Cleveland Indians,Tampa Bay Rays,2,8
2021-07-24,Houston Astros,Texas Rangers,4,1
2021-07-24,New York Mets,Toronto Blue Jays,3,10
2021-07-24,Minnesota Twins,Los Angeles Angels,1,2
2021-07-24,Milwaukee Brewers,Chicago White Sox,6,1
2021-07-24,San Francisco Giants,Pittsburgh Pirates,2,10
2021-07-24,Los Angeles Dodgers,Colorado Rockies,1,0
2021-07-24,Seattle Mariners,Oakland Athletics,5,4
2021-07-25,Baltimore Orioles,Washington Nationals,5,4
2021-07-25,Philadelphia Phillies,Atlanta Braves,2,1
2021-07-25,Cincinnati Reds,St. Louis Cardinals,6,10
2021-07-25,Cleveland Indians,Tampa Bay Rays,3,2
2021-07-25,New York Mets,Toronto Blue Jays,5,4
2021-07-25,Miami Marlins,San Diego Padres,9,3
2021-07-25,Boston Red Sox,New York Yankees,5,4
2021-07-25,Kansas City Royals,Detroit Tigers,6,1
2021-07-25,Houston Astros,Texas Rangers,3,1
2021-07-25,Minnesota Twins,Los Angeles Angels,2,6
2021-07-25,Chicago Cubs,Arizona Diamondbacks,5,1
2021-07-25,San Francisco Giants,Pittsburgh Pirates,6,1
2021-07-25,Los Angeles Dodgers,Colorado Rockies,3,2
2021-07-25,Seattle Mariners,Oakland Athletics,4,3
2021-07-25,Milwaukee Brewers,Chicago White Sox,1,3
2021-07-26,New York Mets,Atlanta Braves,0,2
2021-07-26,New York Mets,Atlanta Braves,1,0
2021-07-26,Philadelphia Phillies,Washington Nationals,6,5
2021-07-26,Boston Red Sox,Toronto Blue Jays,5,4
2021-07-26,Chicago Cubs,Cincinnati Reds,6,5
2021-07-26,Minnesota Twins,Detroit Tigers,6,5
2021-07-26,Kansas City Royals,Chicago White Sox,4,3
2021-07-26,Los Angeles Angels,Colorado Rockies,6,2
2021-07-26,Seattle Mariners,Houston Astros,11,8
2021-07-27,Philadelphia Phillies,Washington Nationals,4,6
2021-07-27,Baltimore Orioles,Miami Marlins,3,7
2021-07-27,Pittsburgh Pirates,Milwaukee Brewers,0,9
2021-07-27,Cleveland Indians,St. Louis Cardinals,2,4
2021-07-27,New York Mets,Atlanta Braves,5,12
2021-07-27,Tampa Bay Rays,New York Yankees,3,4
2021-07-27,Chicago Cubs,Cincinnati Reds,4,7
2021-07-27,Texas Rangers,Arizona Diamondbacks,5,4
2021-07-27,Minnesota Twins,Detroit Tigers,5,6
2021-07-27,Kansas City Royals,Chicago White Sox,3,5
2021-07-27,Los Angeles Angels,Colorado Rockies,3,12
2021-07-27,San Francisco Giants,Los Angeles Dodgers,2,1
2021-07-27,San Diego Padres,Oakland Athletics,7,4
2021-07-27,Seattle Mariners,Houston Astros,6,8
2021-07-28,Cleveland Indians,St. Louis Cardinals,7,2
2021-07-28,Minnesota Twins,Detroit Tigers,14,17
2021-07-28,Boston Red Sox,Toronto Blue Jays,1,4
2021-07-28,Boston Red Sox,Toronto Blue Jays,4,1
2021-07-28,Seattle Mariners,Houston Astros,4,11
2021-07-28,San Diego Padres,Oakland Athletics,4,10
2021-07-28,Baltimore Orioles,Miami Marlins,8,7
2021-07-28,Pittsburgh Pirates,Milwaukee Brewers,3,7
2021-07-28,New York Mets,Atlanta Braves,2,1
2021-07-28,Tampa Bay Rays,New York Yankees,1,3
2021-07-28,Chicago Cubs,Cincinnati Reds,2,8
2021-07-28,Texas Rangers,Arizona Diamondbacks,2,3
2021-07-28,Kansas City Royals,Chicago White Sox,3,2
2021-07-28,Los Angeles Angels,Colorado Rockies,8,7
2021-07-28,San Francisco Giants,Los Angeles Dodgers,0,8
2021-07-29,Philadelphia Phillies,Washington Nationals,1,3
2021-07-29,Philadelphia Phillies,Washington Nationals,11,8
2021-07-29,New York Mets,Atlanta Braves,3,6
2021-07-29,Tampa Bay Rays,New York Yankees,14,0
2021-07-29,Kansas City Royals,Chicago White Sox,5,0
2021-07-29,Chicago Cubs,Cincinnati Reds,4,7
2021-07-29,San Francisco Giants,Los Angeles Dodgers,5,0
2021-07-29,Pittsburgh Pirates,Milwaukee Brewers,0,12
2021-07-29,Detroit Tigers,Baltimore Orioles,6,2
2021-07-29,Boston Red Sox,Toronto Blue Jays,1,13
2021-07-29,Los Angeles Angels,Oakland Athletics,0,4
2021-07-29,San Diego Padres,Colorado Rockies,3,0
2021-07-30,Washington Nationals,Chicago Cubs,4,3
2021-07-30,Pittsburgh Pirates,Philadelphia Phillies,7,0
2021-07-30,Toronto Blue Jays,Kansas City Royals,6,4
2021-07-30,Detroit Tigers,Baltimore Orioles,3,4
2021-07-30,New York Mets,Cincinnati Reds,2,6
2021-07-30,Tampa Bay Rays,Boston Red Sox,7,3
2021-07-30,Miami Marlins,New York Yankees,1,3
2021-07-30,Atlanta Braves,Milwaukee Brewers,5,9
2021-07-30,Texas Rangers,Seattle Mariners,5,9
2021-07-30,Chicago White Sox,Cleveland Indians,6,4
2021-07-30,St. Louis Cardinals,Minnesota Twins,5,1
2021-07-30,Los Angeles Angels,Oakland Athletics,0,2
2021-07-30,Arizona Diamondbacks,Los Angeles Dodgers,6,5
2021-07-30,San Francisco Giants,Houston Astros,6,9
2021-07-30,San Diego Padres,Colorado Rockies,4,9
2021-07-31,Toronto Blue Jays,Kansas City Royals,4,0
2021-07-31,Los Angeles Angels,Oakland Athletics,1,0
2021-07-31,San Francisco Giants,Houston Astros,8,6
2021-07-31,Detroit Tigers,Baltimore Orioles,2,5
2021-07-31,Tampa Bay Rays,Boston Red Sox,9,5
2021-07-31,Miami Marlins,New York Yankees,2,4
2021-07-31,Washington Nationals,Chicago Cubs,3,6
2021-07-31,Texas Rangers,Seattle Mariners,5,4
2021-07-31,Pittsburgh Pirates,Philadelphia Phillies,3,2
2021-07-31,New York Mets,Cincinnati Reds,5,4
2021-07-31,Chicago White Sox,Cleveland Indians,11,12
2021-07-31,St. Louis Cardinals,Minnesota Twins,1,8
2021-07-31,Atlanta Braves,Milwaukee Brewers,8,1
2021-07-31,Arizona Diamondbacks,Los Angeles Dodgers,3,8
2021-07-31,San Diego Padres,Colorado Rockies,3,5
2021-08-01,Washington Nationals,Chicago Cubs,6,5
2021-08-01,Pittsburgh Pirates,Philadelphia Phillies,4,15
2021-08-01,Toronto Blue Jays,Kansas City Royals,5,1
2021-08-01,Detroit Tigers,Baltimore Orioles,6,2
2021-08-01,New York Mets,Cincinnati Reds,1,7
2021-08-01,Miami Marlins,New York Yankees,1,3
2021-08-01,Atlanta Braves,Milwaukee Brewers,1,2
2021-08-01,Chicago White Sox,Cleveland Indians,2,1
2021-08-01,St. Louis Cardinals,Minnesota Twins,7,3
2021-08-01,Texas Rangers,Seattle Mariners,4,3
2021-08-01,San Francisco Giants,Houston Astros,5,3
2021-08-01,Los Angeles Angels,Oakland Athletics,3,8
2021-08-01,Arizona Diamondbacks,Los Angeles Dodgers,0,13
2021-08-01,San Diego Padres,Colorado Rockies,8,1
2021-08-01,Tampa Bay Rays,Boston Red Sox,3,2
2021-08-02,Toronto Blue Jays,Cleveland Indians,2,5
2021-08-02,Washington Nationals,Philadelphia Phillies,5,7
2021-08-02,New York Yankees,Baltimore Orioles,1,7
2021-08-02,Tampa Bay Rays,Seattle Mariners,2,8
2021-08-02,Miami Marlins,New York Mets,6,3
2021-08-02,Texas Rangers,Los Angeles Angels,4,1
2021-08-02,Milwaukee Brewers,Pittsburgh Pirates,6,2
2021-08-02,Arizona Diamondbacks,San Francisco Giants,8,11
2021-08-03,Washington Nationals,Philadelphia Phillies,4,5
2021-08-03,New York Yankees,Baltimore Orioles,13,1
2021-08-03,Toronto Blue Jays,Cleveland Indians,7,2
2021-08-03,Detroit Tigers,Boston Red Sox,4,2
2021-08-03,Tampa Bay Rays,Seattle Mariners,2,4
2021-08-03,Cincinnati Reds,Minnesota Twins,5,7
2021-08-03,Miami Marlins,New York Mets,5,4
2021-08-03,Texas Rangers,Los Angeles Angels,3,11
2021-08-03,Chicago White Sox,Kansas City Royals,7,1
2021-08-03,Milwaukee Brewers,Pittsburgh Pirates,5,8
2021-08-03,St. Louis Cardinals,Atlanta Braves,1,6
2021-08-03,Colorado Rockies,Chicago Cubs,13,6
2021-08-03,Oakland Athletics,San Diego Padres,1,8
2021-08-03,Arizona Diamondbacks,San Francisco Giants,3,1
2021-08-03,Los Angeles Dodgers,Houston Astros,0,3
2021-08-04,Cincinnati Reds,Minnesota Twins,6,5
2021-08-04,Tampa Bay Rays,Seattle Mariners,4,3
2021-08-04,Milwaukee Brewers,Pittsburgh Pirates,4,2
2021-08-04,Oakland Athletics,San Diego Padres,5,4
2021-08-04,Washington Nationals,Philadelphia Phillies,5,9
2021-08-04,New York Yankees,Baltimore Orioles,10,3
2021-08-04,Toronto Blue Jays,Cleveland Indians,8,6
2021-08-04,Detroit Tigers,Boston Red Sox,1,4
2021-08-04,Miami Marlins,New York Mets,3,5
2021-08-04,Texas Rangers,Los Angeles Angels,1,2
2021-08-04,Chicago White Sox,Kansas City Royals,1,9
2021-08-04,St. Louis Cardinals,Atlanta Braves,4,7
2021-08-04,Colorado Rockies,Chicago Cubs,2,3
2021-08-04,Los Angeles Dodgers,Houston Astros,7,5
2021-08-04,Arizona Diamondbacks,San Francisco Giants,1,7
2021-08-05,Miami Marlins,New York Mets,4,2
2021-08-05,Detroit Tigers,Boston Red Sox,8,1
2021-08-05,Texas Rangers,Los Angeles Angels,0,5
2021-08-05,Colorado Rockies,Chicago Cubs,6,5
2021-08-05,Arizona Diamondbacks,San Francisco Giants,4,5
2021-08-05,Washington Nationals,Philadelphia Phillies,6,7
2021-08-05,New York Yankees,Seattle Mariners,5,3
2021-08-05,Toronto Blue Jays,Cleveland Indians,3,0
2021-08-05,Cincinnati Reds,Pittsburgh Pirates,7,4
2021-08-05,Houston Astros,Minnesota Twins,3,5
2021-08-05,Chicago White Sox,Kansas City Royals,2,3
2021-08-05,St. Louis Cardinals,Atlanta Braves,4,8
2021-08-06,Chicago Cubs,Chicago White Sox,6,8
2021-08-06,Baltimore Orioles,Tampa Bay Rays,6,10
2021-08-06,Philadelphia Phillies,New York Mets,4,2
2021-08-06,New York Yankees,Seattle Mariners,3,2
2021-08-06,Toronto Blue Jays,Boston Red Sox,12,4
2021-08-06,Cleveland Indians,Detroit Tigers,6,1
2021-08-06,Cincinnati Reds,Pittsburgh Pirates,10,0
2021-08-06,Atlanta Braves,Washington Nationals,8,4
2021-08-06,Houston Astros,Minnesota Twins,4,5
2021-08-06,Milwaukee Brewers,San Francisco Giants,2,1
2021-08-06,St. Louis Cardinals,Kansas City Royals,4,2
2021-08-06,Colorado Rockies,Miami Marlins,14,2
2021-08-06,Oakland Athletics,Texas Rangers,4,1
2021-08-06,Los Angeles Dodgers,Los Angeles Angels,3,4
2021-08-06,San Diego Padres,Arizona Diamondbacks,5,8
2021-08-07,New York Yankees,Seattle Mariners,5,4
2021-08-07,Chicago Cubs,Chicago White Sox,0,4
2021-08-07,Toronto Blue Jays,Boston Red Sox,1,0
2021-08-07,Toronto Blue Jays,Boston Red Sox,1,2
2021-08-07,Oakland Athletics,Texas Rangers,12,3
2021-08-07,Philadelphia Phillies,New York Mets,5,3
2021-08-07,Baltimore Orioles,Tampa Bay Rays,3,12
2021-08-07,Cleveland Indians,Detroit Tigers,1,2
2021-08-07,Cincinnati Reds,Pittsburgh Pirates,11,3
2021-08-07,Houston Astros,Minnesota Twins,4,0
2021-08-07,Milwaukee Brewers,San Francisco Giants,6,9
2021-08-07,St. Louis Cardinals,Kansas City Royals,5,2
2021-08-07,Atlanta Braves,Washington Nationals,2,3
2021-08-07,Colorado Rockies,Miami Marlins,7,4
2021-08-07,San Diego Padres,Arizona Diamondbacks,6,2
2021-08-07,Los Angeles Dodgers,Los Angeles Angels,5,3
2021-08-08,Baltimore Orioles,Tampa Bay Rays,6,9
2021-08-08,Philadelphia Phillies,New York Mets,3,0
2021-08-08,New York Yankees,Seattle Mariners,0,2
2021-08-08,Toronto Blue Jays,Boston Red Sox,9,8
2021-08-08,Cleveland Indians,Detroit Tigers,7,5
2021-08-08,Cincinnati Reds,Pittsburgh Pirates,3,2
2021-08-08,Atlanta Braves,Washington Nationals,5,4
2021-08-08,Houston Astros,Minnesota Twins,5,7
2021-08-08,Milwaukee Brewers,San Francisco Giants,4,5
2021-08-08,St. Louis Cardinals,Kansas City Royals,5,6
2021-08-08,Colorado Rockies,Miami Marlins,13,8
2021-08-08,Oakland Athletics,Texas Rangers,6,3
2021-08-08,Los Angeles Dodgers,Los Angeles Angels,8,2
2021-08-08,San Diego Padres,Arizona Diamondbacks,2,0
2021-08-08,Chicago Cubs,Chicago White Sox,3,9
2021-08-09,Cleveland Indians,Cincinnati Reds,9,3
2021-08-09,Minnesota Twins,Chicago White Sox,1,11
2021-08-09,Kansas City Royals,New York Yankees,6,8
2021-08-09,San Diego Padres,Miami Marlins,8,3
2021-08-10,Chicago Cubs,Milwaukee Brewers,2,4
2021-08-10,Chicago Cubs,Milwaukee Brewers,3,6
2021-08-10,Toronto Blue Jays,Los Angeles Angels,3,6
2021-08-10,Los Angeles Angels,Toronto Blue Jays,0,4
2021-08-10,Baltimore Orioles,Detroit Tigers,4,9
2021-08-10,Pittsburgh Pirates,St. Louis Cardinals,1,4
2021-08-10,Philadelphia Phillies,Los Angeles Dodgers,0,5
2021-08-10,New York Mets,Washington Nationals,8,7
2021-08-10,Cleveland Indians,Oakland Athletics,3,4
2021-08-10,Boston Red Sox,Tampa Bay Rays,4,8
2021-08-10,Atlanta Braves,Cincinnati Reds,3,2
2021-08-10,Houston Astros,Colorado Rockies,5,0
2021-08-10,Minnesota Twins,Chicago White Sox,4,3
2021-08-10,Kansas City Royals,New York Yankees,8,4
2021-08-10,San Francisco Giants,Arizona Diamondbacks,8,7
2021-08-10,Seattle Mariners,Texas Rangers,4,5
2021-08-10,San Diego Padres,Miami Marlins,6,5
2021-08-11,Minnesota Twins,Chicago White Sox,1,0
2021-08-11,Houston Astros,Colorado Rockies,5,1
2021-08-11,Kansas City Royals,New York Yankees,2,5
2021-08-10,New York Mets,Washington Nationals,8,7
2021-08-11,San Diego Padres,Miami Marlins,0,7
2021-08-11,Baltimore Orioles,Detroit Tigers,2,5
2021-08-11,Pittsburgh Pirates,St. Louis Cardinals,0,4
2021-08-11,Philadelphia Phillies,Los Angeles Dodgers,2,8
2021-08-11,Cleveland Indians,Oakland Athletics,3,6
2021-08-11,Boston Red Sox,Tampa Bay Rays,20,8
2021-08-11,Atlanta Braves,Cincinnati Reds,8,6
2021-08-11,Chicago Cubs,Milwaukee Brewers,0,10
2021-08-11,Los Angeles Angels,Toronto Blue Jays,2,10
2021-08-11,San Francisco Giants,Arizona Diamondbacks,7,2
2021-08-11,Seattle Mariners,Texas Rangers,2,1
2021-08-12,New York Mets,Washington Nationals,4,1
2021-08-12,New York Mets,Washington Nationals,5,4
2021-08-12,Pittsburgh Pirates,St. Louis Cardinals,6,7
2021-08-12,Philadelphia Phillies,Los Angeles Dodgers,2,1
2021-08-12,Cleveland Indians,Oakland Athletics,0,17
2021-08-12,Chicago Cubs,Milwaukee Brewers,4,17
2021-08-12,Baltimore Orioles,Detroit Tigers,4,6
2021-08-12,Boston Red Sox,Tampa Bay Rays,1,8
2021-08-12,Seattle Mariners,Texas Rangers,3,1
2021-08-12,Atlanta Braves,Cincinnati Reds,3,12
2021-08-12,Chicago White Sox,New York Yankees,9,8
2021-08-12,Los Angeles Angels,Toronto Blue Jays,6,3
2021-08-12,Arizona Diamondbacks,San Diego Padres,12,3
2021-08-12,San Francisco Giants,Colorado Rockies,7,0
2021-08-13,Philadelphia Phillies,Cincinnati Reds,1,6
2021-08-13,Washington Nationals,Atlanta Braves,2,4
2021-08-13,Boston Red Sox,Baltimore Orioles,8,1
2021-08-13,Detroit Tigers,Cleveland Indians,4,7
2021-08-13,New York Mets,Los Angeles Dodgers,5,6
2021-08-13,Miami Marlins,Chicago Cubs,14,10
2021-08-13,Texas Rangers,Oakland Athletics,8,6
2021-08-13,Kansas City Royals,St. Louis Cardinals,0,6
2021-08-13,Minnesota Twins,Tampa Bay Rays,4,10
2021-08-13,Los Angeles Angels,Houston Astros,1,4
2021-08-13,Arizona Diamondbacks,San Diego Padres,3,2
2021-08-13,San Francisco Giants,Colorado Rockies,5,4
2021-08-13,Seattle Mariners,Toronto Blue Jays,3,2
2021-08-14,Pittsburgh Pirates,Milwaukee Brewers,14,4
2021-08-14,Pittsburgh Pirates,Milwaukee Brewers,0,6
2021-08-14,Philadelphia Phillies,Cincinnati Reds,6,1
2021-08-14,Boston Red Sox,Baltimore Orioles,16,2
2021-08-14,Washington Nationals,Atlanta Braves,2,12
2021-08-14,Detroit Tigers,Cleveland Indians,6,4
2021-08-14,Miami Marlins,Chicago Cubs,5,4
2021-08-14,Texas Rangers,Oakland Athletics,3,8
2021-08-14,New York Mets,Los Angeles Dodgers,1,2
2021-08-14,Kansas City Royals,St. Louis Cardinals,4,9
2021-08-14,Minnesota Twins,Tampa Bay Rays,12,0
2021-08-14,Chicago White Sox,New York Yankees,5,7
2021-08-14,Arizona Diamondbacks,San Diego Padres,7,0
2021-08-14,San Francisco Giants,Colorado Rockies,1,4
2021-08-14,Los Angeles Angels,Houston Astros,2,8
2021-08-14,Seattle Mariners,Toronto Blue Jays,9,3
2021-08-15,Philadelphia Phillies,Cincinnati Reds,4,7
2021-08-15,Washington Nationals,Atlanta Braves,5,6
2021-08-15,Pittsburgh Pirates,Milwaukee Brewers,1,2
2021-08-15,Boston Red Sox,Baltimore Orioles,6,2
2021-08-15,Detroit Tigers,Cleveland Indians,0,11
2021-08-15,Miami Marlins,Chicago Cubs,4,1
2021-08-15,Kansas City Royals,St. Louis Cardinals,2,7
2021-08-15,Minnesota Twins,Tampa Bay Rays,5,4
2021-08-15,Chicago White Sox,New York Yankees,3,5
2021-08-15,Texas Rangers,Oakland Athletics,7,4
2021-08-15,San Francisco Giants,Colorado Rockies,5,2
2021-08-15,Los Angeles Angels,Houston Astros,3,1
2021-08-15,Arizona Diamondbacks,San Diego Padres,2,8
2021-08-15,Seattle Mariners,Toronto Blue Jays,3,8
2021-08-15,New York Mets,Los Angeles Dodgers,4,14
2021-08-16,New York Yankees,Los Angeles Angels,2,1
2021-08-16,Cincinnati Reds,Chicago Cubs,14,5
2021-08-16,Tampa Bay Rays,Baltimore Orioles,9,2
2021-08-16,Miami Marlins,Atlanta Braves,2,12
2021-08-16,Kansas City Royals,Houston Astros,7,6
2021-08-16,Minnesota Twins,Cleveland Indians,5,4
2021-08-16,Chicago White Sox,Oakland Athletics,5,2
2021-08-16,Colorado Rockies,San Diego Padres,6,5
2021-08-16,San Francisco Giants,New York Mets,7,5
2021-08-16,Los Angeles Dodgers,Pittsburgh Pirates,2,1
2021-08-17,New York Yankees,Boston Red Sox,5,3
2021-08-17,New York Yankees,Boston Red Sox,2,0
2021-08-17,Washington Nationals,Toronto Blue Jays,12,6
2021-08-17,Cincinnati Reds,Chicago Cubs,1,2
2021-08-17,Detroit Tigers,Los Angeles Angels,2,8
2021-08-17,Tampa Bay Rays,Baltimore Orioles,10,0
2021-08-17,Miami Marlins,Atlanta Braves,0,2
2021-08-17,St. Louis Cardinals,Milwaukee Brewers,0,2
2021-08-17,Texas Rangers,Seattle Mariners,1,3
2021-08-17,Kansas City Royals,Houston Astros,3,1
2021-08-17,Minnesota Twins,Cleveland Indians,1,3
2021-08-17,Chicago White Sox,Oakland Athletics,9,0
2021-08-17,Colorado Rockies,San Diego Padres,7,3
2021-08-17,Arizona Diamondbacks,Philadelphia Phillies,3,2
2021-08-17,San Francisco Giants,New York Mets,3,2
2021-08-17,Los Angeles Dodgers,Pittsburgh Pirates,4,3
2021-08-18,Cincinnati Reds,Chicago Cubs,1,7
2021-08-18,Minnesota Twins,Cleveland Indians,8,7
2021-08-18,Colorado Rockies,San Diego Padres,7,5
2021-08-18,San Francisco Giants,New York Mets,2,6
2021-08-18,Washington Nationals,Toronto Blue Jays,8,5
2021-08-18,New York Yankees,Boston Red Sox,5,2
2021-08-18,Detroit Tigers,Los Angeles Angels,1,3
2021-08-18,Tampa Bay Rays,Baltimore Orioles,8,4
2021-08-18,Miami Marlins,Atlanta Braves,9,11
2021-08-18,St. Louis Cardinals,Milwaukee Brewers,4,6
2021-08-18,Texas Rangers,Seattle Mariners,1,3
2021-08-18,Kansas City Royals,Houston Astros,3,2
2021-08-18,Chicago White Sox,Oakland Athletics,3,2
2021-08-18,Arizona Diamondbacks,Philadelphia Phillies,4,2
2021-08-18,Los Angeles Dodgers,Pittsburgh Pirates,9,0
2021-08-19,Detroit Tigers,Los Angeles Angels,10,13
2021-08-19,Tampa Bay Rays,Baltimore Orioles,7,2
2021-08-19,Texas Rangers,Seattle Mariners,8,9
2021-08-19,Kansas City Royals,Houston Astros,3,6
2021-08-19,Chicago White Sox,Oakland Athletics,4,5
2021-08-19,Arizona Diamondbacks,Philadelphia Phillies,6,2
2021-08-19,New York Yankees,Minnesota Twins,7,5
2021-08-19,Cincinnati Reds,Miami Marlins,6,1
2021-08-19,St. Louis Cardinals,Milwaukee Brewers,8,4
2021-08-19,Los Angeles Dodgers,New York Mets,4,1
2021-08-20,Chicago Cubs,Kansas City Royals,2,6
2021-08-20,Baltimore Orioles,Atlanta Braves,0,3
2021-08-20,New York Yankees,Minnesota Twins,10,2
2021-08-20,Toronto Blue Jays,Detroit Tigers,1,4
2021-08-20,Cleveland Indians,Los Angeles Angels,9,1
2021-08-20,Boston Red Sox,Texas Rangers,6,0
2021-08-20,Tampa Bay Rays,Chicago White Sox,5,7
2021-08-20,Cincinnati Reds,Miami Marlins,5,3
2021-08-20,Houston Astros,Seattle Mariners,12,3
2021-08-20,Milwaukee Brewers,Washington Nationals,1,4
2021-08-20,St. Louis Cardinals,Pittsburgh Pirates,0,4
2021-08-20,Colorado Rockies,Arizona Diamondbacks,9,4
2021-08-20,Oakland Athletics,San Francisco Giants,4,1
2021-08-20,Los Angeles Dodgers,New York Mets,3,2
2021-08-20,San Diego Padres,Philadelphia Phillies,3,4
2021-08-21,New York Yankees,Minnesota Twins,7,1
2021-08-21,Tampa Bay Rays,Chicago White Sox,8,4
2021-08-21,Chicago Cubs,Kansas City Royals,2,4
2021-08-21,Toronto Blue Jays,Detroit Tigers,3,0
2021-08-21,Los Angeles Dodgers,New York Mets,4,3
2021-08-21,Milwaukee Brewers,Washington Nationals,9,6
2021-08-21,Oakland Athletics,San Francisco Giants,5,6
2021-08-21,Cleveland Indians,Los Angeles Angels,5,1
2021-08-21,Houston Astros,Seattle Mariners,15,1
2021-08-21,Cincinnati Reds,Miami Marlins,7,4
2021-08-21,Baltimore Orioles,Atlanta Braves,4,5
2021-08-21,Boston Red Sox,Texas Rangers,1,10
2021-08-21,St. Louis Cardinals,Pittsburgh Pirates,4,5
2021-08-21,Colorado Rockies,Arizona Diamondbacks,5,2
2021-08-21,San Diego Padres,Philadelphia Phillies,4,3
2021-08-22,Baltimore Orioles,Atlanta Braves,1,3
2021-08-22,Toronto Blue Jays,Detroit Tigers,3,5
2021-08-22,Tampa Bay Rays,Chicago White Sox,9,0
2021-08-22,Cincinnati Reds,Miami Marlins,3,1
2021-08-22,Houston Astros,Seattle Mariners,3,6
2021-08-22,Milwaukee Brewers,Washington Nationals,7,3
2021-08-22,St. Louis Cardinals,Pittsburgh Pirates,3,0
2021-08-22,Chicago Cubs,Kansas City Royals,1,9
2021-08-22,Colorado Rockies,Arizona Diamondbacks,4,8
2021-08-22,San Diego Padres,Philadelphia Phillies,4,7
2021-08-22,Oakland Athletics,San Francisco Giants,1,2
2021-08-22,Los Angeles Dodgers,New York Mets,2,7
2021-08-22,Cleveland Indians,Los Angeles Angels,3,0
2021-08-23,Boston Red Sox,Texas Rangers,8,4
2021-08-23,Pittsburgh Pirates,Arizona Diamondbacks,6,5
2021-08-23,Toronto Blue Jays,Chicago White Sox,2,1
2021-08-23,Atlanta Braves,New York Yankees,1,5
2021-08-23,Chicago Cubs,Colorado Rockies,6,4
2021-08-23,Houston Astros,Kansas City Royals,1,7
2021-08-23,Oakland Athletics,Seattle Mariners,3,5
2021-08-24,Oakland Athletics,Seattle Mariners,1,5
2021-08-24,Baltimore Orioles,Los Angeles Angels,8,14
2021-08-24,Pittsburgh Pirates,Arizona Diamondbacks,4,2
2021-08-24,Philadelphia Phillies,Tampa Bay Rays,1,3
2021-08-24,Toronto Blue Jays,Chicago White Sox,2,5
2021-08-24,New York Mets,San Francisco Giants,0,8
2021-08-24,Cleveland Indians,Texas Rangers,3,7
2021-08-24,Boston Red Sox,Minnesota Twins,11,9
2021-08-24,Miami Marlins,Washington Nationals,1,5
2021-08-24,Atlanta Braves,New York Yankees,4,5
2021-08-24,St. Louis Cardinals,Detroit Tigers,3,4
2021-08-24,Houston Astros,Kansas City Royals,4,0
2021-08-24,Milwaukee Brewers,Cincinnati Reds,7,4
2021-08-24,San Diego Padres,Los Angeles Dodgers,2,5
2021-08-25,St. Louis Cardinals,Detroit Tigers,3,2
2021-08-25,Houston Astros,Kansas City Royals,6,5
2021-08-25,Chicago Cubs,Colorado Rockies,5,2
2021-08-25,Chicago Cubs,Colorado Rockies,10,13
2021-08-25,Baltimore Orioles,Los Angeles Angels,10,6
2021-08-25,Pittsburgh Pirates,Arizona Diamondbacks,2,5
2021-08-25,Philadelphia Phillies,Tampa Bay Rays,4,7
2021-08-25,Toronto Blue Jays,Chicago White Sox,3,1
2021-08-25,New York Mets,San Francisco Giants,2,3
2021-08-25,Cleveland Indians,Texas Rangers,7,2
2021-08-25,Boston Red Sox,Minnesota Twins,6,9
2021-08-25,Miami Marlins,Washington Nationals,4,3
2021-08-25,Milwaukee Brewers,Cincinnati Reds,4,1
2021-08-25,San Diego Padres,Los Angeles Dodgers,3,5
2021-08-26,Baltimore Orioles,Los Angeles Angels,13,1
2021-08-26,Milwaukee Brewers,Cincinnati Reds,1,5
2021-08-26,Toronto Blue Jays,Chicago White Sox,7,10
2021-08-26,Pittsburgh Pirates,St. Louis Cardinals,11,7
2021-08-26,Philadelphia Phillies,Arizona Diamondbacks,7,8
2021-08-26,New York Mets,San Francisco Giants,2,3
2021-08-26,Cleveland Indians,Texas Rangers,10,6
2021-08-26,Boston Red Sox,Minnesota Twins,12,2
2021-08-26,Miami Marlins,Washington Nationals,7,5
2021-08-26,San Diego Padres,Los Angeles Dodgers,0,4
2021-08-26,Oakland Athletics,New York Yankees,6,7
2021-08-26,Seattle Mariners,Kansas City Royals,4,6
2021-08-27,Pittsburgh Pirates,St. Louis Cardinals,3,4
2021-08-27,Baltimore Orioles,Tampa Bay Rays,3,6
2021-08-27,Philadelphia Phillies,Arizona Diamondbacks,7,6
2021-08-27,Cleveland Indians,Boston Red Sox,3,4
2021-08-27,New York Mets,Washington Nationals,1,2
2021-08-27,Detroit Tigers,Toronto Blue Jays,2,1
2021-08-27,Miami Marlins,Cincinnati Reds,0,6
2021-08-27,Atlanta Braves,San Francisco Giants,6,5
2021-08-27,Texas Rangers,Houston Astros,4,5
2021-08-27,Chicago White Sox,Chicago Cubs,17,13
2021-08-27,Minnesota Twins,Milwaukee Brewers,2,0
2021-08-27,Los Angeles Angels,San Diego Padres,0,5
2021-08-27,Oakland Athletics,New York Yankees,2,8
2021-08-27,Los Angeles Dodgers,Colorado Rockies,2,4
2021-08-27,Seattle Mariners,Kansas City Royals,7,8
2021-08-28,Cleveland Indians,Boston Red Sox,3,5
2021-08-28,Oakland Athletics,New York Yankees,3,2
2021-08-28,Seattle Mariners,Kansas City Royals,2,4
2021-08-28,Philadelphia Phillies,Arizona Diamondbacks,7,0
2021-08-28,Detroit Tigers,Toronto Blue Jays,2,3
2021-08-28,Miami Marlins,Cincinnati Reds,6,1
2021-08-28,Pittsburgh Pirates,St. Louis Cardinals,0,13
2021-08-28,Baltimore Orioles,Tampa Bay Rays,3,4
2021-08-28,Texas Rangers,Houston Astros,2,5
2021-08-28,New York Mets,Washington Nationals,5,3
2021-08-28,Chicago White Sox,Chicago Cubs,0,7
2021-08-28,Minnesota Twins,Milwaukee Brewers,6,4
2021-08-28,Atlanta Braves,San Francisco Giants,0,5
2021-08-28,Los Angeles Angels,San Diego Padres,10,2
2021-08-28,Los Angeles Dodgers,Colorado Rockies,5,2
2021-08-29,Pittsburgh Pirates,St. Louis Cardinals,4,3
2021-08-29,Baltimore Orioles,Tampa Bay Rays,8,12
2021-08-29,Philadelphia Phillies,Arizona Diamondbacks,7,4
2021-08-29,Cleveland Indians,Boston Red Sox,7,5
2021-08-29,New York Mets,Washington Nationals,9,4
2021-08-29,Detroit Tigers,Toronto Blue Jays,1,2
2021-08-29,Miami Marlins,Cincinnati Reds,2,1
2021-08-29,Atlanta Braves,San Francisco Giants,9,0
2021-08-29,Chicago White Sox,Chicago Cubs,13,1
2021-08-29,Minnesota Twins,Milwaukee Brewers,2,6
2021-08-29,Texas Rangers,Houston Astros,13,2
2021-08-29,Los Angeles Dodgers,Colorado Rockies,0,5
2021-08-29,Seattle Mariners,Kansas City Royals,4,3
2021-08-29,Oakland Athletics,New York Yankees,3,1
2021-08-30,Detroit Tigers,Minnesota Twins,2,3
2021-08-30,Cincinnati Reds,St. Louis Cardinals,1,3
2021-08-30,Washington Nationals,Philadelphia Phillies,4,7
2021-08-30,Toronto Blue Jays,Baltimore Orioles,7,3
2021-08-30,Tampa Bay Rays,Boston Red Sox,6,1
2021-08-30,Texas Rangers,Colorado Rockies,4,3
2021-08-30,Los Angeles Angels,New York Yankees,8,7
2021-08-30,Arizona Diamondbacks,San Diego Padres,5,7
2021-08-30,San Francisco Giants,Milwaukee Brewers,1,3
2021-08-30,Seattle Mariners,Houston Astros,3,4
2021-08-30,Los Angeles Dodgers,Atlanta Braves,5,3
2021-04-11,New York Mets,Miami Marlins,6,5
2021-08-31,Washington Nationals,Philadelphia Phillies,6,12
2021-08-31,Toronto Blue Jays,Baltimore Orioles,2,4
2021-08-31,Detroit Tigers,Oakland Athletics,3,9
2021-08-31,Tampa Bay Rays,Boston Red Sox,8,5
2021-08-31,New York Mets,Miami Marlins,3,1
2021-08-31,Texas Rangers,Colorado Rockies,4,3
2021-08-31,Kansas City Royals,Cleveland Indians,2,7
2021-08-31,Minnesota Twins,Chicago Cubs,1,3
2021-08-31,Chicago White Sox,Pittsburgh Pirates,4,2
2021-08-31,Los Angeles Angels,New York Yankees,6,4
2021-08-31,Arizona Diamondbacks,San Diego Padres,0,3
2021-08-31,San Francisco Giants,Milwaukee Brewers,2,6
2021-08-31,Seattle Mariners,Houston Astros,4,0
2021-08-31,Los Angeles Dodgers,Atlanta Braves,3,2
2021-09-01,Cincinnati Reds,St. Louis Cardinals,4,5
2021-09-01,Cincinnati Reds,St. Louis Cardinals,12,2
2021-09-01,Texas Rangers,Colorado Rockies,5,9
2021-09-01,Arizona Diamondbacks,San Diego Padres,8,3
2021-09-01,Seattle Mariners,Houston Astros,1,0
2021-09-01,Toronto Blue Jays,Baltimore Orioles,5,4
2021-09-01,Los Angeles Angels,New York Yankees,1,4
2021-09-01,Detroit Tigers,Oakland Athletics,8,6
2021-09-01,Tampa Bay Rays,Boston Red Sox,2,3
2021-09-01,Kansas City Royals,Cleveland Indians,3,5
2021-09-01,Minnesota Twins,Chicago Cubs,0,3
2021-09-01,Chicago White Sox,Pittsburgh Pirates,6,3
2021-09-01,San Francisco Giants,Milwaukee Brewers,2,5
2021-09-01,Los Angeles Dodgers,Atlanta Braves,4,3
2021-09-02,Washington Nationals,Philadelphia Phillies,6,7
2021-09-02,Detroit Tigers,Oakland Athletics,6,8
2021-09-02,San Francisco Giants,Milwaukee Brewers,5,1
2021-09-02,Tampa Bay Rays,Boston Red Sox,0,4
2021-09-02,New York Mets,Miami Marlins,4,3
2021-09-02,Chicago Cubs,Pittsburgh Pirates,6,5
2021-09-02,Kansas City Royals,Cleveland Indians,2,4
2021-09-02,Colorado Rockies,Atlanta Braves,5,6
2021-09-03,Chicago Cubs,Pittsburgh Pirates,6,5
2021-09-03,Washington Nationals,New York Mets,2,6
2021-09-03,New York Yankees,Baltimore Orioles,4,3
2021-09-03,Toronto Blue Jays,Oakland Athletics,11,10
2021-09-03,Boston Red Sox,Cleveland Indians,8,5
2021-09-03,Cincinnati Reds,Detroit Tigers,5,15
2021-09-03,Tampa Bay Rays,Minnesota Twins,5,3
2021-09-03,Miami Marlins,Philadelphia Phillies,10,3
2021-09-03,Kansas City Royals,Chicago White Sox,7,2
2021-09-03,Milwaukee Brewers,St. Louis Cardinals,4,15
2021-09-03,Colorado Rockies,Atlanta Braves,4,3
2021-09-03,Los Angeles Angels,Texas Rangers,3,2
2021-09-03,Arizona Diamondbacks,Seattle Mariners,5,6
2021-09-03,San Francisco Giants,Los Angeles Dodgers,3,2
2021-09-03,San Diego Padres,Houston Astros,3,6
2021-09-04,Washington Nationals,New York Mets,9,11
2021-09-04,Washington Nationals,New York Mets,4,3
2021-09-04,New York Yankees,Baltimore Orioles,3,4
2021-09-04,Chicago Cubs,Pittsburgh Pirates,7,6
2021-09-04,Toronto Blue Jays,Oakland Athletics,10,8
2021-09-04,Tampa Bay Rays,Minnesota Twins,11,4
2021-09-04,Boston Red Sox,Cleveland Indians,4,3
2021-09-04,Miami Marlins,Philadelphia Phillies,3,2
2021-09-04,Cincinnati Reds,Detroit Tigers,7,4
2021-09-04,Kansas City Royals,Chicago White Sox,7,10
2021-09-04,Milwaukee Brewers,St. Louis Cardinals,4,0
2021-09-04,Arizona Diamondbacks,Seattle Mariners,5,8
2021-09-04,Colorado Rockies,Atlanta Braves,7,6
2021-09-04,San Diego Padres,Houston Astros,10,2
2021-09-04,San Francisco Giants,Los Angeles Dodgers,1,6
2021-09-04,Los Angeles Angels,Texas Rangers,4,1
2021-09-05,Washington Nationals,New York Mets,6,13
2021-09-05,New York Yankees,Baltimore Orioles,7,8
2021-09-05,Toronto Blue Jays,Oakland Athletics,8,0
2021-09-05,Boston Red Sox,Cleveland Indians,5,11
2021-09-05,Cincinnati Reds,Detroit Tigers,1,4
2021-09-05,Tampa Bay Rays,Minnesota Twins,5,6
2021-09-05,Miami Marlins,Philadelphia Phillies,3,4
2021-09-05,Kansas City Royals,Chicago White Sox,6,0
2021-09-05,Milwaukee Brewers,St. Louis Cardinals,6,5
2021-09-05,Chicago Cubs,Pittsburgh Pirates,11,8
2021-09-05,Colorado Rockies,Atlanta Braves,2,9
2021-09-05,Los Angeles Angels,Texas Rangers,3,7
2021-09-05,San Diego Padres,Houston Astros,4,3
2021-09-05,Arizona Diamondbacks,Seattle Mariners,4,10
2021-09-05,San Francisco Giants,Los Angeles Dodgers,6,4
2021-09-06,Baltimore Orioles,Kansas City Royals,2,3
2021-09-06,Washington Nationals,New York Mets,4,3
2021-09-06,New York Yankees,Toronto Blue Jays,0,8
2021-09-06,Boston Red Sox,Tampa Bay Rays,10,11
2021-09-06,Pittsburgh Pirates,Detroit Tigers,6,3
2021-09-06,Milwaukee Brewers,Philadelphia Phillies,0,12
2021-09-06,Chicago Cubs,Cincinnati Reds,4,3
2021-09-06,Colorado Rockies,San Francisco Giants,5,10
2021-09-06,St. Louis Cardinals,Los Angeles Dodgers,1,5
2021-09-06,Cleveland Indians,Minnesota Twins,2,5
2021-09-06,Houston Astros,Seattle Mariners,11,2
2021-09-06,Los Angeles Angels,Texas Rangers,0,4
2021-09-07,Cleveland Indians,Minnesota Twins,0,3
2021-09-07,Pittsburgh Pirates,Detroit Tigers,3,2
2021-09-07,Miami Marlins,New York Mets,4,9
2021-09-07,Baltimore Orioles,Kansas City Royals,7,3
2021-09-07,New York Yankees,Toronto Blue Jays,1,5
2021-09-07,Boston Red Sox,Tampa Bay Rays,7,12
2021-09-07,Atlanta Braves,Washington Nationals,8,5
2021-09-07,Chicago Cubs,Cincinnati Reds,3,4
2021-09-07,Milwaukee Brewers,Philadelphia Phillies,10,0
2021-09-07,St. Louis Cardinals,Los Angeles Dodgers,2,7
2021-09-07,Houston Astros,Seattle Mariners,5,4
2021-09-07,Colorado Rockies,San Francisco Giants,3,12
2021-09-07,Arizona Diamondbacks,Texas Rangers,1,3
2021-09-07,Oakland Athletics,Chicago White Sox,3,6
2021-09-07,San Diego Padres,Los Angeles Angels,0,4
2021-09-08,Houston Astros,Seattle Mariners,5,8
2021-09-08,Colorado Rockies,San Francisco Giants,4,7
2021-09-08,Arizona Diamondbacks,Texas Rangers,5,8
2021-09-08,Cleveland Indians,Minnesota Twins,0,3
2021-09-08,Pittsburgh Pirates,Detroit Tigers,1,5
2021-09-08,Miami Marlins,New York Mets,2,1
2021-09-08,Baltimore Orioles,Kansas City Royals,9,8
2021-09-08,New York Yankees,Toronto Blue Jays,3,6
2021-09-08,Boston Red Sox,Tampa Bay Rays,2,1
2021-09-08,Atlanta Braves,Washington Nationals,2,4
2021-09-08,Chicago Cubs,Cincinnati Reds,4,1
2021-09-08,Milwaukee Brewers,Philadelphia Phillies,4,3
2021-09-08,St. Louis Cardinals,Los Angeles Dodgers,5,4
2021-09-08,San Diego Padres,Los Angeles Angels,8,5
2021-09-08,Oakland Athletics,Chicago White Sox,5,1
2021-09-09,St. Louis Cardinals,Los Angeles Dodgers,2,1
2021-09-09,Oakland Athletics,Chicago White Sox,3,1
2021-09-09,Cleveland Indians,Minnesota Twins,4,1
2021-09-09,Miami Marlins,New York Mets,3,2
2021-09-09,Baltimore Orioles,Kansas City Royals,0,6
2021-09-09,Philadelphia Phillies,Colorado Rockies,3,4
2021-09-09,New York Yankees,Toronto Blue Jays,4,6
2021-09-09,Atlanta Braves,Washington Nationals,7,6
2021-09-10,Chicago Cubs,San Francisco Giants,1,6
2021-09-10,Pittsburgh Pirates,Washington Nationals,4,3
2021-09-10,Baltimore Orioles,Toronto Blue Jays,6,3
2021-09-10,Philadelphia Phillies,Colorado Rockies,2,11
2021-09-10,Detroit Tigers,Tampa Bay Rays,10,4
2021-09-10,New York Mets,New York Yankees,10,3
2021-09-10,Cleveland Indians,Milwaukee Brewers,3,10
2021-09-10,Atlanta Braves,Miami Marlins,6,2
2021-09-10,Houston Astros,Los Angeles Angels,10,5
2021-09-10,Minnesota Twins,Kansas City Royals,4,6
2021-09-10,Chicago White Sox,Boston Red Sox,4,3
2021-09-10,St. Louis Cardinals,Cincinnati Reds,2,4
2021-09-10,Oakland Athletics,Texas Rangers,10,5
2021-09-10,Los Angeles Dodgers,San Diego Padres,3,0
2021-09-10,Seattle Mariners,Arizona Diamondbacks,5,4
2021-09-11,Chicago Cubs,San Francisco Giants,4,15
2021-09-11,Oakland Athletics,Texas Rangers,6,8
2021-09-11,Baltimore Orioles,Toronto Blue Jays,10,11
2021-09-11,Baltimore Orioles,Toronto Blue Jays,2,11
2021-09-11,Philadelphia Phillies,Colorado Rockies,6,1
2021-09-11,Detroit Tigers,Tampa Bay Rays,2,7
2021-09-11,Cleveland Indians,Milwaukee Brewers,0,3
2021-09-11,Pittsburgh Pirates,Washington Nationals,10,7
2021-09-11,Houston Astros,Los Angeles Angels,2,4
2021-09-11,Minnesota Twins,Kansas City Royals,9,2
2021-09-11,Chicago White Sox,Boston Red Sox,8,9
2021-09-11,St. Louis Cardinals,Cincinnati Reds,6,4
2021-09-11,Atlanta Braves,Miami Marlins,4,6
2021-09-11,New York Mets,New York Yankees,7,8
2021-09-11,Los Angeles Dodgers,San Diego Padres,5,4
2021-09-11,Seattle Mariners,Arizona Diamondbacks,3,7
2021-09-12,Detroit Tigers,Tampa Bay Rays,8,7
2021-09-12,Pittsburgh Pirates,Washington Nationals,2,6
2021-09-12,Baltimore Orioles,Toronto Blue Jays,7,22
2021-09-12,Philadelphia Phillies,Colorado Rockies,4,5
2021-09-12,Cleveland Indians,Milwaukee Brewers,1,11
2021-09-12,Atlanta Braves,Miami Marlins,5,3
2021-09-12,Houston Astros,Los Angeles Angels,3,1
2021-09-12,Minnesota Twins,Kansas City Royals,3,5
2021-09-12,Chicago White Sox,Boston Red Sox,2,1
2021-09-12,St. Louis Cardinals,Cincinnati Reds,2,0
2021-09-12,Chicago Cubs,San Francisco Giants,5,6
2021-09-12,Oakland Athletics,Texas Rangers,3,4
2021-09-12,Los Angeles Dodgers,San Diego Padres,8,0
2021-09-12,Seattle Mariners,Arizona Diamondbacks,4,5
2021-09-12,New York Mets,New York Yankees,7,6
2021-09-13,New York Yankees,Minnesota Twins,6,5
2021-09-13,Washington Nationals,Miami Marlins,0,3
2021-09-13,Toronto Blue Jays,Tampa Bay Rays,8,1
2021-09-13,New York Mets,St. Louis Cardinals,0,7
2021-09-13,Texas Rangers,Houston Astros,1,15
2021-09-13,San Francisco Giants,San Diego Padres,9,1
2021-09-13,Los Angeles Dodgers,Arizona Diamondbacks,5,1
2021-09-13,Seattle Mariners,Boston Red Sox,5,4
2021-09-14,Minnesota Twins,Cleveland Indians,1,3
2021-09-14,Minnesota Twins,Cleveland Indians,6,3
2021-09-14,Pittsburgh Pirates,Cincinnati Reds,6,5
2021-09-14,Detroit Tigers,Milwaukee Brewers,1,0
2021-09-14,Philadelphia Phillies,Chicago Cubs,3,6
2021-09-14,Washington Nationals,Miami Marlins,8,2
2021-09-14,Baltimore Orioles,New York Yankees,2,7
2021-09-14,Toronto Blue Jays,Tampa Bay Rays,0,2
2021-09-14,New York Mets,St. Louis Cardinals,6,7
2021-09-14,Atlanta Braves,Colorado Rockies,4,5
2021-09-14,Texas Rangers,Houston Astros,8,1
2021-09-14,Kansas City Royals,Oakland Athletics,10,7
2021-09-14,Chicago White Sox,Los Angeles Angels,9,3
2021-09-14,San Francisco Giants,San Diego Padres,6,1
2021-09-14,Los Angeles Dodgers,Arizona Diamondbacks,8,4
2021-09-14,Seattle Mariners,Boston Red Sox,4,8
2021-09-15,Washington Nationals,Miami Marlins,6,8
2021-09-15,Detroit Tigers,Milwaukee Brewers,4,1
2021-09-15,Toronto Blue Jays,Tampa Bay Rays,6,3
2021-09-15,Seattle Mariners,Boston Red Sox,4,9
2021-09-15,Pittsburgh Pirates,Cincinnati Reds,5,4
2021-09-15,Philadelphia Phillies,Chicago Cubs,6,5
2021-09-15,Baltimore Orioles,New York Yankees,3,4
2021-09-15,New York Mets,St. Louis Cardinals,4,11
2021-09-15,Atlanta Braves,Colorado Rockies,2,3
2021-09-15,Minnesota Twins,Cleveland Indians,3,12
2021-09-15,Texas Rangers,Houston Astros,2,7
2021-09-15,Kansas City Royals,Oakland Athletics,10,12
2021-09-15,Chicago White Sox,Los Angeles Angels,2,3
2021-09-15,San Francisco Giants,San Diego Padres,6,9
2021-09-15,Los Angeles Dodgers,Arizona Diamondbacks,5,3
2021-09-16,Pittsburgh Pirates,Cincinnati Reds,0,1
2021-09-16,Kansas City Royals,Oakland Athletics,2,7
2021-09-16,Chicago White Sox,Los Angeles Angels,3,9
2021-09-16,San Francisco Giants,San Diego Padres,4,7
2021-09-16,Baltimore Orioles,New York Yankees,3,2
2021-09-16,Philadelphia Phillies,Chicago Cubs,17,8
2021-09-16,Tampa Bay Rays,Detroit Tigers,5,2
2021-09-16,Texas Rangers,Houston Astros,1,12
2021-09-17,Washington Nationals,Colorado Rockies,8,9
2021-09-17,New York Yankees,Cleveland Indians,8,0
2021-09-17,Toronto Blue Jays,Minnesota Twins,3,7
2021-09-17,Boston Red Sox,Baltimore Orioles,7,1
2021-09-17,Cincinnati Reds,Los Angeles Dodgers,3,1
2021-09-17,Tampa Bay Rays,Detroit Tigers,7,4
2021-09-17,New York Mets,Philadelphia Phillies,3,4
2021-09-17,Miami Marlins,Pittsburgh Pirates,1,2
2021-09-17,Texas Rangers,Chicago White Sox,0,8
2021-09-17,Houston Astros,Arizona Diamondbacks,4,3
2021-09-17,Kansas City Royals,Seattle Mariners,2,6
2021-09-17,Milwaukee Brewers,Chicago Cubs,8,5
2021-09-17,St. Louis Cardinals,San Diego Padres,8,2
2021-09-17,Los Angeles Angels,Oakland Athletics,4,5
2021-09-17,San Francisco Giants,Atlanta Braves,6,5
2021-09-18,New York Yankees,Cleveland Indians,3,11
2021-09-18,Boston Red Sox,Baltimore Orioles,9,3
2021-09-18,Cincinnati Reds,Los Angeles Dodgers,1,5
2021-09-18,Toronto Blue Jays,Minnesota Twins,6,2
2021-09-18,Washington Nationals,Colorado Rockies,0,6
2021-09-18,Tampa Bay Rays,Detroit Tigers,3,4
2021-09-18,Miami Marlins,Pittsburgh Pirates,3,6
2021-09-18,Texas Rangers,Chicago White Sox,2,1
2021-09-18,Houston Astros,Arizona Diamondbacks,4,6
2021-09-18,Kansas City Royals,Seattle Mariners,8,1
2021-09-18,St. Louis Cardinals,San Diego Padres,3,2
2021-09-18,New York Mets,Philadelphia Phillies,3,5
2021-09-18,Milwaukee Brewers,Chicago Cubs,6,4
2021-09-18,San Francisco Giants,Atlanta Braves,2,0
2021-09-18,Los Angeles Angels,Oakland Athletics,1,3
2021-09-19,Washington Nationals,Colorado Rockies,3,0
2021-09-19,New York Yankees,Cleveland Indians,1,11
2021-09-19,Toronto Blue Jays,Minnesota Twins,5,3
2021-09-19,Boston Red Sox,Baltimore Orioles,8,6
2021-09-19,Cincinnati Reds,Los Angeles Dodgers,5,8
2021-09-19,Tampa Bay Rays,Detroit Tigers,0,2
2021-09-19,Miami Marlins,Pittsburgh Pirates,6,5
2021-09-19,Houston Astros,Arizona Diamondbacks,7,6
2021-09-19,Kansas City Royals,Seattle Mariners,1,7
2021-09-19,Milwaukee Brewers,Chicago Cubs,4,6
2021-09-19,St. Louis Cardinals,San Diego Padres,8,7
2021-09-19,Texas Rangers,Chicago White Sox,2,7
2021-09-19,San Francisco Giants,Atlanta Braves,0,3
2021-09-19,Los Angeles Angels,Oakland Athletics,2,3
2021-09-19,New York Mets,Philadelphia Phillies,3,2
2021-09-20,Cleveland Indians,Kansas City Royals,2,7
2021-09-20,Cleveland Indians,Kansas City Royals,2,4
2021-09-20,Cincinnati Reds,Pittsburgh Pirates,9,5
2021-09-20,Detroit Tigers,Chicago White Sox,4,3
2021-09-20,Miami Marlins,Washington Nationals,8,7
2021-09-20,Philadelphia Phillies,Baltimore Orioles,0,2
2021-09-20,New York Yankees,Texas Rangers,4,3
2021-09-20,Tampa Bay Rays,Toronto Blue Jays,6,4
2021-09-20,Milwaukee Brewers,St. Louis Cardinals,2,5
2021-09-20,Los Angeles Angels,Houston Astros,0,10
2021-09-20,Oakland Athletics,Seattle Mariners,2,4
2021-09-20,Arizona Diamondbacks,Atlanta Braves,4,11
2021-09-21,Detroit Tigers,Chicago White Sox,5,3
2021-09-21,Cleveland Indians,Kansas City Royals,4,1
2021-09-21,Cincinnati Reds,Pittsburgh Pirates,2,6
2021-09-21,Miami Marlins,Washington Nationals,1,7
2021-09-21,Philadelphia Phillies,Baltimore Orioles,3,2
2021-09-21,New York Yankees,Texas Rangers,7,1
2021-09-21,Boston Red Sox,New York Mets,6,3
2021-09-21,Tampa Bay Rays,Toronto Blue Jays,2,4
2021-09-21,Chicago Cubs,Minnesota Twins,5,9
2021-09-21,Milwaukee Brewers,St. Louis Cardinals,1,2
2021-09-21,Colorado Rockies,Los Angeles Dodgers,4,5
2021-09-21,Los Angeles Angels,Houston Astros,5,10
2021-09-21,Oakland Athletics,Seattle Mariners,2,5
2021-09-21,Arizona Diamondbacks,Atlanta Braves,1,6
2021-09-21,San Diego Padres,San Francisco Giants,5,6
2021-09-22,Tampa Bay Rays,Toronto Blue Jays,7,1
2021-09-22,Miami Marlins,Washington Nationals,5,7
2021-09-22,Philadelphia Phillies,Baltimore Orioles,4,3
2021-09-22,New York Yankees,Texas Rangers,7,3
2021-09-22,Boston Red Sox,New York Mets,12,5
2021-09-22,Chicago Cubs,Minnesota Twins,4,5
2021-09-22,Milwaukee Brewers,St. Louis Cardinals,2,10
2021-09-22,Colorado Rockies,Los Angeles Dodgers,10,5
2021-09-22,Los Angeles Angels,Houston Astros,5,9
2021-09-22,Oakland Athletics,Seattle Mariners,1,4
2021-09-22,Arizona Diamondbacks,Atlanta Braves,2,9
2021-09-22,San Diego Padres,San Francisco Giants,6,8
2021-09-23,Cleveland Indians,Chicago White Sox,2,7
2021-09-23,Cleveland Indians,Chicago White Sox,5,3
2021-09-23,Milwaukee Brewers,St. Louis Cardinals,5,8
2021-09-23,Colorado Rockies,Los Angeles Dodgers,5,7
2021-09-23,Oakland Athletics,Seattle Mariners,5,6
2021-09-23,Arizona Diamondbacks,Atlanta Braves,6,4
2021-09-23,San Diego Padres,San Francisco Giants,7,6
2021-09-23,Cincinnati Reds,Washington Nationals,2,3
2021-09-23,Baltimore Orioles,Texas Rangers,3,0
2021-09-23,Philadelphia Phillies,Pittsburgh Pirates,12,6
2021-09-23,Minnesota Twins,Toronto Blue Jays,7,2
2021-09-23,Los Angeles Angels,Houston Astros,3,2
2021-09-24,Chicago Cubs,St. Louis Cardinals,5,8
2021-09-24,Chicago Cubs,St. Louis Cardinals,4,12
2021-09-24,Baltimore Orioles,Texas Rangers,5,8
2021-09-24,Philadelphia Phillies,Pittsburgh Pirates,8,6
2021-09-24,Detroit Tigers,Kansas City Royals,1,3
2021-09-24,Cincinnati Reds,Washington Nationals,8,7
2021-09-24,Cleveland Indians,Chicago White Sox,0,1
2021-09-24,Tampa Bay Rays,Miami Marlins,8,0
2021-09-24,Boston Red Sox,New York Yankees,3,8
2021-09-24,Colorado Rockies,San Francisco Giants,2,7
2021-09-24,Minnesota Twins,Toronto Blue Jays,3,1
2021-07-21,Atlanta Braves,San Diego Padres,5,6
2021-09-24,Milwaukee Brewers,New York Mets,5,1
2021-09-24,Los Angeles Angels,Seattle Mariners,5,6
2021-09-24,Arizona Diamondbacks,Los Angeles Dodgers,2,4
2021-09-24,Oakland Athletics,Houston Astros,14,2
2021-09-24,San Diego Padres,Atlanta Braves,0,4
2021-09-25,Chicago Cubs,St. Louis Cardinals,5,8
2021-09-25,Philadelphia Phillies,Pittsburgh Pirates,3,0
2021-09-25,Oakland Athletics,Houston Astros,2,1
2021-09-25,Boston Red Sox,New York Yankees,3,5
2021-09-25,Detroit Tigers,Kansas City Royals,5,1
2021-09-25,Tampa Bay Rays,Miami Marlins,7,3
2021-09-25,Baltimore Orioles,Texas Rangers,3,2
2021-09-25,Cincinnati Reds,Washington Nationals,7,6
2021-09-25,Minnesota Twins,Toronto Blue Jays,1,6
2021-09-25,Milwaukee Brewers,New York Mets,2,1
2021-09-25,San Diego Padres,Atlanta Braves,8,10
2021-09-25,Cleveland Indians,Chicago White Sox,6,0
2021-09-25,Arizona Diamondbacks,Los Angeles Dodgers,7,2
2021-09-25,Colorado Rockies,San Francisco Giants,2,7
2021-09-25,Los Angeles Angels,Seattle Mariners,14,1
2021-09-26,Detroit Tigers,Kansas City Royals,1,2
2021-09-26,Baltimore Orioles,Texas Rangers,4,7
2021-09-26,Philadelphia Phillies,Pittsburgh Pirates,0,6
2021-09-26,Cincinnati Reds,Washington Nationals,9,2
2021-09-26,Cleveland Indians,Chicago White Sox,2,5
2021-09-26,Tampa Bay Rays,Miami Marlins,3,2
2021-09-26,Minnesota Twins,Toronto Blue Jays,2,5
2021-09-26,Milwaukee Brewers,New York Mets,8,4
2021-09-26,Chicago Cubs,St. Louis Cardinals,2,4
2021-09-26,Colorado Rockies,San Francisco Giants,2,6
2021-09-26,Oakland Athletics,Houston Astros,4,3
2021-09-26,Los Angeles Angels,Seattle Mariners,1,5
2021-09-26,Arizona Diamondbacks,Los Angeles Dodgers,0,3
2021-09-26,San Diego Padres,Atlanta Braves,3,4
2021-09-26,Boston Red Sox,New York Yankees,3,6
2021-09-27,Cleveland Indians,Kansas City Royals,8,3
2021-09-27,Cincinnati Reds,Pittsburgh Pirates,13,1
2021-09-27,Detroit Tigers,Chicago White Sox,7,8
2021-09-27,Colorado Rockies,Washington Nationals,4,5
2021-09-27,Seattle Mariners,Oakland Athletics,13,4
2021-09-28,New York Mets,Miami Marlins,5,2
2021-09-28,New York Mets,Miami Marlins,2,1
2021-09-28,Pittsburgh Pirates,Chicago Cubs,8,6
2021-09-28,Baltimore Orioles,Boston Red Sox,4,2
2021-09-28,Toronto Blue Jays,New York Yankees,2,7
2021-09-28,Atlanta Braves,Philadelphia Phillies,2,1
2021-09-28,Minnesota Twins,Detroit Tigers,3,2
2021-09-28,St. Louis Cardinals,Milwaukee Brewers,6,2
2021-09-28,Texas Rangers,Los Angeles Angels,5,2
2021-09-28,Kansas City Royals,Cleveland Indians,6,4
2021-09-28,Houston Astros,Tampa Bay Rays,4,3
2021-09-28,Chicago White Sox,Cincinnati Reds,7,1
2021-09-28,Colorado Rockies,Washington Nationals,3,1
2021-09-28,San Francisco Giants,Arizona Diamondbacks,6,4
2021-09-28,Los Angeles Dodgers,San Diego Padres,2,1
2021-09-28,Seattle Mariners,Oakland Athletics,4,2
2021-09-29,Colorado Rockies,Washington Nationals,10,5
2021-09-29,Pittsburgh Pirates,Chicago Cubs,2,3
2021-09-29,Baltimore Orioles,Boston Red Sox,0,6
2021-09-29,Toronto Blue Jays,New York Yankees,6,5
2021-09-29,New York Mets,Miami Marlins,2,3
2021-09-29,Atlanta Braves,Philadelphia Phillies,7,2
2021-09-29,Minnesota Twins,Detroit Tigers,5,2
2021-09-29,St. Louis Cardinals,Milwaukee Brewers,0,4
2021-09-29,Texas Rangers,Los Angeles Angels,2,7
2021-09-29,Kansas City Royals,Cleveland Indians,10,5
2021-09-29,Houston Astros,Tampa Bay Rays,0,7
2021-09-29,Chicago White Sox,Cincinnati Reds,6,1
2021-09-29,San Francisco Giants,Arizona Diamondbacks,1,0
2021-09-29,Los Angeles Dodgers,San Diego Padres,11,9
2021-09-29,Seattle Mariners,Oakland Athletics,4,2
2021-09-30,St. Louis Cardinals,Milwaukee Brewers,4,3
2021-09-30,Texas Rangers,Los Angeles Angels,7,6
2021-09-30,Pittsburgh Pirates,Chicago Cubs,0,9
2021-09-30,Baltimore Orioles,Boston Red Sox,6,2
2021-09-30,Toronto Blue Jays,New York Yankees,2,6
2021-09-30,Houston Astros,Tampa Bay Rays,3,2
2021-09-30,New York Mets,Miami Marlins,12,3
2021-09-30,Atlanta Braves,Philadelphia Phillies,5,3
2021-09-30,Minnesota Twins,Detroit Tigers,7,10
2021-09-30,Kansas City Royals,Cleveland Indians,1,6
2021-09-30,San Francisco Giants,Arizona Diamondbacks,5,4
2021-09-30,Los Angeles Dodgers,San Diego Padres,8,3
2021-10-01,Pittsburgh Pirates,Cincinnati Reds,9,2
2021-10-01,Washington Nationals,Boston Red Sox,2,4
2021-10-01,New York Yankees,Tampa Bay Rays,3,4
2021-10-01,Toronto Blue Jays,Baltimore Orioles,6,4
2021-10-01,Miami Marlins,Philadelphia Phillies,0,5
2021-10-01,Atlanta Braves,New York Mets,3,4
2021-10-01,Texas Rangers,Cleveland Indians,6,9
2021-10-01,Houston Astros,Oakland Athletics,6,8
2021-10-01,Kansas City Royals,Minnesota Twins,11,6
2021-10-01,Chicago White Sox,Detroit Tigers,8,1
2021-10-01,St. Louis Cardinals,Chicago Cubs,4,3
2021-10-01,Arizona Diamondbacks,Colorado Rockies,7,9
2021-10-01,San Francisco Giants,San Diego Padres,3,0
2021-10-01,Seattle Mariners,Los Angeles Angels,1,2
2021-10-01,Los Angeles Dodgers,Milwaukee Brewers,8,6
2021-10-02,New York Yankees,Tampa Bay Rays,2,12
2021-10-02,Toronto Blue Jays,Baltimore Orioles,10,1
2021-10-02,Washington Nationals,Boston Red Sox,3,5
2021-10-02,San Francisco Giants,San Diego Padres,2,3
2021-10-02,Miami Marlins,Philadelphia Phillies,3,1
2021-10-02,Pittsburgh Pirates,Cincinnati Reds,8,6
2021-10-02,Texas Rangers,Cleveland Indians,7,2
2021-10-02,Houston Astros,Oakland Athletics,10,4
2021-10-02,Kansas City Royals,Minnesota Twins,0,4
2021-10-02,Chicago White Sox,Detroit Tigers,5,4
2021-10-02,St. Louis Cardinals,Chicago Cubs,5,6
2021-10-02,Atlanta Braves,New York Mets,6,5
2021-10-02,Arizona Diamondbacks,Colorado Rockies,11,2
2021-10-02,Seattle Mariners,Los Angeles Angels,6,4
2021-10-02,Los Angeles Dodgers,Milwaukee Brewers,8,3
2021-10-03,Washington Nationals,Boston Red Sox,5,7
2021-10-03,Pittsburgh Pirates,Cincinnati Reds,3,6
2021-10-03,San Francisco Giants,San Diego Padres,11,4
2021-10-03,Texas Rangers,Cleveland Indians,0,6
2021-10-03,New York Yankees,Tampa Bay Rays,1,0
2021-10-03,Toronto Blue Jays,Baltimore Orioles,12,4
2021-10-03,Arizona Diamondbacks,Colorado Rockies,5,4
2021-10-03,Houston Astros,Oakland Athletics,7,6
2021-10-03,Seattle Mariners,Los Angeles Angels,3,7
2021-10-03,Kansas City Royals,Minnesota Twins,3,7
2021-10-03,Chicago White Sox,Detroit Tigers,2,5
2021-10-03,Miami Marlins,Philadelphia Phillies,5,4
2021-10-03,Los Angeles Dodgers,Milwaukee Brewers,10,3
2021-10-03,St. Louis Cardinals,Chicago Cubs,2,3
2021-10-03,Atlanta Braves,New York Mets,5,0
2021-10-05,Boston Red Sox,New York Yankees,6,2
2021-10-06,Los Angeles Dodgers,St. Louis Cardinals,3,1
2021-10-07,Houston Astros,Chicago White Sox,6,1
2021-10-07,Tampa Bay Rays,Boston Red Sox,5,0
2021-10-08,Houston Astros,Chicago White Sox,9,4
2021-10-08,Milwaukee Brewers,Atlanta Braves,2,1
2021-10-08,Tampa Bay Rays,Boston Red Sox,6,14
2021-10-08,San Francisco Giants,Los Angeles Dodgers,4,0
2021-10-09,Milwaukee Brewers,Atlanta Braves,0,3
2021-10-09,San Francisco Giants,Los Angeles Dodgers,2,9
2021-10-10,Boston Red Sox,Tampa Bay Rays,6,4
2021-10-10,Chicago White Sox,Houston Astros,12,6
2021-10-11,Atlanta Braves,Milwaukee Brewers,3,0
2021-10-11,Boston Red Sox,Tampa Bay Rays,6,5
2021-10-11,Los Angeles Dodgers,San Francisco Giants,0,1
2021-10-12,Chicago White Sox,Houston Astros,1,10
2021-10-12,Atlanta Braves,Milwaukee Brewers,5,4
2021-10-12,Los Angeles Dodgers,San Francisco Giants,7,2
2021-10-14,San Francisco Giants,Los Angeles Dodgers,1,2
2021-10-15,Houston Astros,Boston Red Sox,5,4
2021-10-16,Houston Astros,Boston Red Sox,5,9
2021-10-16,Atlanta Braves,Los Angeles Dodgers,3,2
2021-10-17,Atlanta Braves,Los Angeles Dodgers,5,4
2021-10-18,Boston Red Sox,Houston Astros,12,3
2021-10-19,Los Angeles Dodgers,Atlanta Braves,6,5
2021-10-19,Boston Red Sox,Houston Astros,2,9
2021-10-20,Boston Red Sox,Houston Astros,1,9
2021-10-20,Los Angeles Dodgers,Atlanta Braves,2,9
2021-10-21,Los Angeles Dodgers,Atlanta Braves,11,2
2021-10-22,Houston Astros,Boston Red Sox,5,0
2021-10-23,Atlanta Braves,Los Angeles Dodgers,4,2
2021-10-26,Houston Astros,Atlanta Braves,2,6
2021-10-27,Houston Astros,Atlanta Braves,7,2
2021-10-29,Atlanta Braves,Houston Astros,2,0
2021-10-30,Atlanta Braves,Houston Astros,3,2
2021-10-31,Atlanta Braves,Houston Astros,5,9
2021-11-02,Houston Astros,Atlanta Braves,0,7
2022-04-07,Chicago Cubs,Milwaukee Brewers,5,4
2022-04-07,Kansas City Royals,Cleveland Guardians,3,1
2022-04-07,St. Louis Cardinals,Pittsburgh Pirates,9,0
2022-04-07,Washington Nationals,New York Mets,1,5
2022-04-07,Atlanta Braves,Cincinnati Reds,3,6
2022-04-07,Los Angeles Angels,Houston Astros,1,3
2022-04-07,Arizona Diamondbacks,San Diego Padres,4,2
2022-04-08,New York Yankees,Boston Red Sox,6,5
2022-04-08,Detroit Tigers,Chicago White Sox,5,4
2022-04-08,Philadelphia Phillies,Oakland Athletics,9,5
2022-04-08,Tampa Bay Rays,Baltimore Orioles,2,1
2022-04-08,Colorado Rockies,Los Angeles Dodgers,3,5
2022-04-08,Minnesota Twins,Seattle Mariners,1,2
2022-04-08,San Francisco Giants,Miami Marlins,6,5
2022-04-08,Washington Nationals,New York Mets,3,7
2022-04-08,Toronto Blue Jays,Texas Rangers,10,8
2022-04-08,Atlanta Braves,Cincinnati Reds,7,6
2022-04-08,Los Angeles Angels,Houston Astros,6,13
2022-04-08,Arizona Diamondbacks,San Diego Padres,0,3
2022-04-09,Tampa Bay Rays,Baltimore Orioles,5,3
2022-04-09,Detroit Tigers,Chicago White Sox,2,5
2022-04-09,Minnesota Twins,Seattle Mariners,3,4
2022-04-09,St. Louis Cardinals,Pittsburgh Pirates,6,2
2022-04-09,Chicago Cubs,Milwaukee Brewers,9,0
2022-04-09,Toronto Blue Jays,Texas Rangers,4,3
2022-04-09,Philadelphia Phillies,Oakland Athletics,4,2
2022-04-09,San Francisco Giants,Miami Marlins,1,2
2022-04-09,New York Yankees,Boston Red Sox,4,2
2022-04-09,Kansas City Royals,Cleveland Guardians,1,0
2022-04-09,Washington Nationals,New York Mets,0,5
2022-04-09,Atlanta Braves,Cincinnati Reds,2,1
2022-04-09,Colorado Rockies,Los Angeles Dodgers,3,2
2022-04-09,Arizona Diamondbacks,San Diego Padres,2,5
2022-04-09,Los Angeles Angels,Houston Astros,2,0
2022-04-10,Philadelphia Phillies,Oakland Athletics,1,4
2022-04-10,Tampa Bay Rays,Baltimore Orioles,8,0
2022-04-10,Detroit Tigers,Chicago White Sox,1,10
2022-04-10,Washington Nationals,New York Mets,4,2
2022-04-10,Atlanta Braves,Cincinnati Reds,3,6
2022-04-10,Toronto Blue Jays,Texas Rangers,6,12
2022-04-10,Kansas City Royals,Cleveland Guardians,3,17
2022-04-10,Minnesota Twins,Seattle Mariners,10,4
2022-04-10,St. Louis Cardinals,Pittsburgh Pirates,4,9
2022-04-10,Chicago Cubs,Milwaukee Brewers,4,5
2022-04-10,Colorado Rockies,Los Angeles Dodgers,9,4
2022-04-10,San Francisco Giants,Miami Marlins,3,2
2022-04-10,Los Angeles Angels,Houston Astros,1,4
2022-04-10,Arizona Diamondbacks,San Diego Padres,5,10
2022-04-10,New York Yankees,Boston Red Sox,3,4
2022-04-11,Kansas City Royals,Cleveland Guardians,7,10
2022-04-11,Baltimore Orioles,Milwaukee Brewers,2,0
2022-04-11,Texas Rangers,Colorado Rockies,4,6
2022-04-11,Detroit Tigers,Boston Red Sox,3,1
2022-04-11,Tampa Bay Rays,Oakland Athletics,2,13
2022-04-11,Philadelphia Phillies,New York Mets,5,4
2022-04-11,New York Yankees,Toronto Blue Jays,0,3
2022-04-11,Atlanta Braves,Washington Nationals,2,11
2022-04-11,Minnesota Twins,Seattle Mariners,4,0
2022-04-11,Los Angeles Angels,Miami Marlins,6,2
2022-04-11,San Francisco Giants,San Diego Padres,2,4
2022-04-12,Detroit Tigers,Boston Red Sox,3,5
2022-04-12,Cincinnati Reds,Cleveland Guardians,5,10
2022-04-12,Chicago White Sox,Seattle Mariners,3,2
2022-04-12,Pittsburgh Pirates,Chicago Cubs,1,2
2022-04-12,Tampa Bay Rays,Oakland Athletics,9,8
2022-04-12,Philadelphia Phillies,New York Mets,0,2
2022-04-12,New York Yankees,Toronto Blue Jays,4,0
2022-04-12,Baltimore Orioles,Milwaukee Brewers,4,5
2022-04-12,Los Angeles Angels,Miami Marlins,4,3
2022-04-12,Atlanta Braves,Washington Nationals,16,4
2022-04-12,Minnesota Twins,Los Angeles Dodgers,2,7
2022-04-12,St. Louis Cardinals,Kansas City Royals,6,5
2022-04-12,Texas Rangers,Colorado Rockies,1,4
2022-04-12,Arizona Diamondbacks,Houston Astros,1,2
2022-04-12,San Francisco Giants,San Diego Padres,13,2
2022-04-13,Atlanta Braves,Washington Nationals,1,3
2022-04-13,Cincinnati Reds,Cleveland Guardians,3,7
2022-04-13,Pittsburgh Pirates,Chicago Cubs,6,2
2022-04-13,Philadelphia Phillies,New York Mets,6,9
2022-04-13,Detroit Tigers,Boston Red Sox,7,9
2022-04-13,Minnesota Twins,Los Angeles Dodgers,0,7
2022-04-13,Arizona Diamondbacks,Houston Astros,3,2
2022-04-13,San Francisco Giants,San Diego Padres,2,1
2022-04-13,Tampa Bay Rays,Oakland Athletics,2,4
2022-04-13,New York Yankees,Toronto Blue Jays,4,6
2022-04-13,Baltimore Orioles,Milwaukee Brewers,2,4
2022-04-13,Chicago White Sox,Seattle Mariners,6,4
2022-04-14,Tampa Bay Rays,Oakland Athletics,3,6
2022-04-14,Chicago White Sox,Seattle Mariners,1,5
2022-04-14,Milwaukee Brewers,St. Louis Cardinals,5,1
2022-04-14,Pittsburgh Pirates,Washington Nationals,9,4
2022-04-14,Miami Marlins,Philadelphia Phillies,4,3
2022-04-14,New York Yankees,Toronto Blue Jays,3,0
2022-04-14,Texas Rangers,Los Angeles Angels,10,5
2022-04-14,Kansas City Royals,Detroit Tigers,2,4
2022-04-14,San Diego Padres,Atlanta Braves,12,1
2022-04-14,Colorado Rockies,Chicago Cubs,2,5
2022-04-14,Los Angeles Dodgers,Cincinnati Reds,9,3
2022-04-15,New York Mets,Arizona Diamondbacks,10,3
2022-04-15,Boston Red Sox,Minnesota Twins,4,8
2022-04-15,Pittsburgh Pirates,Washington Nationals,2,7
2022-04-15,Miami Marlins,Philadelphia Phillies,7,1
2022-04-15,Baltimore Orioles,New York Yankees,2,1
2022-04-15,Toronto Blue Jays,Oakland Athletics,4,1
2022-04-15,Cleveland Guardians,San Francisco Giants,1,4
2022-04-15,Chicago White Sox,Tampa Bay Rays,3,2
2022-04-15,Texas Rangers,Los Angeles Angels,6,9
2022-04-15,Kansas City Royals,Detroit Tigers,1,2
2022-04-15,Milwaukee Brewers,St. Louis Cardinals,1,10
2022-04-15,Colorado Rockies,Chicago Cubs,6,5
2022-04-15,San Diego Padres,Atlanta Braves,2,5
2022-04-15,Seattle Mariners,Houston Astros,11,1
2022-04-15,Los Angeles Dodgers,Cincinnati Reds,3,1
2022-04-16,New York Mets,Arizona Diamondbacks,2,3
2022-04-16,Chicago White Sox,Tampa Bay Rays,3,2
2022-04-16,Toronto Blue Jays,Oakland Athletics,5,7
2022-04-16,San Diego Padres,Atlanta Braves,2,5
2022-04-16,Kansas City Royals,Detroit Tigers,3,1
2022-04-16,Boston Red Sox,Minnesota Twins,4,0
2022-04-16,Cleveland Guardians,San Francisco Giants,2,4
2022-04-16,Miami Marlins,Philadelphia Phillies,3,10
2022-04-16,Pittsburgh Pirates,Washington Nationals,6,4
2022-04-16,Texas Rangers,Los Angeles Angels,2,7
2022-04-16,Baltimore Orioles,New York Yankees,2,5
2022-04-16,Milwaukee Brewers,St. Louis Cardinals,1,2
2022-04-16,Colorado Rockies,Chicago Cubs,9,6
2022-04-16,Seattle Mariners,Houston Astros,0,4
2022-04-16,Los Angeles Dodgers,Cincinnati Reds,5,2
2022-04-17,Baltimore Orioles,New York Yankees,5,0
2022-04-17,Pittsburgh Pirates,Washington Nationals,5,3
2022-04-17,Boston Red Sox,Minnesota Twins,8,1
2022-04-17,Toronto Blue Jays,Oakland Athletics,4,3
2022-04-17,New York Mets,Arizona Diamondbacks,5,0
2022-04-17,Cleveland Guardians,San Francisco Giants,1,8
2022-04-17,Miami Marlins,Philadelphia Phillies,11,3
2022-04-17,Chicago White Sox,Tampa Bay Rays,3,9
2022-04-17,Milwaukee Brewers,St. Louis Cardinals,6,5
2022-04-17,Texas Rangers,Los Angeles Angels,3,8
2022-04-17,Colorado Rockies,Chicago Cubs,4,6
2022-04-17,Los Angeles Dodgers,Cincinnati Reds,9,1
2022-04-17,Seattle Mariners,Houston Astros,7,2
2022-04-17,San Diego Padres,Atlanta Braves,2,1
2022-04-18,Boston Red Sox,Minnesota Twins,3,8
2022-04-18,Chicago Cubs,Tampa Bay Rays,4,2
2022-04-18,Milwaukee Brewers,Pittsburgh Pirates,6,1
2022-04-18,Houston Astros,Los Angeles Angels,8,3
2022-04-18,Colorado Rockies,Philadelphia Phillies,4,1
2022-04-18,Oakland Athletics,Baltimore Orioles,5,1
2022-04-18,San Diego Padres,Cincinnati Reds,4,1
2022-04-18,Los Angeles Dodgers,Atlanta Braves,7,4
2022-04-19,Washington Nationals,Arizona Diamondbacks,6,1
2022-04-19,Washington Nationals,Arizona Diamondbacks,1,0
2022-04-19,New York Mets,San Francisco Giants,5,4
2022-04-19,New York Mets,San Francisco Giants,3,1
2022-04-19,Miami Marlins,St. Louis Cardinals,1,5
2022-04-19,Detroit Tigers,New York Yankees,2,4
2022-04-19,Boston Red Sox,Toronto Blue Jays,2,1
2022-04-19,Chicago Cubs,Tampa Bay Rays,5,6
2022-04-19,Milwaukee Brewers,Pittsburgh Pirates,5,2
2022-04-19,Houston Astros,Los Angeles Angels,2,7
2022-04-19,Kansas City Royals,Minnesota Twins,4,3
2022-04-19,Colorado Rockies,Philadelphia Phillies,6,5
2022-04-19,Oakland Athletics,Baltimore Orioles,2,1
2022-04-19,San Diego Padres,Cincinnati Reds,6,2
2022-04-19,Seattle Mariners,Texas Rangers,6,2
2022-04-19,Los Angeles Dodgers,Atlanta Braves,1,3
2022-04-20,Milwaukee Brewers,Pittsburgh Pirates,4,2
2022-04-20,Cleveland Guardians,Chicago White Sox,11,1
2022-04-20,Cleveland Guardians,Chicago White Sox,2,1
2022-04-20,Colorado Rockies,Philadelphia Phillies,6,9
2022-04-20,Los Angeles Dodgers,Atlanta Braves,5,1
2022-04-20,San Diego Padres,Cincinnati Reds,6,0
2022-04-20,Oakland Athletics,Baltimore Orioles,0,1
2022-04-20,Chicago Cubs,Tampa Bay Rays,2,8
2022-04-20,Houston Astros,Los Angeles Angels,0,6
2022-04-20,Miami Marlins,St. Louis Cardinals,0,2
2022-04-20,Detroit Tigers,New York Yankees,3,5
2022-04-20,Washington Nationals,Arizona Diamondbacks,2,11
2022-04-20,New York Mets,San Francisco Giants,2,5
2022-04-20,Boston Red Sox,Toronto Blue Jays,1,6
2022-04-20,Kansas City Royals,Minnesota Twins,2,0
2022-04-20,Seattle Mariners,Texas Rangers,4,2
2022-04-21,New York Mets,San Francisco Giants,6,2
2022-04-21,Cleveland Guardians,Chicago White Sox,6,3
2022-04-21,Detroit Tigers,New York Yankees,3,0
2022-04-21,Boston Red Sox,Toronto Blue Jays,2,3
2022-04-21,Kansas City Royals,Minnesota Twins,0,1
2022-04-21,Oakland Athletics,Baltimore Orioles,6,4
2022-04-21,Washington Nationals,Arizona Diamondbacks,3,4
2022-04-21,Miami Marlins,St. Louis Cardinals,5,0
2022-04-21,Chicago Cubs,Pittsburgh Pirates,3,4
2022-04-21,Seattle Mariners,Texas Rangers,6,8
2022-04-22,Cincinnati Reds,St. Louis Cardinals,2,4
2022-04-22,Washington Nationals,San Francisco Giants,1,7
2022-04-22,New York Yankees,Cleveland Guardians,4,1
2022-04-22,Philadelphia Phillies,Milwaukee Brewers,4,2
2022-04-22,Tampa Bay Rays,Boston Red Sox,3,4
2022-04-22,Atlanta Braves,Miami Marlins,3,0
2022-04-22,Chicago Cubs,Pittsburgh Pirates,2,4
2022-04-22,Houston Astros,Toronto Blue Jays,3,4
2022-04-22,Minnesota Twins,Chicago White Sox,2,1
2022-04-22,Los Angeles Angels,Baltimore Orioles,3,5
2022-04-22,Arizona Diamondbacks,New York Mets,5,6
2022-04-22,San Diego Padres,Los Angeles Dodgers,1,6
2022-04-22,Seattle Mariners,Kansas City Royals,4,1
2022-04-22,Oakland Athletics,Texas Rangers,1,8
2022-04-23,Washington Nationals,San Francisco Giants,2,5
2022-04-23,New York Yankees,Cleveland Guardians,5,4
2022-04-23,Detroit Tigers,Colorado Rockies,13,0
2022-04-23,Detroit Tigers,Colorado Rockies,2,3
2022-04-23,Chicago Cubs,Pittsburgh Pirates,21,0
2022-04-23,Minnesota Twins,Chicago White Sox,9,2
2022-04-23,Philadelphia Phillies,Milwaukee Brewers,3,5
2022-04-23,Oakland Athletics,Texas Rangers,0,2
2022-04-23,Cincinnati Reds,St. Louis Cardinals,0,5
2022-04-23,Houston Astros,Toronto Blue Jays,2,3
2022-04-23,Tampa Bay Rays,Boston Red Sox,3,2
2022-04-23,Atlanta Braves,Miami Marlins,7,9
2022-04-23,Arizona Diamondbacks,New York Mets,5,2
2022-04-23,San Diego Padres,Los Angeles Dodgers,3,2
2022-04-23,Los Angeles Angels,Baltimore Orioles,4,5
2022-04-23,Seattle Mariners,Kansas City Royals,13,7
2022-04-24,Detroit Tigers,Colorado Rockies,2,6
2022-04-24,Tampa Bay Rays,Boston Red Sox,5,2
2022-04-24,Washington Nationals,San Francisco Giants,3,12
2022-04-24,Atlanta Braves,Miami Marlins,4,5
2022-04-24,New York Yankees,Cleveland Guardians,10,2
2022-04-24,Cincinnati Reds,St. Louis Cardinals,4,1
2022-04-24,Houston Astros,Toronto Blue Jays,8,7
2022-04-24,Minnesota Twins,Chicago White Sox,6,4
2022-04-24,Chicago Cubs,Pittsburgh Pirates,3,4
2022-04-24,Los Angeles Angels,Baltimore Orioles,7,6
2022-04-24,Oakland Athletics,Texas Rangers,2,0
2022-04-24,Arizona Diamondbacks,New York Mets,2,6
2022-04-24,San Diego Padres,Los Angeles Dodgers,2,10
2022-04-24,Seattle Mariners,Kansas City Royals,5,4
2022-04-24,Philadelphia Phillies,Milwaukee Brewers,0,1
2022-04-25,Milwaukee Brewers,San Francisco Giants,2,4
2022-04-25,Philadelphia Phillies,Colorado Rockies,8,2
2022-04-25,Toronto Blue Jays,Boston Red Sox,6,2
2022-04-25,St. Louis Cardinals,New York Mets,2,5
2022-04-25,Texas Rangers,Houston Astros,6,2
2022-04-25,Los Angeles Angels,Cleveland Guardians,3,0
2022-04-25,Arizona Diamondbacks,Los Angeles Dodgers,0,4
2022-04-26,Pittsburgh Pirates,Milwaukee Brewers,8,12
2022-04-26,Cincinnati Reds,San Diego Padres,6,9
2022-04-26,Tampa Bay Rays,Seattle Mariners,4,8
2022-04-26,Philadelphia Phillies,Colorado Rockies,10,3
2022-04-26,Washington Nationals,Miami Marlins,2,5
2022-04-26,New York Yankees,Baltimore Orioles,12,8
2022-04-26,Toronto Blue Jays,Boston Red Sox,6,5
2022-04-26,Chicago White Sox,Kansas City Royals,0,6
2022-04-26,Atlanta Braves,Chicago Cubs,3,1
2022-04-26,Minnesota Twins,Detroit Tigers,5,4
2022-04-26,St. Louis Cardinals,New York Mets,0,3
2022-04-26,Texas Rangers,Houston Astros,1,5
2022-04-26,Los Angeles Angels,Cleveland Guardians,4,1
2022-04-26,Arizona Diamondbacks,Los Angeles Dodgers,5,3
2022-04-26,San Francisco Giants,Oakland Athletics,8,2
2022-04-27,St. Louis Cardinals,New York Mets,10,5
2022-04-27,Chicago White Sox,Kansas City Royals,7,3
2022-04-27,Arizona Diamondbacks,Los Angeles Dodgers,3,1
2022-04-27,Pittsburgh Pirates,Milwaukee Brewers,1,3
2022-04-27,Cincinnati Reds,San Diego Padres,5,8
2022-04-27,Tampa Bay Rays,Seattle Mariners,3,2
2022-04-27,Philadelphia Phillies,Colorado Rockies,7,3
2022-04-27,Washington Nationals,Miami Marlins,1,2
2022-04-27,New York Yankees,Baltimore Orioles,5,2
2022-04-27,Toronto Blue Jays,Boston Red Sox,1,7
2022-04-27,Atlanta Braves,Chicago Cubs,3,6
2022-04-27,Minnesota Twins,Detroit Tigers,5,0
2022-04-27,Texas Rangers,Houston Astros,3,4
2022-04-27,Los Angeles Angels,Cleveland Guardians,9,5
2022-04-27,San Francisco Giants,Oakland Athletics,0,1
2022-04-28,Cincinnati Reds,San Diego Padres,5,7
2022-04-28,Pittsburgh Pirates,Milwaukee Brewers,2,3
2022-04-28,Philadelphia Phillies,Colorado Rockies,7,1
2022-04-28,Washington Nationals,Miami Marlins,2,3
2022-04-28,New York Yankees,Baltimore Orioles,10,5
2022-04-28,Tampa Bay Rays,Seattle Mariners,2,1
2022-04-28,Minnesota Twins,Detroit Tigers,7,1
2022-04-28,Texas Rangers,Houston Astros,2,3
2022-04-28,Chicago White Sox,Kansas City Royals,2,5
2022-04-28,Toronto Blue Jays,Boston Red Sox,1,0
2022-04-28,Los Angeles Angels,Cleveland Guardians,4,1
2022-04-28,Atlanta Braves,Chicago Cubs,5,1
2022-04-28,St. Louis Cardinals,Arizona Diamondbacks,8,3
2022-04-29,Pittsburgh Pirates,San Diego Padres,3,7
2022-04-29,Miami Marlins,Seattle Mariners,8,6
2022-04-29,Baltimore Orioles,Boston Red Sox,1,3
2022-04-29,Toronto Blue Jays,Houston Astros,7,11
2022-04-29,Tampa Bay Rays,Minnesota Twins,6,1
2022-04-29,New York Mets,Philadelphia Phillies,3,0
2022-04-29,Chicago White Sox,Los Angeles Angels,1,5
2022-04-29,Texas Rangers,Atlanta Braves,3,6
2022-04-29,Kansas City Royals,New York Yankees,2,12
2022-04-29,Milwaukee Brewers,Chicago Cubs,11,1
2022-04-29,St. Louis Cardinals,Arizona Diamondbacks,2,6
2022-04-29,Colorado Rockies,Cincinnati Reds,10,4
2022-04-29,Oakland Athletics,Cleveland Guardians,8,9
2022-04-29,Los Angeles Dodgers,Detroit Tigers,5,1
2022-04-29,San Francisco Giants,Washington Nationals,4,14
2022-04-30,St. Louis Cardinals,Arizona Diamondbacks,0,2
2022-04-30,Toronto Blue Jays,Houston Astros,2,1
2022-04-30,San Francisco Giants,Washington Nationals,9,3
2022-04-30,Chicago White Sox,Los Angeles Angels,4,0
2022-04-30,Oakland Athletics,Cleveland Guardians,1,3
2022-04-30,Tampa Bay Rays,Minnesota Twins,1,9
2022-04-30,Miami Marlins,Seattle Mariners,3,1
2022-04-30,Pittsburgh Pirates,San Diego Padres,7,6
2022-04-30,Baltimore Orioles,Boston Red Sox,2,1
2022-04-30,Texas Rangers,Atlanta Braves,3,1
2022-04-30,New York Mets,Philadelphia Phillies,1,4
2022-04-30,Kansas City Royals,New York Yankees,0,3
2022-04-30,Milwaukee Brewers,Chicago Cubs,9,1
2022-04-30,Colorado Rockies,Cincinnati Reds,4,3
2022-04-30,Los Angeles Dodgers,Detroit Tigers,1,5
2022-05-01,Baltimore Orioles,Boston Red Sox,9,5
2022-05-01,Tampa Bay Rays,Minnesota Twins,3,9
2022-05-01,Pittsburgh Pirates,San Diego Padres,2,5
2022-05-01,Toronto Blue Jays,Houston Astros,3,2
2022-05-01,Miami Marlins,Seattle Mariners,3,7
2022-05-01,Chicago White Sox,Los Angeles Angels,5,6
2022-05-01,Kansas City Royals,New York Yankees,4,6
2022-05-01,Milwaukee Brewers,Chicago Cubs,0,2
2022-05-01,St. Louis Cardinals,Arizona Diamondbacks,7,5
2022-05-01,Texas Rangers,Atlanta Braves,7,3
2022-05-01,Colorado Rockies,Cincinnati Reds,10,1
2022-05-01,San Francisco Giants,Washington Nationals,5,11
2022-05-01,Oakland Athletics,Cleveland Guardians,3,7
2022-05-01,Los Angeles Dodgers,Detroit Tigers,6,3
2022-05-01,New York Mets,Philadelphia Phillies,10,6
2022-05-02,St. Louis Cardinals,Kansas City Royals,1,0
2022-05-02,Chicago White Sox,Los Angeles Angels,3,0
2022-05-02,Miami Marlins,Arizona Diamondbacks,4,5
2022-05-02,Baltimore Orioles,Minnesota Twins,1,2
2022-05-02,Toronto Blue Jays,New York Yankees,2,3
2022-05-02,New York Mets,Atlanta Braves,2,5
2022-05-02,Houston Astros,Seattle Mariners,3,0
2022-05-02,Oakland Athletics,Tampa Bay Rays,1,6
2022-05-03,New York Mets,Atlanta Braves,5,4
2022-05-03,New York Mets,Atlanta Braves,3,0
2022-05-03,Miami Marlins,Arizona Diamondbacks,4,5
2022-05-03,Philadelphia Phillies,Texas Rangers,4,6
2022-05-03,Baltimore Orioles,Minnesota Twins,2,7
2022-05-03,Toronto Blue Jays,New York Yankees,1,9
2022-05-03,Boston Red Sox,Los Angeles Angels,4,0
2022-05-03,Chicago Cubs,Chicago White Sox,1,3
2022-05-03,Milwaukee Brewers,Cincinnati Reds,6,3
2022-05-03,Houston Astros,Seattle Mariners,4,0
2022-05-03,Kansas City Royals,St. Louis Cardinals,7,1
2022-05-03,Colorado Rockies,Washington Nationals,2,10
2022-05-03,Oakland Athletics,Tampa Bay Rays,7,10
2022-05-03,Los Angeles Dodgers,San Francisco Giants,3,1
2022-05-04,Miami Marlins,Arizona Diamondbacks,7,8
2022-05-04,Detroit Tigers,Pittsburgh Pirates,3,2
2022-05-04,Detroit Tigers,Pittsburgh Pirates,2,7
2022-05-04,Cleveland Guardians,San Diego Padres,4,5
2022-05-04,Cleveland Guardians,San Diego Padres,6,5
2022-05-04,Kansas City Royals,St. Louis Cardinals,0,10
2022-05-04,New York Mets,Atlanta Braves,2,9
2022-05-04,Houston Astros,Seattle Mariners,7,2
2022-05-04,Oakland Athletics,Tampa Bay Rays,0,3
2022-05-04,Philadelphia Phillies,Texas Rangers,1,2
2022-05-04,Baltimore Orioles,Minnesota Twins,9,4
2022-05-04,Toronto Blue Jays,New York Yankees,2,1
2022-05-04,Boston Red Sox,Los Angeles Angels,5,10
2022-05-04,Chicago Cubs,Chicago White Sox,3,4
2022-05-04,Milwaukee Brewers,Cincinnati Reds,18,4
2022-05-04,Colorado Rockies,Washington Nationals,5,2
2022-05-04,Los Angeles Dodgers,San Francisco Giants,9,1
2022-05-05,Boston Red Sox,Los Angeles Angels,0,8
2022-05-05,Milwaukee Brewers,Cincinnati Reds,10,5
2022-05-05,Colorado Rockies,Washington Nationals,9,7
2022-05-05,Cleveland Guardians,Toronto Blue Jays,6,5
2022-05-05,Philadelphia Phillies,New York Mets,7,8
2022-05-05,Baltimore Orioles,Minnesota Twins,5,3
2022-05-05,Houston Astros,Detroit Tigers,3,2
2022-05-05,Seattle Mariners,Tampa Bay Rays,3,4
2022-05-05,San Diego Padres,Miami Marlins,2,1
2022-05-05,San Francisco Giants,St. Louis Cardinals,1,7
2022-05-06,Boston Red Sox,Chicago White Sox,2,4
2022-05-06,Atlanta Braves,Milwaukee Brewers,3,6
2022-05-06,Houston Astros,Detroit Tigers,3,2
2022-05-06,Minnesota Twins,Oakland Athletics,2,1
2022-05-06,Los Angeles Angels,Washington Nationals,3,0
2022-05-06,Arizona Diamondbacks,Colorado Rockies,4,1
2022-05-06,Seattle Mariners,Tampa Bay Rays,7,8
2022-05-06,San Diego Padres,Miami Marlins,3,2
2022-05-06,San Francisco Giants,St. Louis Cardinals,2,3
2022-05-07,Cincinnati Reds,Pittsburgh Pirates,9,2
2022-05-07,Cincinnati Reds,Pittsburgh Pirates,5,8
2022-05-07,Chicago Cubs,Los Angeles Dodgers,0,7
2022-05-07,Chicago Cubs,Los Angeles Dodgers,2,6
2022-05-07,Cleveland Guardians,Toronto Blue Jays,3,8
2022-05-07,Cleveland Guardians,Toronto Blue Jays,8,2
2022-05-07,Minnesota Twins,Oakland Athletics,1,0
2022-05-07,Houston Astros,Detroit Tigers,3,2
2022-05-07,Boston Red Sox,Chicago White Sox,1,3
2022-05-07,San Francisco Giants,St. Louis Cardinals,13,7
2022-05-07,Atlanta Braves,Milwaukee Brewers,3,2
2022-05-07,Arizona Diamondbacks,Colorado Rockies,1,4
2022-05-07,San Diego Padres,Miami Marlins,0,8
2022-05-07,Los Angeles Angels,Washington Nationals,3,7
2022-05-07,Seattle Mariners,Tampa Bay Rays,2,8
2022-05-08,Boston Red Sox,Chicago White Sox,2,3
2022-05-08,Philadelphia Phillies,New York Mets,3,2
2022-05-08,Philadelphia Phillies,New York Mets,1,6
2022-05-08,Baltimore Orioles,Kansas City Royals,4,6
2022-05-08,Baltimore Orioles,Kansas City Royals,4,2
2022-05-08,New York Yankees,Texas Rangers,2,1
2022-05-08,New York Yankees,Texas Rangers,2,4
2022-05-08,Atlanta Braves,Milwaukee Brewers,9,2
2022-05-08,Cincinnati Reds,Pittsburgh Pirates,7,3
2022-05-08,Cleveland Guardians,Toronto Blue Jays,4,3
2022-05-08,Houston Astros,Detroit Tigers,5,0
2022-05-08,Minnesota Twins,Oakland Athletics,4,3
2022-05-08,San Francisco Giants,St. Louis Cardinals,4,3
2022-05-08,Los Angeles Angels,Washington Nationals,5,4
2022-05-08,Arizona Diamondbacks,Colorado Rockies,4,0
2022-05-08,Seattle Mariners,Tampa Bay Rays,2,1
2022-05-08,San Diego Padres,Miami Marlins,3,2
2022-05-08,Chicago Cubs,Los Angeles Dodgers,1,7
2022-05-09,Baltimore Orioles,Kansas City Royals,6,1
2022-05-09,New York Yankees,Texas Rangers,1,0
2022-05-09,Pittsburgh Pirates,Los Angeles Dodgers,5,1
2022-05-09,Cincinnati Reds,Milwaukee Brewers,10,5
2022-05-09,Detroit Tigers,Oakland Athletics,0,2
2022-05-09,Chicago White Sox,Cleveland Guardians,9,12
2022-05-09,Los Angeles Angels,Tampa Bay Rays,11,3
2022-05-09,San Diego Padres,Chicago Cubs,0,6
2022-05-09,Seattle Mariners,Philadelphia Phillies,0,9
2022-05-09,Arizona Diamondbacks,Miami Marlins,4,3
2022-05-09,San Francisco Giants,Colorado Rockies,8,5
2022-05-10,Oakland Athletics,Detroit Tigers,0,6
2022-05-10,Detroit Tigers,Oakland Athletics,1,4
2022-05-10,Pittsburgh Pirates,Los Angeles Dodgers,1,11
2022-05-10,Cincinnati Reds,Milwaukee Brewers,4,5
2022-05-10,Washington Nationals,New York Mets,2,4
2022-05-10,New York Yankees,Toronto Blue Jays,6,5
2022-05-10,Atlanta Braves,Boston Red Sox,4,9
2022-05-10,Minnesota Twins,Houston Astros,0,5
2022-05-10,St. Louis Cardinals,Baltimore Orioles,3,5
2022-05-10,Texas Rangers,Kansas City Royals,6,4
2022-05-10,Chicago White Sox,Cleveland Guardians,4,1
2022-05-10,Los Angeles Angels,Tampa Bay Rays,12,0
2022-05-10,San Diego Padres,Chicago Cubs,5,4
2022-05-10,Seattle Mariners,Philadelphia Phillies,5,4
2022-05-10,Arizona Diamondbacks,Miami Marlins,9,3
2022-05-10,San Francisco Giants,Colorado Rockies,9,2
2022-05-11,Pittsburgh Pirates,Los Angeles Dodgers,5,3
2022-05-11,New York Yankees,Toronto Blue Jays,5,3
2022-05-11,Cincinnati Reds,Milwaukee Brewers,14,11
2022-05-11,Seattle Mariners,Philadelphia Phillies,2,4
2022-05-11,Arizona Diamondbacks,Miami Marlins,3,11
2022-05-11,San Francisco Giants,Colorado Rockies,7,1
2022-05-11,San Diego Padres,Chicago Cubs,5,7
2022-05-11,Washington Nationals,New York Mets,8,3
2022-05-11,Los Angeles Angels,Tampa Bay Rays,2,4
2022-05-11,Detroit Tigers,Oakland Athletics,0,9
2022-05-11,Atlanta Braves,Boston Red Sox,5,3
2022-05-11,Minnesota Twins,Houston Astros,3,11
2022-05-11,St. Louis Cardinals,Baltimore Orioles,10,1
2022-05-11,Texas Rangers,Kansas City Royals,2,8
2022-05-12,Washington Nationals,New York Mets,1,4
2022-05-12,Detroit Tigers,Oakland Athletics,3,5
2022-05-11,Minnesota Twins,Houston Astros,3,11
2022-05-12,St. Louis Cardinals,Baltimore Orioles,2,3
2022-05-12,Minnesota Twins,Houston Astros,0,5
2022-05-12,Pittsburgh Pirates,Cincinnati Reds,0,4
2022-05-12,Texas Rangers,Kansas City Royals,3,1
2022-05-12,Chicago White Sox,New York Yankees,7,15
2022-05-12,Los Angeles Dodgers,Philadelphia Phillies,7,9
2022-05-13,Pittsburgh Pirates,Cincinnati Reds,2,8
2022-05-13,Miami Marlins,Milwaukee Brewers,1,2
2022-05-13,Washington Nationals,Houston Astros,1,6
2022-05-13,Detroit Tigers,Baltimore Orioles,4,2
2022-05-13,New York Mets,Seattle Mariners,1,2
2022-05-13,Tampa Bay Rays,Toronto Blue Jays,5,2
2022-05-13,Atlanta Braves,San Diego Padres,6,11
2022-05-13,Texas Rangers,Boston Red Sox,1,7
2022-05-13,Minnesota Twins,Cleveland Guardians,12,8
2022-05-13,Chicago White Sox,New York Yankees,4,10
2022-05-13,St. Louis Cardinals,San Francisco Giants,2,8
2022-05-13,Colorado Rockies,Kansas City Royals,10,14
2022-05-13,Arizona Diamondbacks,Chicago Cubs,4,3
2022-05-13,Oakland Athletics,Los Angeles Angels,0,2
2022-05-13,Los Angeles Dodgers,Philadelphia Phillies,10,12
2022-05-14,St. Louis Cardinals,San Francisco Giants,4,0
2022-05-14,Atlanta Braves,San Diego Padres,6,5
2022-05-14,Oakland Athletics,Los Angeles Angels,4,3
2022-05-14,Oakland Athletics,Los Angeles Angels,1,9
2022-05-14,Detroit Tigers,Baltimore Orioles,3,0
2022-05-14,Tampa Bay Rays,Toronto Blue Jays,1,5
2022-05-14,Miami Marlins,Milwaukee Brewers,9,3
2022-05-14,Pittsburgh Pirates,Cincinnati Reds,3,1
2022-05-14,Washington Nationals,Houston Astros,13,6
2022-05-14,Texas Rangers,Boston Red Sox,3,11
2022-05-14,New York Mets,Seattle Mariners,5,4
2022-05-14,Minnesota Twins,Cleveland Guardians,2,3
2022-05-14,Chicago White Sox,New York Yankees,3,2
2022-05-14,Arizona Diamondbacks,Chicago Cubs,2,4
2022-05-14,Colorado Rockies,Kansas City Royals,10,4
2022-05-14,Los Angeles Dodgers,Philadelphia Phillies,3,8
2022-05-15,Atlanta Braves,San Diego Padres,3,7
2022-05-15,Washington Nationals,Houston Astros,0,8
2022-05-15,Pittsburgh Pirates,Cincinnati Reds,1,0
2022-05-15,Detroit Tigers,Baltimore Orioles,5,1
2022-05-15,New York Mets,Seattle Mariners,7,8
2022-05-15,Tampa Bay Rays,Toronto Blue Jays,3,0
2022-05-15,Miami Marlins,Milwaukee Brewers,3,7
2022-05-15,Minnesota Twins,Cleveland Guardians,3,1
2022-05-15,Chicago White Sox,New York Yankees,1,5
2022-05-15,Texas Rangers,Boston Red Sox,7,1
2022-05-15,Colorado Rockies,Kansas City Royals,7,8
2022-05-15,Oakland Athletics,Los Angeles Angels,1,4
2022-05-15,Arizona Diamondbacks,Chicago Cubs,2,3
2022-05-15,Los Angeles Dodgers,Philadelphia Phillies,5,4
2022-05-15,St. Louis Cardinals,San Francisco Giants,15,6
2022-05-16,Tampa Bay Rays,Detroit Tigers,2,3
2022-05-16,Miami Marlins,Washington Nationals,8,2
2022-05-16,Baltimore Orioles,New York Yankees,2,6
2022-05-16,Toronto Blue Jays,Seattle Mariners,6,2
2022-05-16,Boston Red Sox,Houston Astros,6,3
2022-05-16,Chicago Cubs,Pittsburgh Pirates,9,0
2022-05-16,Milwaukee Brewers,Atlanta Braves,1,0
2022-05-16,Texas Rangers,Los Angeles Angels,7,4
2022-05-16,Kansas City Royals,Chicago White Sox,3,5
2022-05-16,Colorado Rockies,San Francisco Giants,6,7
2022-05-16,Oakland Athletics,Minnesota Twins,1,3
2022-05-16,Los Angeles Dodgers,Arizona Diamondbacks,5,4
2022-05-17,Kansas City Royals,Chicago White Sox,0,3
2022-05-17,Kansas City Royals,Chicago White Sox,2,1
2022-05-17,Los Angeles Dodgers,Arizona Diamondbacks,7,6
2022-05-17,Los Angeles Dodgers,Arizona Diamondbacks,12,3
2022-05-17,New York Mets,St. Louis Cardinals,3,1
2022-05-17,New York Mets,St. Louis Cardinals,3,4
2022-05-17,Cleveland Guardians,Cincinnati Reds,4,5
2022-05-17,Tampa Bay Rays,Detroit Tigers,8,1
2022-05-17,Miami Marlins,Washington Nationals,5,1
2022-05-17,Philadelphia Phillies,San Diego Padres,0,3
2022-05-17,Baltimore Orioles,New York Yankees,4,5
2022-05-17,Toronto Blue Jays,Seattle Mariners,3,0
2022-05-17,Boston Red Sox,Houston Astros,4,13
2022-05-17,Chicago Cubs,Pittsburgh Pirates,7,0
2022-05-17,Milwaukee Brewers,Atlanta Braves,0,3
2022-05-17,Texas Rangers,Los Angeles Angels,10,5
2022-05-17,Colorado Rockies,San Francisco Giants,7,10
2022-05-17,Oakland Athletics,Minnesota Twins,5,2
2022-05-18,Tampa Bay Rays,Detroit Tigers,6,1
2022-05-18,Milwaukee Brewers,Atlanta Braves,7,6
2022-05-18,Colorado Rockies,San Francisco Giants,5,3
2022-05-18,Oakland Athletics,Minnesota Twins,4,14
2022-05-18,Los Angeles Dodgers,Arizona Diamondbacks,5,3
2022-05-18,Boston Red Sox,Houston Astros,5,1
2022-05-18,Miami Marlins,Washington Nationals,4,5
2022-05-18,Philadelphia Phillies,San Diego Padres,3,0
2022-05-18,Baltimore Orioles,New York Yankees,2,3
2022-05-18,Toronto Blue Jays,Seattle Mariners,1,5
2022-05-18,New York Mets,St. Louis Cardinals,11,4
2022-05-18,Chicago Cubs,Pittsburgh Pirates,2,3
2022-05-18,Texas Rangers,Los Angeles Angels,6,5
2022-05-18,Kansas City Royals,Chicago White Sox,6,2
2022-05-19,Baltimore Orioles,New York Yankees,9,6
2022-05-19,Philadelphia Phillies,San Diego Padres,0,2
2022-05-19,Cleveland Guardians,Cincinnati Reds,2,4
2022-05-19,New York Mets,St. Louis Cardinals,7,6
2022-05-19,Kansas City Royals,Chicago White Sox,4,7
2022-05-19,Boston Red Sox,Seattle Mariners,12,6
2022-05-19,Chicago Cubs,Arizona Diamondbacks,1,3
2022-05-19,Houston Astros,Texas Rangers,5,1
2022-05-20,Chicago Cubs,Arizona Diamondbacks,6,10
2022-05-20,Pittsburgh Pirates,St. Louis Cardinals,3,5
2022-05-20,Miami Marlins,Atlanta Braves,3,5
2022-05-20,Baltimore Orioles,Tampa Bay Rays,8,6
2022-05-20,Philadelphia Phillies,Los Angeles Dodgers,1,4
2022-05-20,Toronto Blue Jays,Cincinnati Reds,2,1
2022-05-20,Cleveland Guardians,Detroit Tigers,6,1
2022-05-20,Boston Red Sox,Seattle Mariners,7,3
2022-05-20,Houston Astros,Texas Rangers,0,3
2022-05-20,Kansas City Royals,Minnesota Twins,4,6
2022-05-20,Milwaukee Brewers,Washington Nationals,7,0
2022-05-20,Los Angeles Angels,Oakland Athletics,2,4
2022-05-20,San Francisco Giants,San Diego Padres,7,8
2022-05-21,New York Yankees,Chicago White Sox,7,5
2022-05-21,Chicago Cubs,Arizona Diamondbacks,6,7
2022-05-21,Toronto Blue Jays,Cincinnati Reds,3,1
2022-05-21,Colorado Rockies,New York Mets,1,5
2022-05-21,Colorado Rockies,New York Mets,11,3
2022-05-21,San Francisco Giants,San Diego Padres,1,2
2022-05-21,Boston Red Sox,Seattle Mariners,6,5
2022-05-21,Philadelphia Phillies,Los Angeles Dodgers,4,7
2022-05-21,Miami Marlins,Atlanta Braves,3,4
2022-05-21,Pittsburgh Pirates,St. Louis Cardinals,4,5
2022-05-21,Baltimore Orioles,Tampa Bay Rays,1,6
2022-05-21,Houston Astros,Texas Rangers,2,1
2022-05-21,Kansas City Royals,Minnesota Twins,2,9
2022-05-21,Milwaukee Brewers,Washington Nationals,5,1
2022-05-21,Los Angeles Angels,Oakland Athletics,5,3
2022-05-22,Pittsburgh Pirates,St. Louis Cardinals,4,18
2022-05-22,Boston Red Sox,Seattle Mariners,8,4
2022-05-22,Baltimore Orioles,Tampa Bay Rays,7,6
2022-05-22,Philadelphia Phillies,Los Angeles Dodgers,4,3
2022-05-22,Toronto Blue Jays,Cincinnati Reds,2,3
2022-05-22,Cleveland Guardians,Detroit Tigers,2,4
2022-05-22,Miami Marlins,Atlanta Braves,4,3
2022-05-22,Houston Astros,Texas Rangers,5,2
2022-05-22,Kansas City Royals,Minnesota Twins,6,7
2022-05-22,Milwaukee Brewers,Washington Nationals,2,8
2022-05-22,Chicago Cubs,Arizona Diamondbacks,5,4
2022-05-22,New York Yankees,Chicago White Sox,1,3
2022-05-22,New York Yankees,Chicago White Sox,0,5
2022-05-22,Colorado Rockies,New York Mets,0,2
2022-05-22,San Francisco Giants,San Diego Padres,1,10
2022-05-22,Los Angeles Angels,Oakland Athletics,4,1
2022-05-23,Pittsburgh Pirates,Colorado Rockies,2,1
2022-05-23,Cincinnati Reds,Chicago Cubs,4,7
2022-05-23,Washington Nationals,Los Angeles Dodgers,1,10
2022-05-23,New York Yankees,Baltimore Orioles,4,6
2022-05-23,Atlanta Braves,Philadelphia Phillies,3,7
2022-05-23,Minnesota Twins,Detroit Tigers,5,4
2022-05-23,St. Louis Cardinals,Toronto Blue Jays,7,3
2022-05-23,Houston Astros,Cleveland Guardians,1,6
2022-05-23,Arizona Diamondbacks,Kansas City Royals,9,5
2022-05-23,Seattle Mariners,Oakland Athletics,7,6
2022-05-23,San Diego Padres,Milwaukee Brewers,3,2
2022-05-23,San Francisco Giants,New York Mets,3,13
2022-05-24,Pittsburgh Pirates,Colorado Rockies,1,2
2022-05-24,Cincinnati Reds,Chicago Cubs,4,11
2022-05-24,Tampa Bay Rays,Miami Marlins,4,0
2022-05-24,Washington Nationals,Los Angeles Dodgers,4,9
2022-05-24,New York Yankees,Baltimore Orioles,7,6
2022-05-24,Atlanta Braves,Philadelphia Phillies,6,5
2022-05-24,Minnesota Twins,Detroit Tigers,2,0
2022-05-24,St. Louis Cardinals,Toronto Blue Jays,1,8
2022-05-24,Houston Astros,Cleveland Guardians,7,3
2022-05-24,Chicago White Sox,Boston Red Sox,3,16
2022-05-24,Los Angeles Angels,Texas Rangers,5,3
2022-05-24,Arizona Diamondbacks,Kansas City Royals,8,6
2022-05-24,Seattle Mariners,Oakland Athletics,5,7
2022-05-24,San Diego Padres,Milwaukee Brewers,1,4
2022-05-24,San Francisco Giants,New York Mets,13,12
2022-05-25,Pittsburgh Pirates,Colorado Rockies,10,5
2022-05-25,Minnesota Twins,Detroit Tigers,2,4
2022-05-25,San Francisco Giants,New York Mets,9,3
2022-05-25,Washington Nationals,Los Angeles Dodgers,1,0
2022-05-25,Seattle Mariners,Oakland Athletics,2,4
2022-05-25,San Diego Padres,Milwaukee Brewers,1,2
2022-05-25,Cincinnati Reds,Chicago Cubs,4,3
2022-05-25,Tampa Bay Rays,Miami Marlins,5,4
2022-05-25,New York Yankees,Baltimore Orioles,2,0
2022-05-25,Atlanta Braves,Philadelphia Phillies,8,4
2022-05-25,Houston Astros,Cleveland Guardians,2,1
2022-05-25,Chicago White Sox,Boston Red Sox,3,1
2022-05-25,Los Angeles Angels,Texas Rangers,2,7
2022-05-26,Cincinnati Reds,Chicago Cubs,20,5
2022-05-26,Tampa Bay Rays,New York Yankees,2,7
2022-05-26,Washington Nationals,Colorado Rockies,7,3
2022-05-26,Detroit Tigers,Cleveland Guardians,4,3
2022-05-26,Atlanta Braves,Philadelphia Phillies,1,4
2022-05-26,Minnesota Twins,Kansas City Royals,2,3
2022-05-26,St. Louis Cardinals,Milwaukee Brewers,3,4
2022-05-26,Chicago White Sox,Boston Red Sox,7,16
2022-05-26,Los Angeles Angels,Toronto Blue Jays,3,6
2022-05-26,Arizona Diamondbacks,Los Angeles Dodgers,1,14
2022-05-26,Oakland Athletics,Texas Rangers,1,4
2022-05-27,Cincinnati Reds,San Francisco Giants,5,1
2022-05-27,Boston Red Sox,Baltimore Orioles,8,12
2022-05-27,New York Mets,Philadelphia Phillies,8,6
2022-05-27,Tampa Bay Rays,New York Yankees,0,2
2022-05-27,Atlanta Braves,Miami Marlins,6,4
2022-05-27,Minnesota Twins,Kansas City Royals,10,7
2022-05-27,St. Louis Cardinals,Milwaukee Brewers,4,2
2022-05-27,Los Angeles Angels,Toronto Blue Jays,3,4
2022-05-27,Arizona Diamondbacks,Los Angeles Dodgers,4,6
2022-05-27,San Diego Padres,Pittsburgh Pirates,4,3
2022-05-27,Seattle Mariners,Houston Astros,6,1
2022-05-27,Oakland Athletics,Texas Rangers,5,8
2022-05-28,Washington Nationals,Colorado Rockies,13,7
2022-05-28,Washington Nationals,Colorado Rockies,2,3
2022-05-28,Boston Red Sox,Baltimore Orioles,5,3
2022-05-28,Boston Red Sox,Baltimore Orioles,2,4
2022-05-28,Minnesota Twins,Kansas City Royals,3,7
2022-05-28,St. Louis Cardinals,Milwaukee Brewers,8,3
2022-05-28,Oakland Athletics,Texas Rangers,4,11
2022-05-28,Detroit Tigers,Cleveland Guardians,1,8
2022-05-28,Cincinnati Reds,San Francisco Giants,3,2
2022-05-28,Atlanta Braves,Miami Marlins,1,4
2022-05-28,Tampa Bay Rays,New York Yankees,3,1
2022-05-28,Arizona Diamondbacks,Los Angeles Dodgers,2,3
2022-05-28,New York Mets,Philadelphia Phillies,8,2
2022-05-28,Chicago White Sox,Chicago Cubs,1,5
2022-05-28,Los Angeles Angels,Toronto Blue Jays,5,6
2022-05-28,San Diego Padres,Pittsburgh Pirates,2,4
2022-05-28,Seattle Mariners,Houston Astros,6,0
2022-05-29,Cincinnati Reds,San Francisco Giants,4,6
2022-05-29,Boston Red Sox,Baltimore Orioles,12,2
2022-05-29,Washington Nationals,Colorado Rockies,6,5
2022-05-29,Atlanta Braves,Miami Marlins,6,3
2022-05-29,Detroit Tigers,Cleveland Guardians,2,1
2022-05-29,Tampa Bay Rays,New York Yankees,4,2
2022-05-29,Minnesota Twins,Kansas City Royals,7,3
2022-05-29,Chicago White Sox,Chicago Cubs,5,4
2022-05-29,St. Louis Cardinals,Milwaukee Brewers,0,8
2022-05-29,Oakland Athletics,Texas Rangers,6,5
2022-05-29,Los Angeles Angels,Toronto Blue Jays,10,11
2022-05-29,Arizona Diamondbacks,Los Angeles Dodgers,1,3
2022-05-29,San Diego Padres,Pittsburgh Pirates,4,2
2022-05-29,Seattle Mariners,Houston Astros,1,2
2022-05-29,New York Mets,Philadelphia Phillies,5,4
2022-05-30,Chicago Cubs,Milwaukee Brewers,6,7
2022-05-30,Chicago Cubs,Milwaukee Brewers,1,3
2022-05-30,Detroit Tigers,Minnesota Twins,7,5
2022-05-30,St. Louis Cardinals,San Diego Padres,6,3
2022-05-30,Philadelphia Phillies,San Francisco Giants,4,5
2022-05-30,Oakland Athletics,Houston Astros,1,5
2022-05-30,Colorado Rockies,Miami Marlins,7,1
2022-05-30,Cleveland Guardians,Kansas City Royals,7,3
2022-05-30,Boston Red Sox,Baltimore Orioles,0,10
2022-05-30,New York Mets,Washington Nationals,13,5
2022-05-30,Texas Rangers,Tampa Bay Rays,9,5
2022-05-30,Arizona Diamondbacks,Atlanta Braves,6,2
2022-05-30,Los Angeles Dodgers,Pittsburgh Pirates,5,6
2022-05-31,Detroit Tigers,Minnesota Twins,2,8
2022-05-31,Detroit Tigers,Minnesota Twins,4,0
2022-05-31,Cleveland Guardians,Kansas City Royals,8,3
2022-05-31,Philadelphia Phillies,San Francisco Giants,4,7
2022-05-31,Baltimore Orioles,Seattle Mariners,0,10
2022-05-31,New York Yankees,Los Angeles Angels,9,1
2022-05-31,Toronto Blue Jays,Chicago White Sox,6,5
2022-05-31,Boston Red Sox,Cincinnati Reds,1,2
2022-05-31,New York Mets,Washington Nationals,10,0
2022-05-31,St. Louis Cardinals,San Diego Padres,3,2
2022-05-31,Texas Rangers,Tampa Bay Rays,3,0
2022-05-31,Chicago Cubs,Milwaukee Brewers,8,7
2022-05-31,Oakland Athletics,Houston Astros,1,3
2022-05-31,Arizona Diamondbacks,Atlanta Braves,8,7
2022-05-31,Los Angeles Dodgers,Pittsburgh Pirates,3,5
2022-06-01,Cleveland Guardians,Kansas City Royals,4,0
2022-06-01,New York Mets,Washington Nationals,5,0
2022-06-01,St. Louis Cardinals,San Diego Padres,5,2
2022-06-01,Colorado Rockies,Miami Marlins,1,14
2022-06-01,Colorado Rockies,Miami Marlins,13,12
2022-06-01,Oakland Athletics,Houston Astros,4,5
2022-06-01,Arizona Diamondbacks,Atlanta Braves,0,6
2022-06-01,Philadelphia Phillies,San Francisco Giants,6,5
2022-06-01,Baltimore Orioles,Seattle Mariners,9,2
2022-06-01,Toronto Blue Jays,Chicago White Sox,7,3
2022-06-01,Boston Red Sox,Cincinnati Reds,7,1
2022-06-01,Detroit Tigers,Minnesota Twins,5,0
2022-06-01,Texas Rangers,Tampa Bay Rays,3,4
2022-06-01,Chicago Cubs,Milwaukee Brewers,4,3
2022-06-01,Los Angeles Dodgers,Pittsburgh Pirates,4,8
2022-06-02,New York Yankees,Los Angeles Angels,6,1
2022-06-02,New York Yankees,Los Angeles Angels,2,1
2022-06-02,Detroit Tigers,Minnesota Twins,3,2
2022-06-02,Texas Rangers,Tampa Bay Rays,1,3
2022-06-02,Toronto Blue Jays,Chicago White Sox,8,3
2022-06-02,Cincinnati Reds,Washington Nationals,8,1
2022-06-02,Miami Marlins,San Francisco Giants,3,0
2022-06-02,Baltimore Orioles,Seattle Mariners,6,7
2022-06-02,Milwaukee Brewers,San Diego Padres,5,4
2022-06-02,Chicago Cubs,St. Louis Cardinals,7,5
2022-06-02,Colorado Rockies,Atlanta Braves,6,13
2022-06-02,Los Angeles Dodgers,New York Mets,2,0
2022-06-03,Chicago Cubs,St. Louis Cardinals,5,14
2022-06-03,Cincinnati Reds,Washington Nationals,5,8
2022-06-03,Miami Marlins,San Francisco Giants,6,15
2022-06-03,Baltimore Orioles,Cleveland Guardians,3,6
2022-06-03,Pittsburgh Pirates,Arizona Diamondbacks,6,8
2022-06-03,Philadelphia Phillies,Los Angeles Angels,10,0
2022-06-03,New York Yankees,Detroit Tigers,13,0
2022-06-03,Toronto Blue Jays,Minnesota Twins,3,9
2022-06-03,Tampa Bay Rays,Chicago White Sox,6,3
2022-06-03,Texas Rangers,Seattle Mariners,3,4
2022-06-03,Kansas City Royals,Houston Astros,3,10
2022-06-03,Milwaukee Brewers,San Diego Padres,0,7
2022-06-03,Colorado Rockies,Atlanta Braves,1,3
2022-06-03,Oakland Athletics,Boston Red Sox,2,7
2022-06-03,Los Angeles Dodgers,New York Mets,6,1
2022-06-04,New York Yankees,Detroit Tigers,3,0
2022-06-04,Chicago Cubs,St. Louis Cardinals,6,1
2022-06-04,Chicago Cubs,St. Louis Cardinals,4,7
2022-06-04,Toronto Blue Jays,Minnesota Twins,12,3
2022-06-04,Baltimore Orioles,Cleveland Guardians,5,4
2022-06-04,Pittsburgh Pirates,Arizona Diamondbacks,2,1
2022-06-04,Texas Rangers,Seattle Mariners,3,2
2022-06-04,Oakland Athletics,Boston Red Sox,0,8
2022-06-04,Kansas City Royals,Houston Astros,6,0
2022-06-04,Cincinnati Reds,Washington Nationals,8,10
2022-06-04,Tampa Bay Rays,Chicago White Sox,2,3
2022-06-04,Miami Marlins,San Francisco Giants,5,4
2022-06-04,Milwaukee Brewers,San Diego Padres,0,4
2022-06-04,Philadelphia Phillies,Los Angeles Angels,7,2
2022-06-04,Colorado Rockies,Atlanta Braves,2,6
2022-06-04,Los Angeles Dodgers,New York Mets,4,9
2022-06-05,New York Yankees,Detroit Tigers,5,4
2022-06-05,Baltimore Orioles,Cleveland Guardians,2,3
2022-06-05,Pittsburgh Pirates,Arizona Diamondbacks,3,0
2022-06-05,Philadelphia Phillies,Los Angeles Angels,9,7
2022-06-05,Toronto Blue Jays,Minnesota Twins,6,8
2022-06-05,Cincinnati Reds,Washington Nationals,4,5
2022-06-05,Tampa Bay Rays,Chicago White Sox,5,6
2022-06-05,Miami Marlins,San Francisco Giants,1,5
2022-06-05,Kansas City Royals,Houston Astros,4,7
2022-06-05,Milwaukee Brewers,San Diego Padres,4,6
2022-06-05,Texas Rangers,Seattle Mariners,5,6
2022-06-05,Colorado Rockies,Atlanta Braves,7,8
2022-06-05,Oakland Athletics,Boston Red Sox,2,5
2022-06-05,Los Angeles Dodgers,New York Mets,4,5
2022-06-05,Chicago Cubs,St. Louis Cardinals,3,5
2022-06-06,Cincinnati Reds,Arizona Diamondbacks,7,0
2022-06-06,Houston Astros,Seattle Mariners,4,7
2022-06-06,Kansas City Royals,Toronto Blue Jays,0,8
2022-06-06,Los Angeles Angels,Boston Red Sox,0,1
2022-06-06,San Diego Padres,New York Mets,5,11
2022-06-07,Cleveland Guardians,Texas Rangers,6,3
2022-06-07,Cleveland Guardians,Texas Rangers,3,6
2022-06-07,Cincinnati Reds,Arizona Diamondbacks,14,8
2022-06-07,Miami Marlins,Washington Nationals,12,2
2022-06-07,Baltimore Orioles,Chicago Cubs,9,3
2022-06-07,Pittsburgh Pirates,Detroit Tigers,3,5
2022-06-07,Tampa Bay Rays,St. Louis Cardinals,4,2
2022-06-07,Atlanta Braves,Oakland Athletics,3,2
2022-06-07,Minnesota Twins,New York Yankees,4,10
2022-06-07,Houston Astros,Seattle Mariners,4,1
2022-06-07,Kansas City Royals,Toronto Blue Jays,0,7
2022-06-07,Chicago White Sox,Los Angeles Dodgers,4,0
2022-06-07,Milwaukee Brewers,Philadelphia Phillies,2,3
2022-06-07,Los Angeles Angels,Boston Red Sox,5,6
2022-06-07,San Diego Padres,New York Mets,7,0
2022-06-07,San Francisco Giants,Colorado Rockies,3,5
2022-06-08,Pittsburgh Pirates,Detroit Tigers,1,3
2022-06-08,Kansas City Royals,Toronto Blue Jays,8,4
2022-06-08,Cincinnati Reds,Arizona Diamondbacks,0,7
2022-06-08,Houston Astros,Seattle Mariners,3,6
2022-06-08,Miami Marlins,Washington Nationals,2,1
2022-06-08,Tampa Bay Rays,St. Louis Cardinals,11,3
2022-06-08,Cleveland Guardians,Texas Rangers,4,0
2022-06-08,Atlanta Braves,Oakland Athletics,13,2
2022-06-08,Minnesota Twins,New York Yankees,8,1
2022-06-08,Chicago White Sox,Los Angeles Dodgers,1,4
2022-06-08,Milwaukee Brewers,Philadelphia Phillies,0,10
2022-06-08,Los Angeles Angels,Boston Red Sox,0,1
2022-06-08,San Diego Padres,New York Mets,13,2
2022-06-08,San Francisco Giants,Colorado Rockies,2,1
2022-06-09,Cincinnati Reds,Arizona Diamondbacks,4,5
2022-06-09,Tampa Bay Rays,St. Louis Cardinals,2,1
2022-06-09,Chicago White Sox,Los Angeles Dodgers,9,11
2022-06-09,Milwaukee Brewers,Philadelphia Phillies,3,8
2022-06-09,San Francisco Giants,Colorado Rockies,2,4
2022-06-09,Miami Marlins,Washington Nationals,7,4
2022-06-09,Cleveland Guardians,Oakland Athletics,8,4
2022-06-09,Atlanta Braves,Pittsburgh Pirates,3,1
2022-06-09,Minnesota Twins,New York Yankees,7,10
2022-06-09,Kansas City Royals,Baltimore Orioles,7,5
2022-06-09,Los Angeles Angels,Boston Red Sox,5,2
2022-06-10,Philadelphia Phillies,Arizona Diamondbacks,7,5
2022-06-10,New York Yankees,Chicago Cubs,2,1
2022-06-10,Washington Nationals,Milwaukee Brewers,11,5
2022-06-10,Cleveland Guardians,Oakland Athletics,3,2
2022-06-10,Detroit Tigers,Toronto Blue Jays,1,10
2022-06-10,Atlanta Braves,Pittsburgh Pirates,4,2
2022-06-10,Kansas City Royals,Baltimore Orioles,8,1
2022-06-10,Minnesota Twins,Tampa Bay Rays,9,4
2022-06-10,Chicago White Sox,Texas Rangers,8,3
2022-06-10,Houston Astros,Miami Marlins,4,7
2022-06-10,St. Louis Cardinals,Cincinnati Reds,2,0
2022-06-10,Los Angeles Angels,New York Mets,3,7
2022-06-10,San Diego Padres,Colorado Rockies,9,0
2022-06-10,Seattle Mariners,Boston Red Sox,3,4
2022-06-10,San Francisco Giants,Los Angeles Dodgers,7,2
2022-06-11,Minnesota Twins,Tampa Bay Rays,6,5
2022-06-11,Chicago White Sox,Texas Rangers,9,11
2022-06-11,St. Louis Cardinals,Cincinnati Reds,5,4
2022-06-11,Philadelphia Phillies,Arizona Diamondbacks,4,0
2022-06-11,Washington Nationals,Milwaukee Brewers,8,6
2022-06-11,Kansas City Royals,Baltimore Orioles,4,6
2022-06-11,Cleveland Guardians,Oakland Athletics,5,10
2022-06-11,San Diego Padres,Colorado Rockies,2,1
2022-06-11,San Diego Padres,Colorado Rockies,2,6
2022-06-11,Detroit Tigers,Toronto Blue Jays,3,1
2022-06-11,Atlanta Braves,Pittsburgh Pirates,10,4
2022-06-11,Houston Astros,Miami Marlins,1,5
2022-06-11,San Francisco Giants,Los Angeles Dodgers,3,2
2022-06-11,New York Yankees,Chicago Cubs,8,0
2022-06-11,Los Angeles Angels,New York Mets,11,6
2022-06-11,Seattle Mariners,Boston Red Sox,7,6
2022-06-12,Cleveland Guardians,Oakland Athletics,6,3
2022-06-12,Philadelphia Phillies,Arizona Diamondbacks,1,13
2022-06-12,Atlanta Braves,Pittsburgh Pirates,5,3
2022-06-12,New York Yankees,Chicago Cubs,18,4
2022-06-12,Washington Nationals,Milwaukee Brewers,1,4
2022-06-12,Detroit Tigers,Toronto Blue Jays,0,6
2022-06-12,Kansas City Royals,Baltimore Orioles,7,10
2022-06-12,Minnesota Twins,Tampa Bay Rays,0,6
2022-06-12,Chicago White Sox,Texas Rangers,6,8
2022-06-12,Houston Astros,Miami Marlins,9,4
2022-06-12,St. Louis Cardinals,Cincinnati Reds,6,7
2022-06-12,San Francisco Giants,Los Angeles Dodgers,2,0
2022-06-12,San Diego Padres,Colorado Rockies,2,4
2022-06-12,Seattle Mariners,Boston Red Sox,0,2
2022-06-12,Los Angeles Angels,New York Mets,1,4
2022-06-13,Washington Nationals,Atlanta Braves,5,9
2022-06-13,Philadelphia Phillies,Miami Marlins,3,2
2022-06-13,Toronto Blue Jays,Baltimore Orioles,11,1
2022-06-13,Detroit Tigers,Chicago White Sox,5,9
2022-06-13,St. Louis Cardinals,Pittsburgh Pirates,7,5
2022-06-13,Chicago Cubs,San Diego Padres,1,4
2022-06-13,Texas Rangers,Houston Astros,5,3
2022-06-13,Arizona Diamondbacks,Cincinnati Reds,4,5
2022-06-13,San Francisco Giants,Kansas City Royals,6,2
2022-06-13,Seattle Mariners,Minnesota Twins,2,3
2022-06-14,St. Louis Cardinals,Pittsburgh Pirates,3,1
2022-06-14,St. Louis Cardinals,Pittsburgh Pirates,9,1
2022-06-14,Washington Nationals,Atlanta Braves,4,10
2022-06-14,Philadelphia Phillies,Miami Marlins,9,11
2022-06-14,New York Yankees,Tampa Bay Rays,2,0
2022-06-14,Toronto Blue Jays,Baltimore Orioles,5,6
2022-06-14,Boston Red Sox,Oakland Athletics,6,1
2022-06-14,Detroit Tigers,Chicago White Sox,1,5
2022-06-14,New York Mets,Milwaukee Brewers,4,0
2022-06-14,Chicago Cubs,San Diego Padres,5,12
2022-06-14,Texas Rangers,Houston Astros,3,4
2022-06-14,Colorado Rockies,Cleveland Guardians,3,4
2022-06-14,Arizona Diamondbacks,Cincinnati Reds,3,5
2022-06-14,San Francisco Giants,Kansas City Royals,4,2
2022-06-14,Los Angeles Dodgers,Los Angeles Angels,2,0
2022-06-14,Seattle Mariners,Minnesota Twins,5,0
2022-06-15,Philadelphia Phillies,Miami Marlins,3,1
2022-06-15,Detroit Tigers,Chicago White Sox,0,13
2022-06-15,Texas Rangers,Houston Astros,2,9
2022-06-15,Arizona Diamondbacks,Cincinnati Reds,7,4
2022-06-15,San Francisco Giants,Kansas City Royals,2,3
2022-06-15,Seattle Mariners,Minnesota Twins,0,5
2022-06-15,Washington Nationals,Atlanta Braves,2,8
2022-06-15,New York Yankees,Tampa Bay Rays,4,3
2022-06-15,Toronto Blue Jays,Baltimore Orioles,7,6
2022-06-15,Boston Red Sox,Oakland Athletics,10,1
2022-06-15,New York Mets,Milwaukee Brewers,2,10
2022-06-15,St. Louis Cardinals,Pittsburgh Pirates,4,6
2022-06-15,Chicago Cubs,San Diego Padres,5,19
2022-06-15,Colorado Rockies,Cleveland Guardians,5,7
2022-06-15,Los Angeles Dodgers,Los Angeles Angels,4,1
2022-06-16,Boston Red Sox,Oakland Athletics,3,4
2022-06-16,Chicago Cubs,San Diego Padres,4,6
2022-06-16,Toronto Blue Jays,Baltimore Orioles,2,10
2022-06-16,Colorado Rockies,Cleveland Guardians,2,4
2022-06-16,Washington Nationals,Philadelphia Phillies,1,10
2022-06-16,New York Yankees,Tampa Bay Rays,2,1
2022-06-16,Detroit Tigers,Texas Rangers,1,3
2022-06-16,New York Mets,Milwaukee Brewers,5,4
2022-06-16,Seattle Mariners,Los Angeles Angels,1,4
2022-06-17,Washington Nationals,Philadelphia Phillies,3,5
2022-06-17,Washington Nationals,Philadelphia Phillies,7,8
2022-06-17,Chicago Cubs,Atlanta Braves,1,0
2022-06-17,Baltimore Orioles,Tampa Bay Rays,1,0
2022-06-17,Cincinnati Reds,Milwaukee Brewers,4,5
2022-06-17,Pittsburgh Pirates,San Francisco Giants,0,2
2022-06-17,Toronto Blue Jays,New York Yankees,3,12
2022-06-17,Boston Red Sox,St. Louis Cardinals,6,5
2022-06-17,Detroit Tigers,Texas Rangers,0,7
2022-06-17,New York Mets,Miami Marlins,10,4
2022-06-17,Houston Astros,Chicago White Sox,13,3
2022-06-17,Colorado Rockies,San Diego Padres,10,4
2022-06-17,Oakland Athletics,Kansas City Royals,1,5
2022-06-17,Arizona Diamondbacks,Minnesota Twins,7,2
2022-06-17,Los Angeles Dodgers,Cleveland Guardians,1,2
2022-06-17,Seattle Mariners,Los Angeles Angels,8,1
2022-06-18,Chicago Cubs,Atlanta Braves,6,3
2022-06-18,Toronto Blue Jays,New York Yankees,0,4
2022-06-18,Pittsburgh Pirates,San Francisco Giants,5,7
2022-06-18,Baltimore Orioles,Tampa Bay Rays,6,7
2022-06-18,Oakland Athletics,Kansas City Royals,0,2
2022-06-18,Seattle Mariners,Los Angeles Angels,2,4
2022-06-18,Seattle Mariners,Los Angeles Angels,0,3
2022-06-18,Detroit Tigers,Texas Rangers,14,7
2022-06-18,Houston Astros,Chicago White Sox,0,7
2022-06-18,New York Mets,Miami Marlins,3,2
2022-06-18,Cincinnati Reds,Milwaukee Brewers,3,7
2022-06-18,Washington Nationals,Philadelphia Phillies,1,2
2022-06-18,Los Angeles Dodgers,Cleveland Guardians,7,1
2022-06-18,Boston Red Sox,St. Louis Cardinals,2,11
2022-06-18,Colorado Rockies,San Diego Padres,5,4
2022-06-18,Arizona Diamondbacks,Minnesota Twins,1,11
2022-06-19,Washington Nationals,Philadelphia Phillies,9,3
2022-06-19,Pittsburgh Pirates,San Francisco Giants,4,3
2022-06-19,Boston Red Sox,St. Louis Cardinals,6,4
2022-06-19,Baltimore Orioles,Tampa Bay Rays,2,1
2022-06-19,Toronto Blue Jays,New York Yankees,10,9
2022-06-19,Detroit Tigers,Texas Rangers,7,3
2022-06-19,New York Mets,Miami Marlins,2,6
2022-06-19,Cincinnati Reds,Milwaukee Brewers,3,6
2022-06-19,Chicago Cubs,Atlanta Braves,0,6
2022-06-19,Colorado Rockies,San Diego Padres,8,3
2022-06-19,Oakland Athletics,Kansas City Royals,4,0
2022-06-19,Los Angeles Dodgers,Cleveland Guardians,3,5
2022-06-19,Seattle Mariners,Los Angeles Angels,0,4
2022-06-19,Arizona Diamondbacks,Minnesota Twins,7,1
2022-06-19,Houston Astros,Chicago White Sox,4,3
2022-06-20,New York Mets,Miami Marlins,6,0
2022-06-20,Pittsburgh Pirates,Chicago Cubs,12,1
2022-06-20,Boston Red Sox,Detroit Tigers,5,2
2022-06-20,Tampa Bay Rays,New York Yankees,2,4
2022-06-20,Atlanta Braves,San Francisco Giants,2,1
2022-06-20,Chicago White Sox,Toronto Blue Jays,8,7
2022-06-20,Milwaukee Brewers,St. Louis Cardinals,2,0
2022-06-20,Los Angeles Angels,Kansas City Royals,2,6
2022-06-20,San Diego Padres,Arizona Diamondbacks,4,1
2022-06-21,Cincinnati Reds,Los Angeles Dodgers,2,8
2022-06-21,Miami Marlins,Colorado Rockies,9,8
2022-06-21,Baltimore Orioles,Washington Nationals,0,3
2022-06-21,Pittsburgh Pirates,Chicago Cubs,7,1
2022-06-21,Boston Red Sox,Detroit Tigers,5,4
2022-06-21,Tampa Bay Rays,New York Yankees,5,4
2022-06-21,Atlanta Braves,San Francisco Giants,10,12
2022-06-21,Minnesota Twins,Cleveland Guardians,5,6
2022-06-21,Texas Rangers,Philadelphia Phillies,7,0
2022-06-21,Houston Astros,New York Mets,8,2
2022-06-21,Chicago White Sox,Toronto Blue Jays,7,6
2022-06-21,Milwaukee Brewers,St. Louis Cardinals,2,6
2022-06-21,Los Angeles Angels,Kansas City Royals,11,12
2022-06-21,San Diego Padres,Arizona Diamondbacks,3,2
2022-06-21,Oakland Athletics,Seattle Mariners,2,8
2022-06-22,Houston Astros,New York Mets,5,3
2022-06-22,Chicago White Sox,Toronto Blue Jays,5,9
2022-06-22,Texas Rangers,Philadelphia Phillies,4,2
2022-06-22,San Diego Padres,Arizona Diamondbacks,10,4
2022-06-22,Cincinnati Reds,Los Angeles Dodgers,4,8
2022-06-22,Miami Marlins,Colorado Rockies,7,4
2022-06-22,Baltimore Orioles,Washington Nationals,7,0
2022-06-22,Pittsburgh Pirates,Chicago Cubs,5,14
2022-06-22,Boston Red Sox,Detroit Tigers,6,2
2022-06-22,Tampa Bay Rays,New York Yankees,4,5
2022-06-22,Atlanta Braves,San Francisco Giants,4,3
2022-06-22,Minnesota Twins,Cleveland Guardians,10,11
2022-06-22,Milwaukee Brewers,St. Louis Cardinals,4,5
2022-06-22,Oakland Athletics,Seattle Mariners,0,9
2022-06-22,Los Angeles Angels,Kansas City Royals,5,0
2022-06-23,Miami Marlins,Colorado Rockies,3,2
2022-06-23,Atlanta Braves,San Francisco Giants,7,6
2022-06-23,Cincinnati Reds,Los Angeles Dodgers,5,10
2022-06-23,Pittsburgh Pirates,Chicago Cubs,8,7
2022-06-23,Minnesota Twins,Cleveland Guardians,1,0
2022-06-23,Milwaukee Brewers,St. Louis Cardinals,6,4
2022-06-23,Oakland Athletics,Seattle Mariners,1,2
2022-06-23,New York Yankees,Houston Astros,7,6
2022-06-23,Chicago White Sox,Baltimore Orioles,0,4
2022-06-23,San Diego Padres,Philadelphia Phillies,2,6
2022-06-24,Miami Marlins,New York Mets,3,5
2022-06-24,New York Yankees,Houston Astros,1,3
2022-06-24,Cleveland Guardians,Boston Red Sox,3,6
2022-06-24,Tampa Bay Rays,Pittsburgh Pirates,4,3
2022-06-24,Atlanta Braves,Los Angeles Dodgers,1,4
2022-06-24,Texas Rangers,Washington Nationals,1,2
2022-06-24,Kansas City Royals,Oakland Athletics,3,1
2022-06-24,Minnesota Twins,Colorado Rockies,0,1
2022-06-24,Chicago White Sox,Baltimore Orioles,1,4
2022-06-24,Milwaukee Brewers,Toronto Blue Jays,4,9
2022-06-24,St. Louis Cardinals,Chicago Cubs,0,3
2022-06-24,Los Angeles Angels,Seattle Mariners,3,4
2022-06-24,Arizona Diamondbacks,Detroit Tigers,1,5
2022-06-24,San Diego Padres,Philadelphia Phillies,1,0
2022-06-24,San Francisco Giants,Cincinnati Reds,2,4
2022-06-25,New York Yankees,Houston Astros,0,3
2022-06-25,Tampa Bay Rays,Pittsburgh Pirates,6,5
2022-06-25,Chicago White Sox,Baltimore Orioles,2,6
2022-06-25,St. Louis Cardinals,Chicago Cubs,5,3
2022-06-25,Texas Rangers,Washington Nationals,3,2
2022-06-25,Kansas City Royals,Oakland Athletics,7,9
2022-06-25,Miami Marlins,New York Mets,3,5
2022-06-25,Milwaukee Brewers,Toronto Blue Jays,5,4
2022-06-25,Cleveland Guardians,Boston Red Sox,2,4
2022-06-25,San Francisco Giants,Cincinnati Reds,9,2
2022-06-25,Minnesota Twins,Colorado Rockies,6,0
2022-06-25,Atlanta Braves,Los Angeles Dodgers,5,3
2022-06-25,Los Angeles Angels,Seattle Mariners,3,5
2022-06-25,Arizona Diamondbacks,Detroit Tigers,3,6
2022-06-25,San Diego Padres,Philadelphia Phillies,2,4
2022-06-26,Miami Marlins,New York Mets,3,2
2022-06-26,New York Yankees,Houston Astros,6,3
2022-06-26,Cleveland Guardians,Boston Red Sox,3,8
2022-06-26,Tampa Bay Rays,Pittsburgh Pirates,4,2
2022-06-26,Kansas City Royals,Oakland Athletics,3,5
2022-06-26,Minnesota Twins,Colorado Rockies,6,3
2022-06-26,Chicago White Sox,Baltimore Orioles,4,3
2022-06-26,Milwaukee Brewers,Toronto Blue Jays,10,3
2022-06-26,St. Louis Cardinals,Chicago Cubs,5,6
2022-06-26,Texas Rangers,Washington Nationals,4,6
2022-06-26,San Francisco Giants,Cincinnati Reds,3,10
2022-06-26,Los Angeles Angels,Seattle Mariners,2,1
2022-06-26,Arizona Diamondbacks,Detroit Tigers,11,7
2022-06-26,San Diego Padres,Philadelphia Phillies,5,8
2022-06-26,Atlanta Braves,Los Angeles Dodgers,3,5
2022-06-27,Washington Nationals,Pittsburgh Pirates,3,2
2022-06-27,New York Yankees,Oakland Athletics,9,5
2022-06-27,Toronto Blue Jays,Boston Red Sox,7,2
2022-06-27,Cleveland Guardians,Minnesota Twins,1,11
2022-06-27,St. Louis Cardinals,Miami Marlins,9,0
2022-06-27,Kansas City Royals,Texas Rangers,4,10
2022-06-27,Colorado Rockies,Los Angeles Dodgers,4,0
2022-06-27,Los Angeles Angels,Chicago White Sox,4,3
2022-06-27,Seattle Mariners,Baltimore Orioles,2,9
2022-06-28,Cleveland Guardians,Minnesota Twins,3,2
2022-06-28,Cleveland Guardians,Minnesota Twins,0,6
2022-06-28,Washington Nationals,Pittsburgh Pirates,3,1
2022-06-28,Philadelphia Phillies,Atlanta Braves,3,5
2022-06-28,New York Yankees,Oakland Athletics,2,1
2022-06-28,Toronto Blue Jays,Boston Red Sox,6,5
2022-06-28,New York Mets,Houston Astros,1,9
2022-06-28,Tampa Bay Rays,Milwaukee Brewers,3,5
2022-06-28,St. Louis Cardinals,Miami Marlins,5,3
2022-06-28,Chicago Cubs,Cincinnati Reds,3,5
2022-06-28,Kansas City Royals,Texas Rangers,3,8
2022-06-28,Colorado Rockies,Los Angeles Dodgers,7,4
2022-06-28,Los Angeles Angels,Chicago White Sox,4,11
2022-06-28,Arizona Diamondbacks,San Diego Padres,7,6
2022-06-28,San Francisco Giants,Detroit Tigers,4,3
2022-06-28,Seattle Mariners,Baltimore Orioles,2,0
2022-06-29,Tampa Bay Rays,Milwaukee Brewers,3,5
2022-06-29,Washington Nationals,Pittsburgh Pirates,7,8
2022-06-29,New York Yankees,Oakland Athletics,5,3
2022-06-29,New York Mets,Houston Astros,0,2
2022-06-29,Kansas City Royals,Texas Rangers,2,1
2022-06-29,Arizona Diamondbacks,San Diego Padres,0,4
2022-06-29,San Francisco Giants,Detroit Tigers,2,3
2022-06-29,Seattle Mariners,Baltimore Orioles,9,3
2022-06-29,Philadelphia Phillies,Atlanta Braves,1,4
2022-06-29,Toronto Blue Jays,Boston Red Sox,5,6
2022-06-29,Cleveland Guardians,Minnesota Twins,7,6
2022-06-29,St. Louis Cardinals,Miami Marlins,3,4
2022-06-29,Chicago Cubs,Cincinnati Reds,8,3
2022-06-29,Colorado Rockies,Los Angeles Dodgers,4,8
2022-06-29,Los Angeles Angels,Chicago White Sox,4,1
2022-06-30,Cleveland Guardians,Minnesota Twins,5,3
2022-06-30,Philadelphia Phillies,Atlanta Braves,14,4
2022-06-30,Houston Astros,New York Yankees,2,1
2022-06-30,Pittsburgh Pirates,Milwaukee Brewers,8,7
2022-06-30,Toronto Blue Jays,Tampa Bay Rays,4,1
2022-06-30,Chicago Cubs,Cincinnati Reds,15,7
2022-06-30,Los Angeles Dodgers,San Diego Padres,3,1
2022-06-30,Seattle Mariners,Oakland Athletics,8,6
2022-07-01,Chicago Cubs,Boston Red Sox,6,5
2022-07-01,Toronto Blue Jays,Tampa Bay Rays,9,2
2022-07-01,Philadelphia Phillies,St. Louis Cardinals,5,3
2022-07-01,Washington Nationals,Miami Marlins,3,6
2022-07-01,Cincinnati Reds,Atlanta Braves,1,9
2022-07-01,Pittsburgh Pirates,Milwaukee Brewers,2,19
2022-07-01,Detroit Tigers,Kansas City Royals,1,3
2022-07-01,New York Mets,Texas Rangers,4,3
2022-07-01,Colorado Rockies,Arizona Diamondbacks,3,9
2022-07-01,Houston Astros,Los Angeles Angels,8,1
2022-07-01,Minnesota Twins,Baltimore Orioles,3,2
2022-07-01,Los Angeles Dodgers,San Diego Padres,5,1
2022-07-01,Seattle Mariners,Oakland Athletics,1,3
2022-07-01,San Francisco Giants,Chicago White Sox,0,1
2022-07-02,Toronto Blue Jays,Tampa Bay Rays,2,6
2022-07-02,Toronto Blue Jays,Tampa Bay Rays,5,11
2022-07-02,Cleveland Guardians,New York Yankees,4,13
2022-07-02,Cleveland Guardians,New York Yankees,1,6
2022-07-02,Minnesota Twins,Baltimore Orioles,4,3
2022-07-02,Philadelphia Phillies,St. Louis Cardinals,6,7
2022-07-02,San Francisco Giants,Chicago White Sox,3,5
2022-07-02,Washington Nationals,Miami Marlins,3,5
2022-07-02,Pittsburgh Pirates,Milwaukee Brewers,7,4
2022-07-02,Houston Astros,Los Angeles Angels,9,1
2022-07-02,Detroit Tigers,Kansas City Royals,4,3
2022-07-02,Seattle Mariners,Oakland Athletics,2,1
2022-07-02,New York Mets,Texas Rangers,3,7
2022-07-02,Cincinnati Reds,Atlanta Braves,1,4
2022-07-02,Chicago Cubs,Boston Red Sox,3,1
2022-07-02,Los Angeles Dodgers,San Diego Padres,7,2
2022-07-02,Colorado Rockies,Arizona Diamondbacks,11,7
2022-07-03,Detroit Tigers,Kansas City Royals,4,7
2022-07-03,Washington Nationals,Miami Marlins,4,7
2022-07-03,Pittsburgh Pirates,Milwaukee Brewers,0,2
2022-07-03,Toronto Blue Jays,Tampa Bay Rays,3,7
2022-07-03,New York Mets,Texas Rangers,4,1
2022-07-03,Cincinnati Reds,Atlanta Braves,4,3
2022-07-03,Cleveland Guardians,New York Yankees,2,0
2022-07-03,Houston Astros,Los Angeles Angels,4,2
2022-07-03,Minnesota Twins,Baltimore Orioles,1,3
2022-07-03,Chicago Cubs,Boston Red Sox,2,4
2022-07-03,Colorado Rockies,Arizona Diamondbacks,6,5
2022-07-03,San Francisco Giants,Chicago White Sox,4,13
2022-07-03,Los Angeles Dodgers,San Diego Padres,2,4
2022-07-03,Seattle Mariners,Oakland Athletics,2,1
2022-07-03,Philadelphia Phillies,St. Louis Cardinals,4,0
2022-07-04,Washington Nationals,Miami Marlins,2,3
2022-07-04,Baltimore Orioles,Texas Rangers,7,6
2022-07-04,Detroit Tigers,Cleveland Guardians,4,1
2022-07-04,Detroit Tigers,Cleveland Guardians,5,3
2022-07-04,Boston Red Sox,Tampa Bay Rays,4,0
2022-07-04,Houston Astros,Kansas City Royals,7,6
2022-07-04,Milwaukee Brewers,Chicago Cubs,5,2
2022-07-04,Arizona Diamondbacks,San Francisco Giants,8,3
2022-07-04,Cincinnati Reds,New York Mets,4,7
2022-07-04,San Diego Padres,Seattle Mariners,2,8
2022-07-04,Atlanta Braves,St. Louis Cardinals,6,3
2022-07-04,Chicago White Sox,Minnesota Twins,3,6
2022-07-04,Oakland Athletics,Toronto Blue Jays,5,1
2022-07-04,Los Angeles Dodgers,Colorado Rockies,5,3
2022-07-05,San Diego Padres,Seattle Mariners,2,6
2022-07-05,Cincinnati Reds,New York Mets,1,0
2022-07-05,Miami Marlins,Los Angeles Angels,2,1
2022-07-05,Baltimore Orioles,Texas Rangers,10,9
2022-07-05,Philadelphia Phillies,Washington Nationals,11,0
2022-07-05,Pittsburgh Pirates,New York Yankees,5,2
2022-07-05,Detroit Tigers,Cleveland Guardians,11,4
2022-07-05,Boston Red Sox,Tampa Bay Rays,4,8
2022-07-05,Atlanta Braves,St. Louis Cardinals,7,1
2022-07-05,Houston Astros,Kansas City Royals,9,7
2022-07-05,Chicago White Sox,Minnesota Twins,2,8
2022-07-05,Milwaukee Brewers,Chicago Cubs,3,8
2022-07-05,Arizona Diamondbacks,San Francisco Giants,6,2
2022-07-05,Oakland Athletics,Toronto Blue Jays,5,3
2022-07-05,Los Angeles Dodgers,Colorado Rockies,5,2
2022-07-06,Detroit Tigers,Cleveland Guardians,8,2
2022-07-06,Chicago White Sox,Minnesota Twins,9,8
2022-07-06,Milwaukee Brewers,Chicago Cubs,1,2
2022-07-06,Oakland Athletics,Toronto Blue Jays,1,2
2022-07-06,Cincinnati Reds,New York Mets,3,8
2022-07-06,Miami Marlins,Los Angeles Angels,2,5
2022-07-06,Baltimore Orioles,Texas Rangers,2,1
2022-07-06,Philadelphia Phillies,Washington Nationals,2,3
2022-07-06,Pittsburgh Pirates,New York Yankees,0,16
2022-07-06,Boston Red Sox,Tampa Bay Rays,1,7
2022-07-06,Atlanta Braves,St. Louis Cardinals,3,0
2022-07-06,Houston Astros,Kansas City Royals,4,7
2022-07-06,Arizona Diamondbacks,San Francisco Giants,5,7
2022-07-06,Los Angeles Dodgers,Colorado Rockies,2,1
2022-07-07,Houston Astros,Kansas City Royals,5,2
2022-07-07,Cincinnati Reds,Pittsburgh Pirates,2,4
2022-07-07,Cincinnati Reds,Pittsburgh Pirates,5,1
2022-07-07,Philadelphia Phillies,Washington Nationals,5,3
2022-07-07,Baltimore Orioles,Los Angeles Angels,4,1
2022-07-07,New York Mets,Miami Marlins,10,0
2022-07-07,Boston Red Sox,New York Yankees,5,6
2022-07-07,Atlanta Braves,St. Louis Cardinals,2,3
2022-07-07,Chicago White Sox,Detroit Tigers,1,2
2022-07-07,Arizona Diamondbacks,Colorado Rockies,3,4
2022-07-07,San Diego Padres,San Francisco Giants,2,1
2022-07-07,Los Angeles Dodgers,Chicago Cubs,5,3
2022-07-07,Seattle Mariners,Toronto Blue Jays,8,3
2022-07-08,Cincinnati Reds,Tampa Bay Rays,2,1
2022-07-08,Baltimore Orioles,Los Angeles Angels,5,4
2022-07-08,New York Mets,Miami Marlins,2,5
2022-07-08,Boston Red Sox,New York Yankees,5,12
2022-07-08,Atlanta Braves,Washington Nationals,12,2
2022-07-08,Texas Rangers,Minnesota Twins,6,5
2022-07-08,Kansas City Royals,Cleveland Guardians,4,3
2022-07-08,Chicago White Sox,Detroit Tigers,5,7
2022-07-08,Milwaukee Brewers,Pittsburgh Pirates,4,3
2022-07-08,St. Louis Cardinals,Philadelphia Phillies,0,2
2022-07-08,Arizona Diamondbacks,Colorado Rockies,5,6
2022-07-08,Oakland Athletics,Houston Astros,3,8
2022-07-08,San Diego Padres,San Francisco Giants,6,3
2022-07-08,Los Angeles Dodgers,Chicago Cubs,4,3
2022-07-08,Seattle Mariners,Toronto Blue Jays,5,2
2022-07-09,Chicago White Sox,Detroit Tigers,8,0
2022-07-09,St. Louis Cardinals,Philadelphia Phillies,0,1
2022-07-09,Baltimore Orioles,Los Angeles Angels,1,0
2022-07-09,Texas Rangers,Minnesota Twins,9,7
2022-07-09,Oakland Athletics,Houston Astros,3,2
2022-07-09,Arizona Diamondbacks,Colorado Rockies,9,2
2022-07-09,Kansas City Royals,Cleveland Guardians,1,13
2022-07-09,Cincinnati Reds,Tampa Bay Rays,5,4
2022-07-09,Atlanta Braves,Washington Nationals,4,3
2022-07-09,New York Mets,Miami Marlins,5,4
2022-07-09,Milwaukee Brewers,Pittsburgh Pirates,3,4
2022-07-09,San Diego Padres,San Francisco Giants,1,3
2022-07-09,Boston Red Sox,New York Yankees,6,5
2022-07-09,Los Angeles Dodgers,Chicago Cubs,4,2
2022-07-09,Seattle Mariners,Toronto Blue Jays,2,1
2022-07-10,Baltimore Orioles,Los Angeles Angels,9,5
2022-07-10,Atlanta Braves,Washington Nationals,4,3
2022-07-10,Cincinnati Reds,Tampa Bay Rays,10,5
2022-07-10,New York Mets,Miami Marlins,0,2
2022-07-10,Kansas City Royals,Cleveland Guardians,5,1
2022-07-10,Chicago White Sox,Detroit Tigers,4,2
2022-07-10,Milwaukee Brewers,Pittsburgh Pirates,6,8
2022-07-10,St. Louis Cardinals,Philadelphia Phillies,4,3
2022-07-10,Texas Rangers,Minnesota Twins,5,6
2022-07-10,Oakland Athletics,Houston Astros,1,6
2022-07-10,Arizona Diamondbacks,Colorado Rockies,2,3
2022-07-10,Los Angeles Dodgers,Chicago Cubs,11,9
2022-07-10,San Diego Padres,San Francisco Giants,0,12
2022-07-10,Seattle Mariners,Toronto Blue Jays,6,5
2022-07-10,Boston Red Sox,New York Yankees,11,6
2022-07-11,Kansas City Royals,Detroit Tigers,3,1
2022-07-11,Kansas City Royals,Detroit Tigers,7,3
2022-07-11,Miami Marlins,Pittsburgh Pirates,1,5
2022-07-11,Tampa Bay Rays,Boston Red Sox,10,5
2022-07-11,Cleveland Guardians,Chicago White Sox,8,4
2022-07-11,St. Louis Cardinals,Philadelphia Phillies,6,1
2022-07-11,Atlanta Braves,New York Mets,1,4
2022-07-11,Texas Rangers,Oakland Athletics,10,8
2022-07-11,Colorado Rockies,San Diego Padres,5,6
2022-07-11,San Francisco Giants,Arizona Diamondbacks,3,4
2022-07-12,Cleveland Guardians,Chicago White Sox,4,1
2022-07-12,Cleveland Guardians,Chicago White Sox,0,7
2022-07-12,Miami Marlins,Pittsburgh Pirates,2,3
2022-07-12,New York Yankees,Cincinnati Reds,3,4
2022-07-12,Toronto Blue Jays,Philadelphia Phillies,4,3
2022-07-12,Tampa Bay Rays,Boston Red Sox,3,2
2022-07-12,Atlanta Braves,New York Mets,4,1
2022-07-12,Minnesota Twins,Milwaukee Brewers,3,6
2022-07-12,St. Louis Cardinals,Los Angeles Dodgers,7,6
2022-07-12,Chicago Cubs,Baltimore Orioles,2,4
2022-07-12,Texas Rangers,Oakland Athletics,7,14
2022-07-12,Kansas City Royals,Detroit Tigers,5,7
2022-07-12,Colorado Rockies,San Diego Padres,5,3
2022-07-12,Los Angeles Angels,Houston Astros,5,6
2022-07-12,San Francisco Giants,Arizona Diamondbacks,13,0
2022-07-13,Washington Nationals,Seattle Mariners,4,6
2022-07-13,Washington Nationals,Seattle Mariners,1,2
2022-07-13,Atlanta Braves,New York Mets,3,7
2022-07-13,Minnesota Twins,Milwaukee Brewers,4,1
2022-07-13,Kansas City Royals,Detroit Tigers,5,2
2022-07-13,San Francisco Giants,Arizona Diamondbacks,4,3
2022-07-13,Miami Marlins,Pittsburgh Pirates,5,4
2022-07-13,New York Yankees,Cincinnati Reds,7,6
2022-07-13,Toronto Blue Jays,Philadelphia Phillies,8,2
2022-07-13,Tampa Bay Rays,Boston Red Sox,4,1
2022-07-13,Cleveland Guardians,Chicago White Sox,1,2
2022-07-13,St. Louis Cardinals,Los Angeles Dodgers,6,7
2022-07-13,Chicago Cubs,Baltimore Orioles,1,7
2022-07-13,Texas Rangers,Oakland Athletics,5,2
2022-07-13,Colorado Rockies,San Diego Padres,10,6
2022-07-13,Los Angeles Angels,Houston Astros,7,1
2022-07-14,Miami Marlins,Pittsburgh Pirates,3,2
2022-07-14,Colorado Rockies,San Diego Padres,8,5
2022-07-14,Washington Nationals,Atlanta Braves,4,5
2022-07-14,New York Yankees,Cincinnati Reds,6,7
2022-07-14,Toronto Blue Jays,Kansas City Royals,1,3
2022-07-14,Cleveland Guardians,Detroit Tigers,4,0
2022-07-14,Tampa Bay Rays,Boston Red Sox,5,4
2022-07-14,St. Louis Cardinals,Los Angeles Dodgers,0,4
2022-07-14,Minnesota Twins,Chicago White Sox,2,12
2022-07-14,Chicago Cubs,New York Mets,0,8
2022-07-14,Texas Rangers,Seattle Mariners,5,6
2022-07-14,Los Angeles Angels,Houston Astros,2,3
2022-07-14,San Francisco Giants,Milwaukee Brewers,2,3
2022-07-15,Miami Marlins,Philadelphia Phillies,1,2
2022-07-15,Washington Nationals,Atlanta Braves,4,8
2022-07-15,New York Yankees,Boston Red Sox,4,5
2022-07-15,Toronto Blue Jays,Kansas City Royals,8,1
2022-07-15,Cleveland Guardians,Detroit Tigers,6,5
2022-07-15,Tampa Bay Rays,Baltimore Orioles,5,4
2022-07-15,Texas Rangers,Seattle Mariners,3,8
2022-07-15,Houston Astros,Oakland Athletics,1,5
2022-07-15,Minnesota Twins,Chicago White Sox,2,6
2022-07-15,St. Louis Cardinals,Cincinnati Reds,7,3
2022-07-15,Colorado Rockies,Pittsburgh Pirates,13,2
2022-07-15,Los Angeles Angels,Los Angeles Dodgers,1,9
2022-07-15,San Diego Padres,Arizona Diamondbacks,5,3
2022-07-15,San Francisco Giants,Milwaukee Brewers,8,5
2022-07-16,Minnesota Twins,Chicago White Sox,6,3
2022-07-16,St. Louis Cardinals,Cincinnati Reds,11,3
2022-07-16,Chicago Cubs,New York Mets,1,2
2022-07-16,Chicago Cubs,New York Mets,3,4
2022-07-16,Toronto Blue Jays,Kansas City Royals,6,5
2022-07-16,Colorado Rockies,Pittsburgh Pirates,2,0
2022-07-16,Texas Rangers,Seattle Mariners,2,3
2022-07-16,Washington Nationals,Atlanta Braves,3,6
2022-07-16,Cleveland Guardians,Detroit Tigers,10,0
2022-07-16,Houston Astros,Oakland Athletics,5,0
2022-07-16,Tampa Bay Rays,Baltimore Orioles,4,6
2022-07-16,Miami Marlins,Philadelphia Phillies,0,10
2022-07-16,New York Yankees,Boston Red Sox,14,1
2022-07-16,San Francisco Giants,Milwaukee Brewers,2,1
2022-07-16,San Diego Padres,Arizona Diamondbacks,4,3
2022-07-16,Los Angeles Angels,Los Angeles Dodgers,1,7
2022-07-17,Toronto Blue Jays,Kansas City Royals,4,2
2022-07-17,Washington Nationals,Atlanta Braves,7,3
2022-07-17,New York Yankees,Boston Red Sox,13,2
2022-07-17,Tampa Bay Rays,Baltimore Orioles,7,5
2022-07-17,Miami Marlins,Philadelphia Phillies,0,4
2022-07-17,Houston Astros,Oakland Athletics,3,4
2022-07-17,Minnesota Twins,Chicago White Sox,0,11
2022-07-17,Chicago Cubs,New York Mets,3,2
2022-07-17,Texas Rangers,Seattle Mariners,2,6
2022-07-17,Colorado Rockies,Pittsburgh Pirates,3,8
2022-07-17,San Francisco Giants,Milwaukee Brewers,9,5
2022-07-17,San Diego Padres,Arizona Diamondbacks,1,3
2022-07-21,Miami Marlins,Texas Rangers,0,8
2022-07-21,Houston Astros,New York Yankees,3,2
2022-07-21,Houston Astros,New York Yankees,7,5
2022-07-21,Oakland Athletics,Detroit Tigers,2,7
2022-07-21,Oakland Athletics,Detroit Tigers,5,0
2022-07-21,Los Angeles Dodgers,San Francisco Giants,9,6
2022-07-22,Cincinnati Reds,St. Louis Cardinals,9,5
2022-07-22,Philadelphia Phillies,Chicago Cubs,2,15
2022-07-22,Pittsburgh Pirates,Miami Marlins,1,8
2022-07-22,Baltimore Orioles,New York Yankees,6,7
2022-07-22,New York Mets,San Diego Padres,1,4
2022-07-22,Boston Red Sox,Toronto Blue Jays,5,28
2022-07-22,Atlanta Braves,Los Angeles Angels,8,1
2022-07-22,Kansas City Royals,Tampa Bay Rays,3,7
2022-07-22,Chicago White Sox,Cleveland Guardians,2,8
2022-07-22,Milwaukee Brewers,Colorado Rockies,6,5
2022-07-22,Arizona Diamondbacks,Washington Nationals,10,1
2022-07-22,Oakland Athletics,Texas Rangers,5,4
2022-07-22,Seattle Mariners,Houston Astros,2,5
2022-07-22,Los Angeles Dodgers,San Francisco Giants,5,1
2022-07-23,Chicago White Sox,Cleveland Guardians,4,7
2022-07-23,Chicago White Sox,Cleveland Guardians,5,4
2022-07-23,Seattle Mariners,Houston Astros,1,3
2022-07-23,Boston Red Sox,Toronto Blue Jays,1,4
2022-07-23,Philadelphia Phillies,Chicago Cubs,2,6
2022-07-23,Detroit Tigers,Minnesota Twins,4,8
2022-07-23,Cincinnati Reds,St. Louis Cardinals,3,6
2022-07-23,Pittsburgh Pirates,Miami Marlins,1,0
2022-07-23,Baltimore Orioles,New York Yankees,6,3
2022-07-23,New York Mets,San Diego Padres,1,2
2022-07-23,Kansas City Royals,Tampa Bay Rays,6,3
2022-07-23,Milwaukee Brewers,Colorado Rockies,9,4
2022-07-23,Los Angeles Dodgers,San Francisco Giants,4,2
2022-07-23,Atlanta Braves,Los Angeles Angels,7,2
2022-07-23,Arizona Diamondbacks,Washington Nationals,7,2
2022-07-23,Oakland Athletics,Texas Rangers,3,1
2022-07-24,Philadelphia Phillies,Chicago Cubs,3,4
2022-07-24,Boston Red Sox,Toronto Blue Jays,4,8
2022-07-24,Atlanta Braves,Los Angeles Angels,1,9
2022-07-24,Pittsburgh Pirates,Miami Marlins,5,6
2022-07-24,Baltimore Orioles,New York Yankees,0,6
2022-07-24,Cincinnati Reds,St. Louis Cardinals,6,3
2022-07-24,Detroit Tigers,Minnesota Twins,1,9
2022-07-24,Kansas City Royals,Tampa Bay Rays,4,2
2022-07-24,Chicago White Sox,Cleveland Guardians,6,3
2022-07-24,Milwaukee Brewers,Colorado Rockies,10,9
2022-07-24,Oakland Athletics,Texas Rangers,8,11
2022-07-24,Arizona Diamondbacks,Washington Nationals,3,4
2022-07-24,Seattle Mariners,Houston Astros,5,8
2022-07-24,Los Angeles Dodgers,San Francisco Giants,7,4
2022-07-24,New York Mets,San Diego Padres,8,5
2022-07-25,Cincinnati Reds,Miami Marlins,11,2
2022-07-25,Baltimore Orioles,Tampa Bay Rays,5,1
2022-07-25,Philadelphia Phillies,Atlanta Braves,6,4
2022-07-25,Boston Red Sox,Cleveland Guardians,3,1
2022-07-25,Detroit Tigers,San Diego Padres,12,4
2022-07-25,Chicago Cubs,Pittsburgh Pirates,3,2
2022-07-25,Kansas City Royals,Los Angeles Angels,7,0
2022-07-25,Milwaukee Brewers,Colorado Rockies,0,2
2022-07-25,Oakland Athletics,Houston Astros,7,5
2022-07-25,Arizona Diamondbacks,San Francisco Giants,7,0
2022-07-25,Los Angeles Dodgers,Washington Nationals,1,4
2022-07-25,Seattle Mariners,Texas Rangers,4,3
2022-07-26,Chicago Cubs,Pittsburgh Pirates,4,2
2022-07-26,Cincinnati Reds,Miami Marlins,1,2
2022-07-26,Baltimore Orioles,Tampa Bay Rays,5,3
2022-07-26,Philadelphia Phillies,Atlanta Braves,3,6
2022-07-26,Toronto Blue Jays,St. Louis Cardinals,10,3
2022-07-26,Boston Red Sox,Cleveland Guardians,3,8
2022-07-26,Detroit Tigers,San Diego Padres,4,6
2022-07-26,New York Mets,New York Yankees,6,3
2022-07-26,Kansas City Royals,Los Angeles Angels,0,6
2022-07-26,Milwaukee Brewers,Minnesota Twins,7,6
2022-07-26,Colorado Rockies,Chicago White Sox,1,2
2022-07-26,Oakland Athletics,Houston Astros,5,3
2022-07-26,Arizona Diamondbacks,San Francisco Giants,7,3
2022-07-26,Los Angeles Dodgers,Washington Nationals,3,8
2022-07-26,Seattle Mariners,Texas Rangers,5,4
2022-07-27,Philadelphia Phillies,Atlanta Braves,7,2
2022-07-27,Detroit Tigers,San Diego Padres,4,3
2022-07-27,Kansas City Royals,Los Angeles Angels,0,4
2022-07-27,Milwaukee Brewers,Minnesota Twins,10,4
2022-07-27,Los Angeles Dodgers,Washington Nationals,7,1
2022-07-27,Colorado Rockies,Chicago White Sox,6,5
2022-07-27,Oakland Athletics,Houston Astros,4,2
2022-07-27,Arizona Diamondbacks,San Francisco Giants,5,3
2022-07-27,Seattle Mariners,Texas Rangers,4,2
2022-07-27,Cincinnati Reds,Miami Marlins,5,3
2022-07-27,Baltimore Orioles,Tampa Bay Rays,4,6
2022-07-27,Toronto Blue Jays,St. Louis Cardinals,1,6
2022-07-27,Boston Red Sox,Cleveland Guardians,6,7
2022-07-27,New York Mets,New York Yankees,3,2
2022-07-28,Baltimore Orioles,Tampa Bay Rays,3,0
2022-07-28,Cincinnati Reds,Miami Marlins,6,7
2022-07-28,Pittsburgh Pirates,Philadelphia Phillies,7,8
2022-07-28,New York Yankees,Kansas City Royals,1,0
2022-07-28,Toronto Blue Jays,Detroit Tigers,5,3
2022-07-28,Boston Red Sox,Cleveland Guardians,4,2
2022-07-28,Houston Astros,Seattle Mariners,4,2
2022-07-28,Colorado Rockies,Los Angeles Dodgers,0,13
2022-07-28,Los Angeles Angels,Texas Rangers,0,2
2022-07-28,San Francisco Giants,Chicago Cubs,4,2
2022-07-29,Cincinnati Reds,Baltimore Orioles,2,6
2022-07-29,Miami Marlins,New York Mets,4,6
2022-07-29,Washington Nationals,St. Louis Cardinals,2,6
2022-07-29,Pittsburgh Pirates,Philadelphia Phillies,2,4
2022-07-29,New York Yankees,Kansas City Royals,11,5
2022-07-29,Toronto Blue Jays,Detroit Tigers,2,4
2022-07-29,Tampa Bay Rays,Cleveland Guardians,1,4
2022-07-29,Boston Red Sox,Milwaukee Brewers,1,4
2022-07-29,Atlanta Braves,Arizona Diamondbacks,5,2
2022-07-29,Houston Astros,Seattle Mariners,11,1
2022-07-29,Chicago White Sox,Oakland Athletics,3,7
2022-07-29,Colorado Rockies,Los Angeles Dodgers,4,5
2022-07-29,Los Angeles Angels,Texas Rangers,2,7
2022-07-29,San Diego Padres,Minnesota Twins,10,1
2022-07-29,San Francisco Giants,Chicago Cubs,2,4
2022-07-30,Tampa Bay Rays,Cleveland Guardians,6,4
2022-07-30,New York Yankees,Kansas City Royals,8,2
2022-07-30,Toronto Blue Jays,Detroit Tigers,5,3
2022-07-30,Boston Red Sox,Milwaukee Brewers,4,9
2022-07-30,Miami Marlins,New York Mets,0,4
2022-07-30,Cincinnati Reds,Baltimore Orioles,8,2
2022-07-30,Houston Astros,Seattle Mariners,4,5
2022-07-30,Washington Nationals,St. Louis Cardinals,7,6
2022-07-30,San Diego Padres,Minnesota Twins,4,7
2022-07-30,Pittsburgh Pirates,Philadelphia Phillies,1,2
2022-07-30,Chicago White Sox,Oakland Athletics,3,2
2022-07-30,Atlanta Braves,Arizona Diamondbacks,6,2
2022-07-30,Colorado Rockies,Los Angeles Dodgers,5,3
2022-07-30,San Francisco Giants,Chicago Cubs,5,4
2022-07-30,Los Angeles Angels,Texas Rangers,9,7
2022-07-31,Toronto Blue Jays,Detroit Tigers,4,1
2022-07-31,Washington Nationals,St. Louis Cardinals,0,5
2022-07-31,Pittsburgh Pirates,Philadelphia Phillies,2,8
2022-07-31,Atlanta Braves,Arizona Diamondbacks,1,0
2022-07-31,New York Yankees,Kansas City Royals,6,8
2022-07-31,Boston Red Sox,Milwaukee Brewers,7,2
2022-07-31,Cincinnati Reds,Baltimore Orioles,3,2
2022-07-31,Tampa Bay Rays,Cleveland Guardians,3,5
2022-07-31,Miami Marlins,New York Mets,3,9
2022-07-31,Houston Astros,Seattle Mariners,3,2
2022-07-31,Chicago White Sox,Oakland Athletics,4,1
2022-07-31,Colorado Rockies,Los Angeles Dodgers,3,7
2022-07-31,Los Angeles Angels,Texas Rangers,2,5
2022-07-31,San Diego Padres,Minnesota Twins,3,2
2022-07-31,San Francisco Giants,Chicago Cubs,4,0
2022-08-01,Miami Marlins,Cincinnati Reds,1,3
2022-08-01,Washington Nationals,New York Mets,3,7
2022-08-01,New York Yankees,Seattle Mariners,7,2
2022-08-01,Cleveland Guardians,Arizona Diamondbacks,6,5
2022-08-01,Minnesota Twins,Detroit Tigers,5,3
2022-08-01,Texas Rangers,Baltimore Orioles,2,7
2022-08-01,Houston Astros,Boston Red Sox,2,3
2022-08-01,Chicago White Sox,Kansas City Royals,1,2
2022-08-01,San Diego Padres,Colorado Rockies,4,1
2022-08-01,San Francisco Giants,Los Angeles Dodgers,2,8
2022-08-02,San Diego Padres,Colorado Rockies,13,5
2022-08-02,San Diego Padres,Colorado Rockies,3,2
2022-08-02,Miami Marlins,Cincinnati Reds,1,2
2022-08-02,Washington Nationals,New York Mets,5,1
2022-08-02,New York Yankees,Seattle Mariners,6,8
2022-08-02,Pittsburgh Pirates,Milwaukee Brewers,5,3
2022-08-02,Cleveland Guardians,Arizona Diamondbacks,3,6
2022-08-02,Tampa Bay Rays,Toronto Blue Jays,1,3
2022-08-02,Atlanta Braves,Philadelphia Phillies,13,1
2022-08-02,Minnesota Twins,Detroit Tigers,3,5
2022-08-02,St. Louis Cardinals,Chicago Cubs,6,0
2022-08-02,Texas Rangers,Baltimore Orioles,2,8
2022-08-02,Houston Astros,Boston Red Sox,1,2
2022-08-02,Chicago White Sox,Kansas City Royals,9,2
2022-08-02,Los Angeles Angels,Oakland Athletics,3,1
2022-08-02,San Francisco Giants,Los Angeles Dodgers,5,9
2022-08-03,Tampa Bay Rays,Toronto Blue Jays,3,2
2022-08-03,Atlanta Braves,Philadelphia Phillies,1,3
2022-08-03,New York Yankees,Seattle Mariners,3,7
2022-08-03,Cleveland Guardians,Arizona Diamondbacks,7,4
2022-08-03,Minnesota Twins,Detroit Tigers,4,1
2022-08-03,Texas Rangers,Baltimore Orioles,3,6
2022-08-03,Houston Astros,Boston Red Sox,6,1
2022-08-03,Chicago White Sox,Kansas City Royals,4,1
2022-08-03,Washington Nationals,New York Mets,5,9
2022-08-03,Miami Marlins,Cincinnati Reds,3,0
2022-08-03,Pittsburgh Pirates,Milwaukee Brewers,8,7
2022-08-03,Los Angeles Angels,Oakland Athletics,1,3
2022-08-03,San Diego Padres,Colorado Rockies,9,1
2022-08-03,San Francisco Giants,Los Angeles Dodgers,0,3
2022-08-04,Pittsburgh Pirates,Milwaukee Brewers,5,4
2022-08-04,St. Louis Cardinals,Chicago Cubs,4,3
2022-08-04,St. Louis Cardinals,Chicago Cubs,7,2
2022-08-04,San Francisco Giants,Los Angeles Dodgers,3,5
2022-08-04,Los Angeles Angels,Oakland Athletics,7,8
2022-08-04,San Diego Padres,Colorado Rockies,3,7
2022-08-04,Philadelphia Phillies,Washington Nationals,5,4
2022-08-04,Cleveland Guardians,Houston Astros,0,6
2022-08-04,Detroit Tigers,Tampa Bay Rays,2,6
2022-08-04,New York Mets,Atlanta Braves,6,4
2022-08-04,Minnesota Twins,Toronto Blue Jays,3,9
2022-08-04,Texas Rangers,Chicago White Sox,3,2
2022-08-04,Kansas City Royals,Boston Red Sox,7,3
2022-08-05,Chicago Cubs,Miami Marlins,2,1
2022-08-05,Baltimore Orioles,Pittsburgh Pirates,1,0
2022-08-05,Philadelphia Phillies,Washington Nationals,7,2
2022-08-05,Cleveland Guardians,Houston Astros,3,9
2022-08-05,Detroit Tigers,Tampa Bay Rays,3,5
2022-08-05,New York Mets,Atlanta Braves,6,9
2022-08-05,Texas Rangers,Chicago White Sox,1,2
2022-08-05,Kansas City Royals,Boston Red Sox,4,7
2022-08-05,Minnesota Twins,Toronto Blue Jays,6,5
2022-08-05,Milwaukee Brewers,Cincinnati Reds,5,1
2022-08-05,St. Louis Cardinals,New York Yankees,4,3
2022-08-05,Arizona Diamondbacks,Colorado Rockies,6,5
2022-08-05,Los Angeles Dodgers,San Diego Padres,8,1
2022-08-05,Seattle Mariners,Los Angeles Angels,3,4
2022-08-06,New York Mets,Atlanta Braves,8,5
2022-08-06,New York Mets,Atlanta Braves,6,2
2022-08-06,Chicago Cubs,Miami Marlins,4,0
2022-08-06,Seattle Mariners,Los Angeles Angels,2,1
2022-08-06,Seattle Mariners,Los Angeles Angels,1,7
2022-08-06,Baltimore Orioles,Pittsburgh Pirates,6,3
2022-08-06,Philadelphia Phillies,Washington Nationals,11,5
2022-08-06,Cleveland Guardians,Houston Astros,4,1
2022-08-06,Detroit Tigers,Tampa Bay Rays,9,1
2022-08-06,Texas Rangers,Chicago White Sox,8,0
2022-08-06,Oakland Athletics,San Francisco Giants,3,7
2022-08-06,Kansas City Royals,Boston Red Sox,5,4
2022-08-06,Minnesota Twins,Toronto Blue Jays,7,3
2022-08-06,St. Louis Cardinals,New York Yankees,1,0
2022-08-06,Milwaukee Brewers,Cincinnati Reds,5,7
2022-08-06,Arizona Diamondbacks,Colorado Rockies,2,3
2022-08-06,Los Angeles Dodgers,San Diego Padres,8,3
2022-08-07,Cleveland Guardians,Houston Astros,1,0
2022-08-07,Baltimore Orioles,Pittsburgh Pirates,1,8
2022-08-07,Philadelphia Phillies,Washington Nationals,13,1
2022-08-07,Detroit Tigers,Tampa Bay Rays,0,7
2022-08-07,Kansas City Royals,Boston Red Sox,13,5
2022-08-07,Minnesota Twins,Toronto Blue Jays,2,3
2022-08-07,Milwaukee Brewers,Cincinnati Reds,2,4
2022-08-07,St. Louis Cardinals,New York Yankees,12,9
2022-08-07,Chicago Cubs,Miami Marlins,0,3
2022-08-07,Texas Rangers,Chicago White Sox,2,8
2022-08-07,Oakland Athletics,San Francisco Giants,4,6
2022-08-07,Arizona Diamondbacks,Colorado Rockies,6,4
2022-08-07,Seattle Mariners,Los Angeles Angels,6,3
2022-08-07,New York Mets,Atlanta Braves,5,2
2022-08-07,Los Angeles Dodgers,San Diego Padres,4,0
2022-08-08,Baltimore Orioles,Toronto Blue Jays,7,4
2022-08-08,New York Mets,Cincinnati Reds,5,1
2022-08-08,Chicago Cubs,Washington Nationals,6,3
2022-08-08,Oakland Athletics,Los Angeles Angels,0,1
2022-08-08,Arizona Diamondbacks,Pittsburgh Pirates,3,0
2022-08-08,San Diego Padres,San Francisco Giants,0,1
2022-08-08,Seattle Mariners,New York Yankees,4,9
2022-08-09,Kansas City Royals,Chicago White Sox,4,2
2022-08-09,Kansas City Royals,Chicago White Sox,2,3
2022-08-09,Baltimore Orioles,Toronto Blue Jays,6,5
2022-08-09,Philadelphia Phillies,Miami Marlins,4,1
2022-08-09,Detroit Tigers,Cleveland Guardians,2,5
2022-08-09,New York Mets,Cincinnati Reds,6,2
2022-08-09,Boston Red Sox,Atlanta Braves,7,9
2022-08-09,Chicago Cubs,Washington Nationals,5,6
2022-08-09,Houston Astros,Texas Rangers,7,5
2022-08-09,Milwaukee Brewers,Tampa Bay Rays,5,3
2022-08-09,Colorado Rockies,St. Louis Cardinals,16,5
2022-08-09,Oakland Athletics,Los Angeles Angels,1,5
2022-08-09,Arizona Diamondbacks,Pittsburgh Pirates,6,4
2022-08-09,San Diego Padres,San Francisco Giants,7,4
2022-08-09,Los Angeles Dodgers,Minnesota Twins,10,3
2022-08-09,Seattle Mariners,New York Yankees,1,0
2022-08-10,New York Mets,Cincinnati Reds,10,2
2022-08-10,Milwaukee Brewers,Tampa Bay Rays,4,3
2022-08-10,Chicago Cubs,Washington Nationals,4,2
2022-08-10,Oakland Athletics,Los Angeles Angels,4,5
2022-08-10,San Diego Padres,San Francisco Giants,13,7
2022-08-10,Seattle Mariners,New York Yankees,4,3
2022-08-10,Philadelphia Phillies,Miami Marlins,4,3
2022-08-10,Detroit Tigers,Cleveland Guardians,2,3
2022-08-10,Boston Red Sox,Atlanta Braves,4,8
2022-08-10,Houston Astros,Texas Rangers,4,8
2022-08-10,Kansas City Royals,Chicago White Sox,8,3
2022-08-10,Colorado Rockies,St. Louis Cardinals,5,9
2022-08-10,Arizona Diamondbacks,Pittsburgh Pirates,4,6
2022-08-10,Los Angeles Dodgers,Minnesota Twins,8,5
2022-08-11,Philadelphia Phillies,Miami Marlins,0,3
2022-08-11,Detroit Tigers,Cleveland Guardians,3,4
2022-08-11,Houston Astros,Texas Rangers,7,3
2022-08-11,Kansas City Royals,Chicago White Sox,5,3
2022-08-11,Colorado Rockies,St. Louis Cardinals,8,6
2022-08-11,Arizona Diamondbacks,Pittsburgh Pirates,9,3
2022-08-11,Boston Red Sox,Baltimore Orioles,4,3
2022-08-11,Cincinnati Reds,Chicago Cubs,2,4
2022-08-12,Miami Marlins,Atlanta Braves,3,4
2022-08-12,Washington Nationals,San Diego Padres,5,10
2022-08-12,Toronto Blue Jays,Cleveland Guardians,0,8
2022-08-12,Tampa Bay Rays,Baltimore Orioles,3,10
2022-08-12,New York Mets,Philadelphia Phillies,1,2
2022-08-12,Chicago White Sox,Detroit Tigers,2,0
2022-08-12,Boston Red Sox,New York Yankees,3,2
2022-08-12,Texas Rangers,Seattle Mariners,2,6
2022-08-12,Kansas City Royals,Los Angeles Dodgers,3,8
2022-08-12,Houston Astros,Oakland Athletics,7,5
2022-08-12,St. Louis Cardinals,Milwaukee Brewers,3,1
2022-08-12,Colorado Rockies,Arizona Diamondbacks,5,3
2022-08-12,Los Angeles Angels,Minnesota Twins,0,4
2022-08-12,San Francisco Giants,Pittsburgh Pirates,5,3
2022-08-13,Miami Marlins,Atlanta Braves,2,5
2022-08-13,Miami Marlins,Atlanta Braves,2,6
2022-08-13,Toronto Blue Jays,Cleveland Guardians,2,1
2022-08-13,Tampa Bay Rays,Baltimore Orioles,8,2
2022-08-13,Cincinnati Reds,Chicago Cubs,2,7
2022-08-13,Washington Nationals,San Diego Padres,4,3
2022-08-13,Kansas City Royals,Los Angeles Dodgers,3,13
2022-08-13,Houston Astros,Oakland Athletics,8,0
2022-08-13,New York Mets,Philadelphia Phillies,1,0
2022-08-13,Chicago White Sox,Detroit Tigers,6,4
2022-08-13,Texas Rangers,Seattle Mariners,7,4
2022-08-13,Boston Red Sox,New York Yankees,2,3
2022-08-13,St. Louis Cardinals,Milwaukee Brewers,2,3
2022-08-13,Colorado Rockies,Arizona Diamondbacks,0,6
2022-08-13,San Francisco Giants,Pittsburgh Pirates,2,0
2022-08-13,Los Angeles Angels,Minnesota Twins,5,3
2022-08-14,Washington Nationals,San Diego Padres,0,6
2022-08-14,Toronto Blue Jays,Cleveland Guardians,2,7
2022-08-14,Cincinnati Reds,Chicago Cubs,8,5
2022-08-14,Tampa Bay Rays,Baltimore Orioles,4,1
2022-08-14,New York Mets,Philadelphia Phillies,6,0
2022-08-14,Miami Marlins,Atlanta Braves,1,3
2022-08-14,Kansas City Royals,Los Angeles Dodgers,4,0
2022-08-14,Houston Astros,Oakland Athletics,6,3
2022-08-14,Chicago White Sox,Detroit Tigers,5,3
2022-08-14,St. Louis Cardinals,Milwaukee Brewers,6,3
2022-08-14,Texas Rangers,Seattle Mariners,5,3
2022-08-14,Colorado Rockies,Arizona Diamondbacks,4,7
2022-08-14,San Francisco Giants,Pittsburgh Pirates,8,7
2022-08-14,Los Angeles Angels,Minnesota Twins,4,2
2022-08-14,Boston Red Sox,New York Yankees,3,0
2022-08-15,Cleveland Guardians,Detroit Tigers,4,1
2022-08-15,Cleveland Guardians,Detroit Tigers,5,7
2022-08-15,Cincinnati Reds,Philadelphia Phillies,3,4
2022-08-15,Miami Marlins,San Diego Padres,3,0
2022-08-15,Washington Nationals,Chicago Cubs,5,4
2022-08-15,New York Yankees,Tampa Bay Rays,0,4
2022-08-15,Toronto Blue Jays,Baltimore Orioles,3,7
2022-08-15,Atlanta Braves,New York Mets,13,1
2022-08-15,Minnesota Twins,Kansas City Royals,4,2
2022-08-15,Texas Rangers,Oakland Athletics,2,1
2022-08-15,Chicago White Sox,Houston Astros,4,2
2022-08-15,Milwaukee Brewers,Los Angeles Dodgers,0,4
2022-08-15,Los Angeles Angels,Seattle Mariners,2,6
2022-08-15,San Francisco Giants,Arizona Diamondbacks,6,1
2022-08-16,Cincinnati Reds,Philadelphia Phillies,4,11
2022-08-16,Miami Marlins,San Diego Padres,4,3
2022-08-16,Washington Nationals,Chicago Cubs,5,7
2022-08-16,Pittsburgh Pirates,Boston Red Sox,3,5
2022-08-16,New York Yankees,Tampa Bay Rays,1,3
2022-08-16,Toronto Blue Jays,Baltimore Orioles,2,4
2022-08-16,Cleveland Guardians,Detroit Tigers,3,4
2022-08-16,Atlanta Braves,New York Mets,5,0
2022-08-16,Minnesota Twins,Kansas City Royals,9,0
2022-08-16,St. Louis Cardinals,Colorado Rockies,5,4
2022-08-16,Texas Rangers,Oakland Athletics,1,5
2022-08-16,Chicago White Sox,Houston Astros,4,3
2022-08-16,Milwaukee Brewers,Los Angeles Dodgers,5,4
2022-08-16,Los Angeles Angels,Seattle Mariners,2,8
2022-08-16,San Francisco Giants,Arizona Diamondbacks,2,1
2022-08-17,Cincinnati Reds,Philadelphia Phillies,1,0
2022-08-17,Washington Nationals,Chicago Cubs,2,3
2022-08-17,Minnesota Twins,Kansas City Royals,4,0
2022-08-17,Toronto Blue Jays,Baltimore Orioles,6,1
2022-08-17,Los Angeles Angels,Seattle Mariners,7,11
2022-08-17,Miami Marlins,San Diego Padres,3,10
2022-08-17,Pittsburgh Pirates,Boston Red Sox,3,8
2022-08-17,New York Yankees,Tampa Bay Rays,8,7
2022-08-17,Cleveland Guardians,Detroit Tigers,8,4
2022-08-17,Atlanta Braves,New York Mets,7,9
2022-08-17,St. Louis Cardinals,Colorado Rockies,5,1
2022-08-17,Texas Rangers,Oakland Athletics,2,7
2022-08-17,Chicago White Sox,Houston Astros,2,3
2022-08-17,Milwaukee Brewers,Los Angeles Dodgers,1,2
2022-08-17,San Francisco Giants,Arizona Diamondbacks,2,3
2022-08-18,St. Louis Cardinals,Colorado Rockies,13,0
2022-08-18,Texas Rangers,Oakland Athletics,10,3
2022-08-18,Chicago White Sox,Houston Astros,5,21
2022-08-18,Milwaukee Brewers,Los Angeles Dodgers,5,3
2022-08-18,Baltimore Orioles,Chicago Cubs,2,3
2022-08-18,San Francisco Giants,Arizona Diamondbacks,0,5
2022-08-18,Pittsburgh Pirates,Boston Red Sox,8,2
2022-08-18,New York Yankees,Toronto Blue Jays,2,9
2022-08-18,Tampa Bay Rays,Kansas City Royals,7,1
2022-08-18,Atlanta Braves,New York Mets,3,2
2022-08-18,San Diego Padres,Washington Nationals,1,3
2022-08-19,Chicago Cubs,Milwaukee Brewers,8,7
2022-08-19,Baltimore Orioles,Boston Red Sox,15,10
2022-08-19,Pittsburgh Pirates,Cincinnati Reds,5,4
2022-08-19,Philadelphia Phillies,New York Mets,2,7
2022-08-19,New York Yankees,Toronto Blue Jays,0,4
2022-08-19,Detroit Tigers,Los Angeles Angels,0,1
2022-08-19,Tampa Bay Rays,Kansas City Royals,2,3
2022-08-19,Cleveland Guardians,Chicago White Sox,5,2
2022-08-19,Atlanta Braves,Houston Astros,6,2
2022-08-19,Minnesota Twins,Texas Rangers,2,1
2022-08-19,Colorado Rockies,San Francisco Giants,7,4
2022-08-19,San Diego Padres,Washington Nationals,3,6
2022-08-19,Oakland Athletics,Seattle Mariners,2,10
2022-08-19,Arizona Diamondbacks,St. Louis Cardinals,1,5
2022-08-19,Los Angeles Dodgers,Miami Marlins,2,1
2022-08-20,Philadelphia Phillies,New York Mets,2,8
2022-08-20,Philadelphia Phillies,New York Mets,4,1
2022-08-20,New York Yankees,Toronto Blue Jays,2,5
2022-08-20,Detroit Tigers,Los Angeles Angels,4,3
2022-08-20,Chicago Cubs,Milwaukee Brewers,6,5
2022-08-20,Baltimore Orioles,Boston Red Sox,3,4
2022-08-20,Tampa Bay Rays,Kansas City Royals,5,2
2022-08-20,Cleveland Guardians,Chicago White Sox,0,2
2022-08-20,Pittsburgh Pirates,Cincinnati Reds,1,10
2022-08-20,Minnesota Twins,Texas Rangers,3,4
2022-08-20,Oakland Athletics,Seattle Mariners,4,3
2022-08-20,Atlanta Braves,Houston Astros,5,4
2022-08-20,Colorado Rockies,San Francisco Giants,4,3
2022-08-20,Arizona Diamondbacks,St. Louis Cardinals,7,16
2022-08-20,San Diego Padres,Washington Nationals,2,1
2022-08-20,Los Angeles Dodgers,Miami Marlins,7,0
2022-08-21,Pittsburgh Pirates,Cincinnati Reds,5,9
2022-08-21,Philadelphia Phillies,New York Mets,9,10
2022-08-21,Atlanta Braves,Houston Astros,4,5
2022-08-21,New York Yankees,Toronto Blue Jays,4,2
2022-08-21,Detroit Tigers,Los Angeles Angels,4,0
2022-08-21,Tampa Bay Rays,Kansas City Royals,3,2
2022-08-21,Minnesota Twins,Texas Rangers,0,7
2022-08-21,Chicago Cubs,Milwaukee Brewers,2,5
2022-08-21,Colorado Rockies,San Francisco Giants,8,9
2022-08-21,Oakland Athletics,Seattle Mariners,5,3
2022-08-21,San Diego Padres,Washington Nationals,2,1
2022-08-21,Arizona Diamondbacks,St. Louis Cardinals,4,6
2022-08-21,Los Angeles Dodgers,Miami Marlins,10,3
2022-08-21,Baltimore Orioles,Boston Red Sox,5,3
2022-08-22,Kansas City Royals,Chicago White Sox,6,4
2022-08-22,Philadelphia Phillies,Cincinnati Reds,4,1
2022-08-22,Pittsburgh Pirates,Atlanta Braves,1,2
2022-08-22,New York Yankees,New York Mets,4,2
2022-08-22,Tampa Bay Rays,Los Angeles Angels,2,1
2022-08-22,Minnesota Twins,Texas Rangers,1,2
2022-08-22,Chicago Cubs,St. Louis Cardinals,0,1
2022-08-22,Oakland Athletics,Miami Marlins,0,3
2022-08-22,Los Angeles Dodgers,Milwaukee Brewers,0,4
2022-08-23,Chicago Cubs,St. Louis Cardinals,2,0
2022-08-23,Chicago Cubs,St. Louis Cardinals,3,13
2022-08-23,Philadelphia Phillies,Cincinnati Reds,7,6
2022-08-23,Pittsburgh Pirates,Atlanta Braves,1,6
2022-08-23,Baltimore Orioles,Chicago White Sox,5,3
2022-08-23,New York Yankees,New York Mets,4,2
2022-08-23,Detroit Tigers,San Francisco Giants,1,3
2022-08-23,Tampa Bay Rays,Los Angeles Angels,11,1
2022-08-23,Boston Red Sox,Toronto Blue Jays,3,9
2022-08-23,Kansas City Royals,Arizona Diamondbacks,3,7
2022-08-23,Houston Astros,Minnesota Twins,4,2
2022-08-23,Colorado Rockies,Texas Rangers,7,6
2022-08-23,San Diego Padres,Cleveland Guardians,1,3
2022-08-23,Oakland Athletics,Miami Marlins,3,5
2022-08-23,Seattle Mariners,Washington Nationals,4,2
2022-08-23,Los Angeles Dodgers,Milwaukee Brewers,10,1
2022-08-24,Pittsburgh Pirates,Atlanta Braves,2,14
2022-08-24,Detroit Tigers,San Francisco Giants,6,1
2022-08-24,Colorado Rockies,Texas Rangers,4,16
2022-08-24,Oakland Athletics,Miami Marlins,3,2
2022-08-24,San Diego Padres,Cleveland Guardians,0,7
2022-08-24,Seattle Mariners,Washington Nationals,1,3
2022-08-24,Philadelphia Phillies,Cincinnati Reds,7,5
2022-08-24,Baltimore Orioles,Chicago White Sox,3,5
2022-08-24,Tampa Bay Rays,Los Angeles Angels,4,3
2022-08-24,Boston Red Sox,Toronto Blue Jays,2,3
2022-08-24,Chicago Cubs,St. Louis Cardinals,7,1
2022-08-24,Kansas City Royals,Arizona Diamondbacks,5,3
2022-08-24,Houston Astros,Minnesota Twins,5,3
2022-08-24,Los Angeles Dodgers,Milwaukee Brewers,12,6
2022-08-25,Tampa Bay Rays,Los Angeles Angels,8,3
2022-08-25,Chicago Cubs,St. Louis Cardinals,3,8
2022-08-25,Seattle Mariners,Cleveland Guardians,3,1
2022-08-25,Philadelphia Phillies,Cincinnati Reds,4,0
2022-08-25,Baltimore Orioles,Chicago White Sox,4,3
2022-08-25,New York Mets,Colorado Rockies,3,1
2022-08-25,Boston Red Sox,Toronto Blue Jays,5,6
2022-08-25,Houston Astros,Minnesota Twins,6,3
2022-08-25,Oakland Athletics,New York Yankees,4,13
2022-08-26,Miami Marlins,Los Angeles Dodgers,6,10
2022-08-26,Washington Nationals,Cincinnati Reds,3,7
2022-08-26,Philadelphia Phillies,Pittsburgh Pirates,7,4
2022-08-26,Toronto Blue Jays,Los Angeles Angels,0,12
2022-08-26,New York Mets,Colorado Rockies,7,6
2022-08-26,Boston Red Sox,Tampa Bay Rays,9,8
2022-08-26,Texas Rangers,Detroit Tigers,7,6
2022-08-26,Houston Astros,Baltimore Orioles,0,2
2022-08-26,Kansas City Royals,San Diego Padres,5,13
2022-08-26,Minnesota Twins,San Francisco Giants,9,0
2022-08-26,Chicago White Sox,Arizona Diamondbacks,2,7
2022-08-26,Milwaukee Brewers,Chicago Cubs,3,4
2022-08-26,St. Louis Cardinals,Atlanta Braves,4,11
2022-08-26,Oakland Athletics,New York Yankees,2,3
2022-08-26,Seattle Mariners,Cleveland Guardians,3,2
2022-08-27,Toronto Blue Jays,Los Angeles Angels,0,2
2022-08-27,Boston Red Sox,Tampa Bay Rays,5,1
2022-08-27,Philadelphia Phillies,Pittsburgh Pirates,6,0
2022-08-27,Miami Marlins,Los Angeles Dodgers,2,1
2022-08-27,Washington Nationals,Cincinnati Reds,2,6
2022-08-27,Texas Rangers,Detroit Tigers,2,11
2022-08-27,Houston Astros,Baltimore Orioles,1,3
2022-08-27,New York Mets,Colorado Rockies,3,0
2022-08-27,Kansas City Royals,San Diego Padres,3,4
2022-08-27,Chicago White Sox,Arizona Diamondbacks,5,10
2022-08-27,Milwaukee Brewers,Chicago Cubs,7,0
2022-08-27,Minnesota Twins,San Francisco Giants,3,2
2022-08-27,St. Louis Cardinals,Atlanta Braves,6,5
2022-08-27,Oakland Athletics,New York Yankees,3,2
2022-08-27,Seattle Mariners,Cleveland Guardians,3,4
2022-08-28,Miami Marlins,Los Angeles Dodgers,1,8
2022-08-28,Washington Nationals,Cincinnati Reds,3,2
2022-08-28,Boston Red Sox,Tampa Bay Rays,4,12
2022-08-28,Philadelphia Phillies,Pittsburgh Pirates,0,5
2022-08-28,Toronto Blue Jays,Los Angeles Angels,3,8
2022-08-28,New York Mets,Colorado Rockies,0,1
2022-08-28,Houston Astros,Baltimore Orioles,3,1
2022-08-28,Kansas City Royals,San Diego Padres,15,7
2022-08-28,Minnesota Twins,San Francisco Giants,8,3
2022-08-28,Chicago White Sox,Arizona Diamondbacks,2,3
2022-08-28,Milwaukee Brewers,Chicago Cubs,9,7
2022-08-28,Texas Rangers,Detroit Tigers,8,9
2022-08-28,Oakland Athletics,New York Yankees,4,1
2022-08-28,Seattle Mariners,Cleveland Guardians,4,0
2022-08-28,St. Louis Cardinals,Atlanta Braves,6,3
2022-08-29,Cincinnati Reds,St. Louis Cardinals,4,13
2022-08-29,Miami Marlins,Los Angeles Dodgers,2,3
2022-08-29,Toronto Blue Jays,Chicago Cubs,5,4
2022-08-29,Minnesota Twins,Boston Red Sox,4,2
2022-08-29,Milwaukee Brewers,Pittsburgh Pirates,7,5
2022-08-29,Los Angeles Angels,New York Yankees,4,3
2022-08-29,Arizona Diamondbacks,Philadelphia Phillies,13,7
2022-08-29,San Francisco Giants,San Diego Padres,5,6
2022-08-30,Cleveland Guardians,Baltimore Orioles,5,1
2022-08-30,Cincinnati Reds,St. Louis Cardinals,5,1
2022-08-30,Miami Marlins,Tampa Bay Rays,2,7
2022-08-30,Washington Nationals,Oakland Athletics,6,10
2022-08-30,Toronto Blue Jays,Chicago Cubs,5,3
2022-08-30,New York Mets,Los Angeles Dodgers,3,4
2022-08-30,Detroit Tigers,Seattle Mariners,3,9
2022-08-30,Atlanta Braves,Colorado Rockies,2,3
2022-08-30,Minnesota Twins,Boston Red Sox,10,5
2022-08-30,Texas Rangers,Houston Astros,2,4
2022-08-30,Chicago White Sox,Kansas City Royals,7,9
2022-08-30,Milwaukee Brewers,Pittsburgh Pirates,2,4
2022-08-30,Los Angeles Angels,New York Yankees,4,7
2022-08-30,Arizona Diamondbacks,Philadelphia Phillies,12,3
2022-08-30,San Francisco Giants,San Diego Padres,3,4
2022-08-31,Texas Rangers,Houston Astros,3,5
2022-08-31,Milwaukee Brewers,Pittsburgh Pirates,6,1
2022-08-31,San Francisco Giants,San Diego Padres,4,5
2022-08-31,Cleveland Guardians,Baltimore Orioles,0,4
2022-08-31,Cincinnati Reds,St. Louis Cardinals,3,5
2022-08-31,Miami Marlins,Tampa Bay Rays,1,2
2022-08-31,Washington Nationals,Oakland Athletics,5,1
2022-08-31,Toronto Blue Jays,Chicago Cubs,5,7
2022-08-31,New York Mets,Los Angeles Dodgers,2,1
2022-08-31,Detroit Tigers,Seattle Mariners,3,5
2022-08-31,Atlanta Braves,Colorado Rockies,3,2
2022-08-31,Minnesota Twins,Boston Red Sox,5,6
2022-08-31,Chicago White Sox,Kansas City Royals,4,2
2022-08-31,Los Angeles Angels,New York Yankees,3,2
2022-08-31,Arizona Diamondbacks,Philadelphia Phillies,2,18
2022-09-01,Detroit Tigers,Seattle Mariners,0,7
2022-09-01,Chicago White Sox,Kansas City Royals,7,1
2022-09-01,Washington Nationals,Oakland Athletics,7,5
2022-09-01,New York Mets,Los Angeles Dodgers,5,3
2022-09-01,Cleveland Guardians,Baltimore Orioles,0,3
2022-09-01,Boston Red Sox,Texas Rangers,9,8
2022-09-01,Atlanta Braves,Colorado Rockies,3,0
2022-09-01,Arizona Diamondbacks,Milwaukee Brewers,5,0
2022-09-02,Pittsburgh Pirates,Toronto Blue Jays,0,4
2022-09-02,Cincinnati Reds,Colorado Rockies,3,2
2022-09-02,Baltimore Orioles,Oakland Athletics,5,2
2022-09-02,Detroit Tigers,Kansas City Royals,5,4
2022-09-02,New York Mets,Washington Nationals,7,3
2022-09-02,Cleveland Guardians,Seattle Mariners,1,6
2022-09-02,Boston Red Sox,Texas Rangers,9,1
2022-09-02,Tampa Bay Rays,New York Yankees,9,0
2022-09-02,Atlanta Braves,Miami Marlins,8,1
2022-09-02,Chicago White Sox,Minnesota Twins,4,3
2022-09-02,St. Louis Cardinals,Chicago Cubs,8,0
2022-09-02,Los Angeles Angels,Houston Astros,2,4
2022-09-02,Arizona Diamondbacks,Milwaukee Brewers,2,1
2022-09-02,Los Angeles Dodgers,San Diego Padres,1,7
2022-09-02,San Francisco Giants,Philadelphia Phillies,13,1
2022-09-03,San Francisco Giants,Philadelphia Phillies,5,4
2022-09-03,Boston Red Sox,Texas Rangers,5,3
2022-09-03,Detroit Tigers,Kansas City Royals,2,12
2022-09-03,Tampa Bay Rays,New York Yankees,2,1
2022-09-03,Pittsburgh Pirates,Toronto Blue Jays,1,4
2022-09-03,Baltimore Orioles,Oakland Athletics,8,1
2022-09-03,New York Mets,Washington Nationals,1,7
2022-09-03,Cleveland Guardians,Seattle Mariners,0,4
2022-09-03,St. Louis Cardinals,Chicago Cubs,8,4
2022-09-03,Chicago White Sox,Minnesota Twins,13,0
2022-09-03,Atlanta Braves,Miami Marlins,2,1
2022-09-03,Arizona Diamondbacks,Milwaukee Brewers,6,8
2022-09-03,Los Angeles Angels,Houston Astros,2,1
2022-09-03,Los Angeles Dodgers,San Diego Padres,12,1
2022-09-04,Pittsburgh Pirates,Toronto Blue Jays,3,4
2022-09-04,Cincinnati Reds,Colorado Rockies,4,8
2022-09-04,Cincinnati Reds,Colorado Rockies,10,0
2022-09-04,Baltimore Orioles,Oakland Athletics,0,5
2022-09-04,Boston Red Sox,Texas Rangers,5,2
2022-09-04,Atlanta Braves,Miami Marlins,7,1
2022-09-04,Detroit Tigers,Kansas City Royals,2,3
2022-09-04,New York Mets,Washington Nationals,1,7
2022-09-04,Tampa Bay Rays,New York Yankees,1,2
2022-09-04,Chicago White Sox,Minnesota Twins,1,5
2022-09-04,St. Louis Cardinals,Chicago Cubs,2,0
2022-09-04,Cleveland Guardians,Seattle Mariners,3,6
2022-09-04,San Francisco Giants,Philadelphia Phillies,5,3
2022-09-04,Los Angeles Angels,Houston Astros,1,9
2022-09-04,Arizona Diamondbacks,Milwaukee Brewers,5,1
2022-09-04,Los Angeles Dodgers,San Diego Padres,9,4
2022-09-05,Baltimore Orioles,Toronto Blue Jays,3,7
2022-09-05,Baltimore Orioles,Toronto Blue Jays,4,8
2022-09-05,New York Yankees,Minnesota Twins,5,2
2022-09-05,Tampa Bay Rays,Boston Red Sox,4,3
2022-09-05,Colorado Rockies,Milwaukee Brewers,4,6
2022-09-05,St. Louis Cardinals,Washington Nationals,0,6
2022-09-05,San Diego Padres,Arizona Diamondbacks,0,5
2022-09-05,Seattle Mariners,Chicago White Sox,2,3
2022-09-05,Houston Astros,Texas Rangers,1,0
2022-09-05,Kansas City Royals,Cleveland Guardians,5,6
2022-09-05,Los Angeles Angels,Detroit Tigers,10,0
2022-09-05,Los Angeles Dodgers,San Francisco Giants,4,7
2022-09-06,Pittsburgh Pirates,New York Mets,8,2
2022-09-06,Tampa Bay Rays,Boston Red Sox,8,4
2022-09-06,Philadelphia Phillies,Miami Marlins,3,2
2022-09-06,Baltimore Orioles,Toronto Blue Jays,9,6
2022-09-06,Chicago Cubs,Cincinnati Reds,9,3
2022-09-06,St. Louis Cardinals,Washington Nationals,4,1
2022-09-06,Kansas City Royals,Cleveland Guardians,1,4
2022-09-06,Houston Astros,Texas Rangers,3,4
2022-09-06,Colorado Rockies,Milwaukee Brewers,10,7
2022-09-06,Los Angeles Angels,Detroit Tigers,5,4
2022-09-06,San Diego Padres,Arizona Diamondbacks,6,5
2022-09-06,Oakland Athletics,Atlanta Braves,9,10
2022-09-06,Seattle Mariners,Chicago White Sox,3,0
2022-09-06,Los Angeles Dodgers,San Francisco Giants,6,3
2022-09-07,Pittsburgh Pirates,New York Mets,1,5
2022-09-07,Pittsburgh Pirates,New York Mets,0,10
2022-09-07,New York Yankees,Minnesota Twins,5,4
2022-09-07,New York Yankees,Minnesota Twins,7,1
2022-09-07,Colorado Rockies,Milwaukee Brewers,8,4
2022-09-07,Oakland Athletics,Atlanta Braves,3,7
2022-09-07,Los Angeles Angels,Detroit Tigers,4,5
2022-09-07,Los Angeles Dodgers,San Francisco Giants,7,3
2022-09-07,Seattle Mariners,Chicago White Sox,6,9
2022-09-07,Tampa Bay Rays,Boston Red Sox,1,0
2022-09-07,Philadelphia Phillies,Miami Marlins,4,3
2022-09-07,Baltimore Orioles,Toronto Blue Jays,1,4
2022-09-07,Chicago Cubs,Cincinnati Reds,1,7
2022-09-07,St. Louis Cardinals,Washington Nationals,6,5
2022-09-07,Kansas City Royals,Cleveland Guardians,2,1
2022-09-07,Houston Astros,Texas Rangers,4,3
2022-09-07,San Diego Padres,Arizona Diamondbacks,6,3
2022-09-08,St. Louis Cardinals,Washington Nationals,6,11
2022-09-08,Chicago Cubs,Cincinnati Reds,3,4
2022-09-08,Milwaukee Brewers,San Francisco Giants,2,1
2022-09-08,Milwaukee Brewers,San Francisco Giants,4,2
2022-09-08,Philadelphia Phillies,Miami Marlins,5,6
2022-09-08,New York Yankees,Minnesota Twins,3,4
2022-09-08,Oakland Athletics,Chicago White Sox,2,14
2022-09-09,Chicago Cubs,San Francisco Giants,4,2
2022-09-09,Pittsburgh Pirates,St. Louis Cardinals,8,2
2022-09-09,Miami Marlins,New York Mets,6,3
2022-09-09,Baltimore Orioles,Boston Red Sox,3,2
2022-09-09,Philadelphia Phillies,Washington Nationals,5,3
2022-09-09,New York Yankees,Tampa Bay Rays,2,4
2022-09-09,Texas Rangers,Toronto Blue Jays,3,4
2022-09-09,Houston Astros,Los Angeles Angels,4,3
2022-09-09,Kansas City Royals,Detroit Tigers,2,10
2022-09-09,Minnesota Twins,Cleveland Guardians,6,7
2022-09-09,Milwaukee Brewers,Cincinnati Reds,2,8
2022-09-09,Colorado Rockies,Arizona Diamondbacks,13,10
2022-09-09,San Diego Padres,Los Angeles Dodgers,5,4
2022-09-09,Seattle Mariners,Atlanta Braves,4,6
2022-09-09,Oakland Athletics,Chicago White Sox,3,5
2022-09-10,New York Yankees,Tampa Bay Rays,10,3
2022-09-10,Chicago Cubs,San Francisco Giants,2,5
2022-09-10,Oakland Athletics,Chicago White Sox,2,10
2022-09-10,Kansas City Royals,Detroit Tigers,4,8
2022-09-10,Baltimore Orioles,Boston Red Sox,4,17
2022-09-10,Philadelphia Phillies,Washington Nationals,8,5
2022-09-10,Miami Marlins,New York Mets,3,11
2022-09-10,Texas Rangers,Toronto Blue Jays,7,11
2022-09-10,Houston Astros,Los Angeles Angels,1,6
2022-09-10,Minnesota Twins,Cleveland Guardians,4,6
2022-09-10,Milwaukee Brewers,Cincinnati Reds,5,1
2022-09-10,Pittsburgh Pirates,St. Louis Cardinals,5,7
2022-09-10,Colorado Rockies,Arizona Diamondbacks,4,1
2022-09-10,San Diego Padres,Los Angeles Dodgers,4,8
2022-09-10,Seattle Mariners,Atlanta Braves,3,1
2022-09-11,Baltimore Orioles,Boston Red Sox,0,1
2022-09-11,Philadelphia Phillies,Washington Nationals,7,5
2022-09-11,Pittsburgh Pirates,St. Louis Cardinals,3,4
2022-09-11,New York Yankees,Tampa Bay Rays,10,4
2022-09-11,Miami Marlins,New York Mets,3,9
2022-09-11,Houston Astros,Los Angeles Angels,12,4
2022-09-11,Kansas City Royals,Detroit Tigers,4,0
2022-09-11,Minnesota Twins,Cleveland Guardians,1,4
2022-09-11,Milwaukee Brewers,Cincinnati Reds,7,6
2022-09-11,Texas Rangers,Toronto Blue Jays,4,1
2022-09-11,Colorado Rockies,Arizona Diamondbacks,6,12
2022-09-11,Oakland Athletics,Chicago White Sox,10,3
2022-09-11,San Diego Padres,Los Angeles Dodgers,2,11
2022-09-11,Seattle Mariners,Atlanta Braves,8,7
2022-09-11,Chicago Cubs,San Francisco Giants,2,4
2022-09-12,Miami Marlins,Texas Rangers,2,3
2022-09-12,Miami Marlins,Texas Rangers,10,6
2022-09-12,Cleveland Guardians,Los Angeles Angels,5,4
2022-09-12,Detroit Tigers,Houston Astros,0,7
2022-09-12,Cincinnati Reds,Pittsburgh Pirates,3,6
2022-09-12,Toronto Blue Jays,Tampa Bay Rays,3,2
2022-09-12,New York Mets,Chicago Cubs,2,5
2022-09-12,Arizona Diamondbacks,Los Angeles Dodgers,0,6
2022-09-12,San Francisco Giants,Atlanta Braves,3,2
2022-09-13,Cincinnati Reds,Pittsburgh Pirates,1,6
2022-09-13,Cincinnati Reds,Pittsburgh Pirates,0,1
2022-09-13,Toronto Blue Jays,Tampa Bay Rays,2,4
2022-09-13,Toronto Blue Jays,Tampa Bay Rays,7,2
2022-09-13,Cleveland Guardians,Los Angeles Angels,3,1
2022-09-13,Detroit Tigers,Houston Astros,3,6
2022-09-13,Miami Marlins,Philadelphia Phillies,1,2
2022-09-13,Washington Nationals,Baltimore Orioles,3,4
2022-09-13,New York Mets,Chicago Cubs,1,4
2022-09-13,Boston Red Sox,New York Yankees,6,7
2022-09-13,Minnesota Twins,Kansas City Royals,6,3
2022-09-13,St. Louis Cardinals,Milwaukee Brewers,4,8
2022-09-13,Texas Rangers,Oakland Athletics,8,7
2022-09-13,Chicago White Sox,Colorado Rockies,4,2
2022-09-13,Arizona Diamondbacks,Los Angeles Dodgers,0,4
2022-09-13,Seattle Mariners,San Diego Padres,0,2
2022-09-13,San Francisco Giants,Atlanta Braves,1,5
2022-09-14,Cincinnati Reds,Pittsburgh Pirates,4,10
2022-09-14,Cleveland Guardians,Los Angeles Angels,5,3
2022-09-14,Detroit Tigers,Houston Astros,1,2
2022-09-14,Chicago White Sox,Colorado Rockies,0,3
2022-09-14,San Francisco Giants,Atlanta Braves,4,1
2022-09-14,Seattle Mariners,San Diego Padres,6,1
2022-09-14,Miami Marlins,Philadelphia Phillies,1,6
2022-09-14,Washington Nationals,Baltimore Orioles,2,6
2022-09-14,Toronto Blue Jays,Tampa Bay Rays,5,1
2022-09-14,New York Mets,Chicago Cubs,3,6
2022-09-14,Boston Red Sox,New York Yankees,3,5
2022-09-14,Minnesota Twins,Kansas City Royals,4,0
2022-09-14,St. Louis Cardinals,Milwaukee Brewers,4,1
2022-09-14,Texas Rangers,Oakland Athletics,7,8
2022-09-14,Arizona Diamondbacks,Los Angeles Dodgers,5,3
2022-09-15,Cleveland Guardians,Chicago White Sox,2,8
2022-09-15,Toronto Blue Jays,Tampa Bay Rays,0,11
2022-09-15,Miami Marlins,Philadelphia Phillies,5,3
2022-09-15,Houston Astros,Oakland Athletics,5,2
2022-09-15,New York Mets,Pittsburgh Pirates,7,1
2022-09-15,Minnesota Twins,Kansas City Royals,3,2
2022-09-15,St. Louis Cardinals,Cincinnati Reds,2,3
2022-09-15,Arizona Diamondbacks,San Diego Padres,4,0
2022-09-16,Chicago Cubs,Colorado Rockies,2,1
2022-09-16,Washington Nationals,Miami Marlins,5,4
2022-09-16,Toronto Blue Jays,Baltimore Orioles,6,3
2022-09-16,Boston Red Sox,Kansas City Royals,2,1
2022-09-16,New York Mets,Pittsburgh Pirates,4,3
2022-09-16,Tampa Bay Rays,Texas Rangers,3,4
2022-09-16,Cleveland Guardians,Minnesota Twins,4,3
2022-09-16,Detroit Tigers,Chicago White Sox,3,2
2022-09-16,Atlanta Braves,Philadelphia Phillies,7,2
2022-09-16,Houston Astros,Oakland Athletics,5,0
2022-09-16,Milwaukee Brewers,New York Yankees,7,6
2022-09-16,St. Louis Cardinals,Cincinnati Reds,6,5
2022-09-16,Los Angeles Angels,Seattle Mariners,8,7
2022-09-16,Arizona Diamondbacks,San Diego Padres,3,12
2022-09-16,San Francisco Giants,Los Angeles Dodgers,0,5
2022-09-17,Cleveland Guardians,Minnesota Twins,5,1
2022-09-17,Cleveland Guardians,Minnesota Twins,7,6
2022-09-17,St. Louis Cardinals,Cincinnati Reds,5,1
2022-09-17,St. Louis Cardinals,Cincinnati Reds,1,0
2022-09-17,Chicago Cubs,Colorado Rockies,1,3
2022-09-17,Toronto Blue Jays,Baltimore Orioles,6,3
2022-09-17,Washington Nationals,Miami Marlins,5,3
2022-09-17,Boston Red Sox,Kansas City Royals,0,9
2022-09-17,Tampa Bay Rays,Texas Rangers,5,1
2022-09-17,Detroit Tigers,Chicago White Sox,3,4
2022-09-17,Houston Astros,Oakland Athletics,5,8
2022-09-17,New York Mets,Pittsburgh Pirates,5,1
2022-09-17,Milwaukee Brewers,New York Yankees,4,1
2022-09-17,Atlanta Braves,Philadelphia Phillies,4,3
2022-09-17,Arizona Diamondbacks,San Diego Padres,0,2
2022-09-17,San Francisco Giants,Los Angeles Dodgers,2,7
2022-09-17,Los Angeles Angels,Seattle Mariners,2,1
2022-09-18,Detroit Tigers,Chicago White Sox,5,11
2022-09-18,Tampa Bay Rays,Texas Rangers,5,3
2022-09-18,Boston Red Sox,Kansas City Royals,13,3
2022-09-18,Atlanta Braves,Philadelphia Phillies,5,2
2022-09-18,Washington Nationals,Miami Marlins,1,3
2022-09-18,Toronto Blue Jays,Baltimore Orioles,4,5
2022-09-18,New York Mets,Pittsburgh Pirates,7,3
2022-09-18,Cleveland Guardians,Minnesota Twins,0,3
2022-09-18,Houston Astros,Oakland Athletics,11,2
2022-09-18,Milwaukee Brewers,New York Yankees,8,12
2022-09-18,St. Louis Cardinals,Cincinnati Reds,0,3
2022-09-18,Chicago Cubs,Colorado Rockies,3,4
2022-09-18,Los Angeles Angels,Seattle Mariners,5,1
2022-09-18,Arizona Diamondbacks,San Diego Padres,1,6
2022-09-18,San Francisco Giants,Los Angeles Dodgers,3,4
2022-09-19,Cleveland Guardians,Minnesota Twins,11,4
2022-09-19,Los Angeles Angels,Seattle Mariners,1,9
2022-09-19,Tampa Bay Rays,Houston Astros,0,4
2022-09-19,Miami Marlins,Chicago Cubs,10,3
2022-09-19,Baltimore Orioles,Detroit Tigers,0,11
2022-09-19,Atlanta Braves,Washington Nationals,5,2
2022-09-19,Milwaukee Brewers,New York Mets,2,7
2022-09-19,Colorado Rockies,San Francisco Giants,7,10
2022-09-19,Los Angeles Dodgers,Arizona Diamondbacks,5,2
2022-09-20,Los Angeles Dodgers,Arizona Diamondbacks,6,5
2022-09-20,Los Angeles Dodgers,Arizona Diamondbacks,2,5
2022-09-20,Cincinnati Reds,Boston Red Sox,3,5
2022-09-20,Tampa Bay Rays,Houston Astros,0,5
2022-09-20,Miami Marlins,Chicago Cubs,1,2
2022-09-20,Philadelphia Phillies,Toronto Blue Jays,11,18
2022-09-20,Baltimore Orioles,Detroit Tigers,2,3
2022-09-20,New York Yankees,Pittsburgh Pirates,9,8
2022-09-20,Atlanta Braves,Washington Nationals,3,2
2022-09-20,Milwaukee Brewers,New York Mets,5,7
2022-09-20,Texas Rangers,Los Angeles Angels,2,5
2022-09-20,Kansas City Royals,Minnesota Twins,5,4
2022-09-20,Chicago White Sox,Cleveland Guardians,7,10
2022-09-20,Colorado Rockies,San Francisco Giants,3,6
2022-09-20,Oakland Athletics,Seattle Mariners,4,1
2022-09-20,San Diego Padres,St. Louis Cardinals,5,0
2022-09-21,Atlanta Braves,Washington Nationals,2,3
2022-09-21,Milwaukee Brewers,New York Mets,6,0
2022-09-21,Cincinnati Reds,Boston Red Sox,5,1
2022-09-21,Tampa Bay Rays,Houston Astros,2,5
2022-09-21,Miami Marlins,Chicago Cubs,3,4
2022-09-21,Philadelphia Phillies,Toronto Blue Jays,4,3
2022-09-21,Baltimore Orioles,Detroit Tigers,8,1
2022-09-21,New York Yankees,Pittsburgh Pirates,14,2
2022-09-21,Texas Rangers,Los Angeles Angels,7,2
2022-09-21,Kansas City Royals,Minnesota Twins,5,2
2022-09-21,Chicago White Sox,Cleveland Guardians,2,8
2022-09-21,Colorado Rockies,San Francisco Giants,1,6
2022-09-21,Oakland Athletics,Seattle Mariners,2,1
2022-09-21,San Diego Padres,St. Louis Cardinals,1,0
2022-09-21,Los Angeles Dodgers,Arizona Diamondbacks,1,6
2022-09-22,Texas Rangers,Los Angeles Angels,5,3
2022-09-22,Kansas City Royals,Minnesota Twins,4,1
2022-09-22,Colorado Rockies,San Francisco Giants,0,3
2022-09-22,Oakland Athletics,Seattle Mariners,5,9
2022-09-22,San Diego Padres,St. Louis Cardinals,4,5
2022-09-22,Pittsburgh Pirates,Chicago Cubs,2,3
2022-09-22,Tampa Bay Rays,Toronto Blue Jays,10,5
2022-09-22,Cincinnati Reds,Milwaukee Brewers,1,5
2022-09-22,Baltimore Orioles,Houston Astros,2,0
2022-09-22,Philadelphia Phillies,Atlanta Braves,1,0
2022-09-22,New York Yankees,Boston Red Sox,5,4
2022-09-22,Chicago White Sox,Cleveland Guardians,2,4
2022-09-22,Los Angeles Dodgers,Arizona Diamondbacks,3,2
2022-09-23,Pittsburgh Pirates,Chicago Cubs,5,6
2022-09-23,Miami Marlins,Washington Nationals,5,2
2022-09-23,Cincinnati Reds,Milwaukee Brewers,3,5
2022-09-23,Baltimore Orioles,Houston Astros,6,0
2022-09-23,Philadelphia Phillies,Atlanta Braves,9,1
2022-09-23,New York Yankees,Boston Red Sox,5,4
2022-09-23,Tampa Bay Rays,Toronto Blue Jays,10,6
2022-09-23,Texas Rangers,Cleveland Guardians,3,6
2022-09-23,Colorado Rockies,San Diego Padres,4,3
2022-09-23,Kansas City Royals,Seattle Mariners,5,1
2022-09-23,Minnesota Twins,Los Angeles Angels,2,4
2022-09-23,Chicago White Sox,Detroit Tigers,3,5
2022-09-23,Oakland Athletics,New York Mets,2,9
2022-09-23,Arizona Diamondbacks,San Francisco Giants,5,6
2022-09-23,Los Angeles Dodgers,St. Louis Cardinals,0,11
2022-09-24,New York Yankees,Boston Red Sox,7,5
2022-09-24,Philadelphia Phillies,Atlanta Braves,3,6
2022-09-24,Oakland Athletics,New York Mets,10,4
2022-09-24,Tampa Bay Rays,Toronto Blue Jays,1,3
2022-09-24,Miami Marlins,Washington Nationals,4,1
2022-09-24,Pittsburgh Pirates,Chicago Cubs,6,0
2022-09-24,Cincinnati Reds,Milwaukee Brewers,2,10
2022-09-24,Baltimore Orioles,Houston Astros,10,11
2022-09-24,Texas Rangers,Cleveland Guardians,2,4
2022-09-24,Kansas City Royals,Seattle Mariners,5,6
2022-09-24,Minnesota Twins,Los Angeles Angels,8,4
2022-09-24,Chicago White Sox,Detroit Tigers,2,7
2022-09-24,Colorado Rockies,San Diego Padres,3,9
2022-09-24,Arizona Diamondbacks,San Francisco Giants,5,2
2022-09-24,Los Angeles Dodgers,St. Louis Cardinals,6,2
2022-09-25,Baltimore Orioles,Houston Astros,3,6
2022-09-25,Philadelphia Phillies,Atlanta Braves,7,8
2022-09-25,Tampa Bay Rays,Toronto Blue Jays,1,7
2022-09-25,Pittsburgh Pirates,Chicago Cubs,3,8
2022-09-25,Miami Marlins,Washington Nationals,1,6
2022-09-25,Cincinnati Reds,Milwaukee Brewers,2,1
2022-09-25,Kansas City Royals,Seattle Mariners,13,12
2022-09-25,Minnesota Twins,Los Angeles Angels,3,10
2022-09-25,Chicago White Sox,Detroit Tigers,1,4
2022-09-25,Texas Rangers,Cleveland Guardians,4,10
2022-09-25,Colorado Rockies,San Diego Padres,6,13
2022-09-25,Arizona Diamondbacks,San Francisco Giants,2,3
2022-09-25,Oakland Athletics,New York Mets,4,13
2022-09-25,Los Angeles Dodgers,St. Louis Cardinals,4,1
2022-09-25,New York Yankees,Boston Red Sox,2,0
2022-09-26,Pittsburgh Pirates,Cincinnati Reds,8,3
2022-09-26,Washington Nationals,Atlanta Braves,0,8
2022-09-26,Toronto Blue Jays,New York Yankees,3,2
2022-09-26,Boston Red Sox,Baltimore Orioles,8,14
2022-09-27,Cleveland Guardians,Tampa Bay Rays,5,6
2022-09-27,Pittsburgh Pirates,Cincinnati Reds,4,1
2022-09-27,Detroit Tigers,Kansas City Royals,4,3
2022-09-27,Washington Nationals,Atlanta Braves,2,8
2022-09-27,Toronto Blue Jays,New York Yankees,2,5
2022-09-27,Boston Red Sox,Baltimore Orioles,13,9
2022-09-27,New York Mets,Miami Marlins,4,6
2022-09-27,Chicago Cubs,Philadelphia Phillies,2,1
2022-09-27,Minnesota Twins,Chicago White Sox,4,0
2022-09-27,Milwaukee Brewers,St. Louis Cardinals,2,6
2022-09-27,Houston Astros,Arizona Diamondbacks,10,2
2022-09-27,Los Angeles Angels,Oakland Athletics,4,3
2022-09-27,San Diego Padres,Los Angeles Dodgers,4,3
2022-09-27,Seattle Mariners,Texas Rangers,0,5
2022-09-27,San Francisco Giants,Colorado Rockies,5,2
2022-09-28,Pittsburgh Pirates,Cincinnati Reds,4,3
2022-09-28,Cleveland Guardians,Tampa Bay Rays,2,1
2022-09-28,Detroit Tigers,Kansas City Royals,2,1
2022-09-28,Washington Nationals,Atlanta Braves,3,2
2022-09-28,Toronto Blue Jays,New York Yankees,3,8
2022-09-28,Boston Red Sox,Baltimore Orioles,3,1
2022-09-28,New York Mets,Miami Marlins,5,4
2022-09-28,Chicago Cubs,Philadelphia Phillies,4,2
2022-09-28,Minnesota Twins,Chicago White Sox,8,4
2022-09-28,Milwaukee Brewers,St. Louis Cardinals,5,1
2022-09-28,Houston Astros,Arizona Diamondbacks,2,5
2022-09-28,Los Angeles Angels,Oakland Athletics,4,1
2022-09-28,San Diego Padres,Los Angeles Dodgers,0,1
2022-09-28,Seattle Mariners,Texas Rangers,3,1
2022-09-28,San Francisco Giants,Colorado Rockies,6,3
2022-09-29,Detroit Tigers,Kansas City Royals,10,3
2022-09-29,Minnesota Twins,Chicago White Sox,3,4
2022-09-29,Boston Red Sox,Baltimore Orioles,5,3
2022-09-29,Chicago Cubs,Philadelphia Phillies,2,0
2022-09-29,Cleveland Guardians,Tampa Bay Rays,2,1
2022-09-29,Milwaukee Brewers,Miami Marlins,2,4
2022-09-29,Los Angeles Angels,Oakland Athletics,4,2
2022-09-29,San Diego Padres,Los Angeles Dodgers,2,5
2022-09-29,Seattle Mariners,Texas Rangers,10,9
2022-09-29,San Francisco Giants,Colorado Rockies,6,4
2022-09-30,Washington Nationals,Philadelphia Phillies,1,5
2022-09-30,Chicago Cubs,Cincinnati Reds,6,1
2022-09-30,New York Yankees,Baltimore Orioles,1,2
2022-09-30,Toronto Blue Jays,Boston Red Sox,9,0
2022-09-30,Cleveland Guardians,Kansas City Royals,6,3
2022-09-30,Detroit Tigers,Minnesota Twins,0,7
2022-09-30,Atlanta Braves,New York Mets,5,2
2022-09-30,Houston Astros,Tampa Bay Rays,3,7
2022-09-30,Milwaukee Brewers,Miami Marlins,1,0
2022-09-30,St. Louis Cardinals,Pittsburgh Pirates,2,1
2022-09-30,Los Angeles Angels,Texas Rangers,4,1
2022-09-30,Seattle Mariners,Oakland Athletics,2,1
2022-09-30,San Diego Padres,Chicago White Sox,1,3
2022-09-30,Los Angeles Dodgers,Colorado Rockies,10,1
2022-09-30,San Francisco Giants,Arizona Diamondbacks,10,4
2022-10-01,Washington Nationals,Philadelphia Phillies,13,4
2022-10-01,Washington Nationals,Philadelphia Phillies,2,8
2022-10-01,New York Yankees,Baltimore Orioles,8,0
2022-10-01,Chicago Cubs,Cincinnati Reds,2,1
2022-10-01,Toronto Blue Jays,Boston Red Sox,10,0
2022-10-01,San Francisco Giants,Arizona Diamondbacks,4,8
2022-10-01,Seattle Mariners,Oakland Athletics,5,1
2022-10-01,Cleveland Guardians,Kansas City Royals,1,7
2022-10-01,Detroit Tigers,Minnesota Twins,3,2
2022-10-01,Milwaukee Brewers,Miami Marlins,3,4
2022-10-01,St. Louis Cardinals,Pittsburgh Pirates,13,3
2022-10-01,Houston Astros,Tampa Bay Rays,2,1
2022-10-01,Atlanta Braves,New York Mets,4,2
2022-10-01,San Diego Padres,Chicago White Sox,5,2
2022-10-01,Los Angeles Angels,Texas Rangers,3,2
2022-10-01,Los Angeles Dodgers,Colorado Rockies,6,4
2022-10-02,Detroit Tigers,Minnesota Twins,5,2
2022-10-02,Washington Nationals,Philadelphia Phillies,1,8
2022-10-02,New York Yankees,Baltimore Orioles,1,3
2022-10-02,Toronto Blue Jays,Boston Red Sox,6,3
2022-10-02,Cleveland Guardians,Kansas City Royals,7,5
2022-10-02,Houston Astros,Tampa Bay Rays,3,1
2022-10-02,Milwaukee Brewers,Miami Marlins,3,4
2022-10-02,St. Louis Cardinals,Pittsburgh Pirates,5,7
2022-10-02,Chicago Cubs,Cincinnati Reds,8,1
2022-10-02,San Francisco Giants,Arizona Diamondbacks,4,3
2022-10-02,Los Angeles Angels,Texas Rangers,8,3
2022-10-02,Los Angeles Dodgers,Colorado Rockies,1,4
2022-10-02,Seattle Mariners,Oakland Athletics,3,10
2022-10-02,San Diego Padres,Chicago White Sox,1,2
2022-10-02,Atlanta Braves,New York Mets,5,3
2022-10-03,Cleveland Guardians,Kansas City Royals,2,5
2022-10-03,Pittsburgh Pirates,St. Louis Cardinals,3,2
2022-10-03,Cincinnati Reds,Chicago Cubs,3,1
2022-10-03,Miami Marlins,Atlanta Braves,4,0
2022-10-03,Baltimore Orioles,Toronto Blue Jays,1,5
2022-10-03,Texas Rangers,New York Yankees,1,3
2022-10-03,Boston Red Sox,Tampa Bay Rays,4,3
2022-10-03,Milwaukee Brewers,Arizona Diamondbacks,6,5
2022-10-03,Houston Astros,Philadelphia Phillies,0,3
2022-10-03,Chicago White Sox,Minnesota Twins,3,2
2022-10-03,Oakland Athletics,Los Angeles Angels,5,4
2022-10-03,Seattle Mariners,Detroit Tigers,3,4
2022-10-03,San Diego Padres,San Francisco Giants,7,4
2022-10-03,Los Angeles Dodgers,Colorado Rockies,1,2
2022-10-04,Texas Rangers,New York Yankees,4,5
2022-10-04,Texas Rangers,New York Yankees,3,2
2022-10-04,New York Mets,Washington Nationals,4,2
2022-10-04,New York Mets,Washington Nationals,8,0
2022-10-04,Cleveland Guardians,Kansas City Royals,5,3
2022-10-04,Seattle Mariners,Detroit Tigers,7,6
2022-10-04,Seattle Mariners,Detroit Tigers,9,6
2022-10-04,Pittsburgh Pirates,St. Louis Cardinals,7,8
2022-10-04,Cincinnati Reds,Chicago Cubs,3,2
2022-10-04,Miami Marlins,Atlanta Braves,1,2
2022-10-04,Boston Red Sox,Tampa Bay Rays,6,0
2022-10-04,Milwaukee Brewers,Arizona Diamondbacks,3,0
2022-10-04,Houston Astros,Philadelphia Phillies,10,0
2022-10-04,Chicago White Sox,Minnesota Twins,8,3
2022-10-04,Oakland Athletics,Los Angeles Angels,2,1
2022-10-04,San Diego Padres,San Francisco Giants,6,2
2022-10-04,Los Angeles Dodgers,Colorado Rockies,2,5
2022-10-05,Baltimore Orioles,Toronto Blue Jays,5,4
2022-10-05,Baltimore Orioles,Toronto Blue Jays,1,5
2022-10-05,Oakland Athletics,Los Angeles Angels,3,2
2022-10-05,Pittsburgh Pirates,St. Louis Cardinals,5,3
2022-10-05,Texas Rangers,New York Yankees,4,2
2022-10-05,Cincinnati Reds,Chicago Cubs,2,15
2022-10-05,Cleveland Guardians,Kansas City Royals,9,2
2022-10-05,New York Mets,Washington Nationals,9,2
2022-10-05,Seattle Mariners,Detroit Tigers,5,4
2022-10-05,San Diego Padres,San Francisco Giants,1,8
2022-10-05,Boston Red Sox,Tampa Bay Rays,6,3
2022-10-05,Houston Astros,Philadelphia Phillies,3,2
2022-10-05,Chicago White Sox,Minnesota Twins,1,10
2022-10-05,Miami Marlins,Atlanta Braves,12,9
2022-10-05,Milwaukee Brewers,Arizona Diamondbacks,2,4
2022-10-05,Los Angeles Dodgers,Colorado Rockies,6,1
2022-10-07,Cleveland Guardians,Tampa Bay Rays,2,1
2022-10-07,St. Louis Cardinals,Philadelphia Phillies,3,6
2022-10-07,Toronto Blue Jays,Seattle Mariners,0,4
2022-10-07,New York Mets,San Diego Padres,1,7
2022-10-08,Cleveland Guardians,Tampa Bay Rays,1,0
2022-10-08,Toronto Blue Jays,Seattle Mariners,9,10
2022-10-08,New York Mets,San Diego Padres,7,3
2022-10-08,St. Louis Cardinals,Philadelphia Phillies,0,2
2022-10-09,New York Mets,San Diego Padres,0,6
2022-10-11,Atlanta Braves,Philadelphia Phillies,6,7
2022-10-11,Houston Astros,Seattle Mariners,8,7
2022-10-11,New York Yankees,Cleveland Guardians,4,1
2022-10-11,Los Angeles Dodgers,San Diego Padres,5,3
2022-10-12,Atlanta Braves,Philadelphia Phillies,3,0
2022-10-12,Los Angeles Dodgers,San Diego Padres,3,5
2022-10-13,Houston Astros,Seattle Mariners,4,2
2022-10-14,New York Yankees,Cleveland Guardians,2,4
2022-10-14,Philadelphia Phillies,Atlanta Braves,9,1
2022-10-14,San Diego Padres,Los Angeles Dodgers,2,1
2022-10-15,Philadelphia Phillies,Atlanta Braves,8,3
2022-10-15,Seattle Mariners,Houston Astros,0,1
2022-10-15,Cleveland Guardians,New York Yankees,6,5
2022-10-15,San Diego Padres,Los Angeles Dodgers,5,3
2022-10-16,Cleveland Guardians,New York Yankees,2,4
2022-10-18,New York Yankees,Cleveland Guardians,5,1
2022-10-18,San Diego Padres,Philadelphia Phillies,0,2
2022-10-19,San Diego Padres,Philadelphia Phillies,8,5
2022-10-19,Houston Astros,New York Yankees,4,2
2022-10-20,Houston Astros,New York Yankees,3,2
2022-10-21,Philadelphia Phillies,San Diego Padres,4,2
2022-10-22,New York Yankees,Houston Astros,0,5
2022-10-22,Philadelphia Phillies,San Diego Padres,10,6
2022-10-23,Philadelphia Phillies,San Diego Padres,4,3
2022-10-23,New York Yankees,Houston Astros,5,6
2022-10-28,Houston Astros,Philadelphia Phillies,5,6
2022-10-29,Houston Astros,Philadelphia Phillies,5,2
2022-11-01,Philadelphia Phillies,Houston Astros,7,0
2022-11-02,Philadelphia Phillies,Houston Astros,0,5
2022-11-03,Philadelphia Phillies,Houston Astros,2,3
2022-11-05,Houston Astros,Philadelphia Phillies,4,1
2023-03-30,Washington Nationals,Atlanta Braves,2,7
2023-03-30,New York Yankees,San Francisco Giants,5,0
2023-03-30,Boston Red Sox,Baltimore Orioles,9,10
2023-03-30,Chicago Cubs,Milwaukee Brewers,4,0
2023-03-30,Tampa Bay Rays,Detroit Tigers,4,0
2023-03-30,Texas Rangers,Philadelphia Phillies,11,7
2023-03-30,Cincinnati Reds,Pittsburgh Pirates,4,5
2023-03-30,St. Louis Cardinals,Toronto Blue Jays,9,10
2023-03-30,Kansas City Royals,Minnesota Twins,0,2
2023-03-30,Miami Marlins,New York Mets,3,5
2023-03-30,Houston Astros,Chicago White Sox,2,3
2023-03-30,San Diego Padres,Colorado Rockies,2,7
2023-03-30,Oakland Athletics,Los Angeles Angels,2,1
2023-03-30,Los Angeles Dodgers,Arizona Diamondbacks,8,2
2023-03-30,Seattle Mariners,Cleveland Guardians,3,0
2023-03-31,Miami Marlins,New York Mets,2,1
2023-03-31,Houston Astros,Chicago White Sox,6,3
2023-03-31,San Diego Padres,Colorado Rockies,1,4
2023-03-31,Los Angeles Dodgers,Arizona Diamondbacks,1,2
2023-03-31,Seattle Mariners,Cleveland Guardians,4,9
2023-04-01,Houston Astros,Chicago White Sox,6,4
2023-04-01,St. Louis Cardinals,Toronto Blue Jays,4,1
2023-04-01,Chicago Cubs,Milwaukee Brewers,1,3
2023-04-01,Texas Rangers,Philadelphia Phillies,16,3
2023-04-01,Washington Nationals,Atlanta Braves,1,7
2023-04-01,New York Yankees,San Francisco Giants,5,7
2023-04-01,Oakland Athletics,Los Angeles Angels,1,13
2023-04-01,Boston Red Sox,Baltimore Orioles,9,8
2023-04-01,Cincinnati Reds,Pittsburgh Pirates,6,2
2023-04-01,Tampa Bay Rays,Detroit Tigers,12,2
2023-04-01,Kansas City Royals,Minnesota Twins,0,2
2023-04-01,Miami Marlins,New York Mets,2,6
2023-04-01,San Diego Padres,Colorado Rockies,8,4
2023-04-01,Los Angeles Dodgers,Arizona Diamondbacks,10,1
2023-04-01,Seattle Mariners,Cleveland Guardians,0,2
2023-04-02,Tampa Bay Rays,Detroit Tigers,5,1
2023-04-02,Boston Red Sox,Baltimore Orioles,9,5
2023-04-02,Washington Nationals,Atlanta Braves,4,1
2023-04-02,New York Yankees,San Francisco Giants,6,0
2023-04-02,Cincinnati Reds,Pittsburgh Pirates,3,1
2023-04-02,Miami Marlins,New York Mets,1,5
2023-04-02,Kansas City Royals,Minnesota Twins,4,7
2023-04-02,Houston Astros,Chicago White Sox,3,6
2023-04-02,St. Louis Cardinals,Toronto Blue Jays,9,4
2023-04-02,Chicago Cubs,Milwaukee Brewers,5,9
2023-04-02,Oakland Athletics,Los Angeles Angels,0,6
2023-04-02,Los Angeles Dodgers,Arizona Diamondbacks,1,2
2023-04-02,San Diego Padres,Colorado Rockies,3,1
2023-04-02,Seattle Mariners,Cleveland Guardians,5,6
2023-04-02,Texas Rangers,Philadelphia Phillies,2,1
2023-04-03,Milwaukee Brewers,New York Mets,10,0
2023-04-03,Chicago White Sox,San Francisco Giants,3,12
2023-04-03,Cincinnati Reds,Chicago Cubs,7,6
2023-04-03,Miami Marlins,Minnesota Twins,1,11
2023-04-03,Washington Nationals,Tampa Bay Rays,2,6
2023-04-03,New York Yankees,Philadelphia Phillies,8,1
2023-04-03,Boston Red Sox,Pittsburgh Pirates,6,7
2023-04-03,Kansas City Royals,Toronto Blue Jays,9,5
2023-04-03,St. Louis Cardinals,Atlanta Braves,4,8
2023-04-03,Texas Rangers,Baltimore Orioles,0,2
2023-04-03,Houston Astros,Detroit Tigers,6,7
2023-04-03,Oakland Athletics,Cleveland Guardians,11,12
2023-04-03,San Diego Padres,Arizona Diamondbacks,5,4
2023-04-03,Seattle Mariners,Los Angeles Angels,3,7
2023-04-03,Los Angeles Dodgers,Colorado Rockies,13,4
2023-04-04,San Diego Padres,Arizona Diamondbacks,6,8
2023-04-04,Cincinnati Reds,Chicago Cubs,5,12
2023-04-04,Miami Marlins,Minnesota Twins,1,0
2023-04-04,Washington Nationals,Tampa Bay Rays,6,10
2023-04-04,New York Yankees,Philadelphia Phillies,1,4
2023-04-04,Boston Red Sox,Pittsburgh Pirates,1,4
2023-04-04,Kansas City Royals,Toronto Blue Jays,1,4
2023-04-04,Milwaukee Brewers,New York Mets,9,0
2023-04-04,St. Louis Cardinals,Atlanta Braves,1,4
2023-04-04,Texas Rangers,Baltimore Orioles,2,7
2023-04-04,Houston Astros,Detroit Tigers,3,6
2023-04-04,Oakland Athletics,Cleveland Guardians,4,3
2023-04-04,Seattle Mariners,Los Angeles Angels,11,2
2023-04-04,Los Angeles Dodgers,Colorado Rockies,5,2
2023-04-05,Washington Nationals,Tampa Bay Rays,2,7
2023-04-05,New York Yankees,Philadelphia Phillies,4,2
2023-04-05,Miami Marlins,Minnesota Twins,5,2
2023-04-05,St. Louis Cardinals,Atlanta Braves,2,5
2023-04-05,Boston Red Sox,Pittsburgh Pirates,1,4
2023-04-05,Milwaukee Brewers,New York Mets,7,6
2023-04-05,Texas Rangers,Baltimore Orioles,5,2
2023-04-05,Houston Astros,Detroit Tigers,8,2
2023-04-05,Chicago White Sox,San Francisco Giants,7,3
2023-04-05,Oakland Athletics,Cleveland Guardians,4,6
2023-04-05,Seattle Mariners,Los Angeles Angels,3,4
2023-04-05,Kansas City Royals,Toronto Blue Jays,0,3
2023-04-06,Detroit Tigers,Boston Red Sox,3,6
2023-04-06,Kansas City Royals,Toronto Blue Jays,3,6
2023-04-06,Chicago White Sox,San Francisco Giants,6,16
2023-04-06,Colorado Rockies,Washington Nationals,1,0
2023-04-06,Atlanta Braves,San Diego Padres,7,6
2023-04-06,Arizona Diamondbacks,Los Angeles Dodgers,2,5
2023-04-07,New York Mets,Miami Marlins,9,3
2023-04-07,Chicago Cubs,Texas Rangers,2,0
2023-04-07,Philadelphia Phillies,Cincinnati Reds,5,2
2023-04-07,Baltimore Orioles,New York Yankees,7,6
2023-04-07,Cleveland Guardians,Seattle Mariners,3,5
2023-04-07,Minnesota Twins,Houston Astros,3,2
2023-04-07,Pittsburgh Pirates,Chicago White Sox,13,9
2023-04-07,San Francisco Giants,Kansas City Royals,1,3
2023-04-07,Tampa Bay Rays,Oakland Athletics,9,5
2023-04-07,Atlanta Braves,San Diego Padres,4,5
2023-04-07,Milwaukee Brewers,St. Louis Cardinals,4,0
2023-04-07,Colorado Rockies,Washington Nationals,5,10
2023-04-07,Los Angeles Angels,Toronto Blue Jays,3,4
2023-04-07,Arizona Diamondbacks,Los Angeles Dodgers,6,3
2023-04-08,Minnesota Twins,Houston Astros,9,6
2023-04-08,San Francisco Giants,Kansas City Royals,5,6
2023-04-08,Chicago Cubs,Texas Rangers,10,3
2023-04-08,Philadelphia Phillies,Cincinnati Reds,3,2
2023-04-08,Detroit Tigers,Boston Red Sox,5,14
2023-04-08,Tampa Bay Rays,Oakland Athletics,11,0
2023-04-08,New York Mets,Miami Marlins,5,2
2023-04-08,Cleveland Guardians,Seattle Mariners,2,3
2023-04-08,Pittsburgh Pirates,Chicago White Sox,5,11
2023-04-08,Baltimore Orioles,New York Yankees,1,4
2023-04-08,Milwaukee Brewers,St. Louis Cardinals,0,6
2023-04-08,Atlanta Braves,San Diego Padres,1,4
2023-04-08,Arizona Diamondbacks,Los Angeles Dodgers,12,8
2023-04-08,Colorado Rockies,Washington Nationals,6,7
2023-04-08,Los Angeles Angels,Toronto Blue Jays,9,5
2023-04-09,Philadelphia Phillies,Cincinnati Reds,4,6
2023-04-09,Detroit Tigers,Boston Red Sox,1,4
2023-04-09,Tampa Bay Rays,Oakland Athletics,11,0
2023-04-09,Pittsburgh Pirates,Chicago White Sox,1,0
2023-04-09,Baltimore Orioles,New York Yankees,3,5
2023-04-09,Cleveland Guardians,Seattle Mariners,7,6
2023-04-09,New York Mets,Miami Marlins,2,7
2023-04-09,Minnesota Twins,Houston Astros,1,5
2023-04-09,Milwaukee Brewers,St. Louis Cardinals,6,1
2023-04-09,Chicago Cubs,Texas Rangers,2,8
2023-04-09,Colorado Rockies,Washington Nationals,7,6
2023-04-09,San Francisco Giants,Kansas City Royals,3,1
2023-04-09,Los Angeles Angels,Toronto Blue Jays,11,12
2023-04-09,Arizona Diamondbacks,Los Angeles Dodgers,11,6
2023-04-09,Atlanta Braves,San Diego Padres,2,10
2023-04-10,Minnesota Twins,Chicago White Sox,3,4
2023-04-10,Cleveland Guardians,New York Yankees,3,2
2023-04-10,Baltimore Orioles,Oakland Athletics,5,1
2023-04-10,Pittsburgh Pirates,Houston Astros,2,8
2023-04-10,Tampa Bay Rays,Boston Red Sox,1,0
2023-04-10,Philadelphia Phillies,Miami Marlins,15,3
2023-04-10,New York Mets,San Diego Padres,5,0
2023-04-10,Atlanta Braves,Cincinnati Reds,5,4
2023-04-10,Chicago Cubs,Seattle Mariners,3,2
2023-04-10,Texas Rangers,Kansas City Royals,11,2
2023-04-10,Colorado Rockies,St. Louis Cardinals,7,4
2023-04-10,Los Angeles Angels,Washington Nationals,4,6
2023-04-10,Arizona Diamondbacks,Milwaukee Brewers,3,0
2023-04-10,San Francisco Giants,Los Angeles Dodgers,1,9
2023-04-11,Cleveland Guardians,New York Yankees,2,11
2023-04-11,Baltimore Orioles,Oakland Athletics,12,8
2023-04-11,Pittsburgh Pirates,Houston Astros,7,4
2023-04-11,Tampa Bay Rays,Boston Red Sox,7,2
2023-04-11,Philadelphia Phillies,Miami Marlins,4,8
2023-04-11,Toronto Blue Jays,Detroit Tigers,9,3
2023-04-11,New York Mets,San Diego Padres,2,4
2023-04-11,Atlanta Braves,Cincinnati Reds,7,6
2023-04-11,Chicago Cubs,Seattle Mariners,14,9
2023-04-11,Minnesota Twins,Chicago White Sox,4,3
2023-04-11,Texas Rangers,Kansas City Royals,8,5
2023-04-11,Colorado Rockies,St. Louis Cardinals,6,9
2023-04-11,Los Angeles Angels,Washington Nationals,2,0
2023-04-11,Arizona Diamondbacks,Milwaukee Brewers,1,7
2023-04-11,San Francisco Giants,Los Angeles Dodgers,5,0
2023-04-12,Pittsburgh Pirates,Houston Astros,0,7
2023-04-12,New York Mets,San Diego Padres,5,2
2023-04-12,Minnesota Twins,Chicago White Sox,3,1
2023-04-12,Cleveland Guardians,New York Yankees,3,4
2023-04-12,Chicago Cubs,Seattle Mariners,2,5
2023-04-12,Colorado Rockies,St. Louis Cardinals,4,7
2023-04-12,Arizona Diamondbacks,Milwaukee Brewers,7,3
2023-04-12,Philadelphia Phillies,Miami Marlins,2,3
2023-04-12,Los Angeles Angels,Washington Nationals,3,2
2023-04-12,Baltimore Orioles,Oakland Athletics,4,8
2023-04-12,Tampa Bay Rays,Boston Red Sox,9,7
2023-04-12,Toronto Blue Jays,Detroit Tigers,4,3
2023-04-12,Atlanta Braves,Cincinnati Reds,5,4
2023-04-12,Texas Rangers,Kansas City Royals,1,10
2023-04-12,San Francisco Giants,Los Angeles Dodgers,5,10
2023-04-13,Baltimore Orioles,Oakland Athletics,8,7
2023-04-13,Tampa Bay Rays,Boston Red Sox,9,3
2023-04-13,Cincinnati Reds,Philadelphia Phillies,6,2
2023-04-13,New York Yankees,Minnesota Twins,2,11
2023-04-13,Toronto Blue Jays,Detroit Tigers,1,3
2023-04-13,St. Louis Cardinals,Pittsburgh Pirates,0,5
2023-04-13,San Diego Padres,Milwaukee Brewers,3,4
2023-04-14,Detroit Tigers,San Francisco Giants,7,5
2023-04-14,Cincinnati Reds,Philadelphia Phillies,3,8
2023-04-14,Miami Marlins,Arizona Diamondbacks,5,1
2023-04-14,Washington Nationals,Cleveland Guardians,3,4
2023-04-14,New York Yankees,Minnesota Twins,3,4
2023-04-14,Toronto Blue Jays,Tampa Bay Rays,6,3
2023-04-14,Boston Red Sox,Los Angeles Angels,5,3
2023-04-14,Chicago White Sox,Baltimore Orioles,3,6
2023-04-14,Houston Astros,Texas Rangers,2,6
2023-04-14,Kansas City Royals,Atlanta Braves,3,10
2023-04-14,St. Louis Cardinals,Pittsburgh Pirates,3,0
2023-04-14,Oakland Athletics,New York Mets,6,17
2023-04-14,San Diego Padres,Milwaukee Brewers,2,11
2023-04-14,Los Angeles Dodgers,Chicago Cubs,2,8
2023-04-14,Seattle Mariners,Colorado Rockies,5,3
2023-04-15,New York Yankees,Minnesota Twins,6,1
2023-04-15,Detroit Tigers,San Francisco Giants,7,6
2023-04-15,Chicago White Sox,Baltimore Orioles,7,6
2023-04-15,St. Louis Cardinals,Pittsburgh Pirates,3,6
2023-04-15,Toronto Blue Jays,Tampa Bay Rays,5,2
2023-04-15,Washington Nationals,Cleveland Guardians,4,6
2023-04-15,San Diego Padres,Milwaukee Brewers,10,3
2023-04-15,Oakland Athletics,New York Mets,2,3
2023-04-15,Boston Red Sox,Los Angeles Angels,9,7
2023-04-15,Cincinnati Reds,Philadelphia Phillies,13,0
2023-04-15,Kansas City Royals,Atlanta Braves,3,9
2023-04-15,Miami Marlins,Arizona Diamondbacks,3,2
2023-04-15,Houston Astros,Texas Rangers,8,2
2023-04-15,Los Angeles Dodgers,Chicago Cubs,2,1
2023-04-15,Seattle Mariners,Colorado Rockies,9,2
2023-04-16,Boston Red Sox,Los Angeles Angels,2,1
2023-04-16,Washington Nationals,Cleveland Guardians,7,6
2023-04-16,New York Yankees,Minnesota Twins,2,0
2023-04-16,Toronto Blue Jays,Tampa Bay Rays,1,8
2023-04-16,Cincinnati Reds,Philadelphia Phillies,3,14
2023-04-16,Miami Marlins,Arizona Diamondbacks,0,5
2023-04-16,Kansas City Royals,Atlanta Braves,4,5
2023-04-16,Chicago White Sox,Baltimore Orioles,4,8
2023-04-16,St. Louis Cardinals,Pittsburgh Pirates,5,4
2023-04-16,Oakland Athletics,New York Mets,3,4
2023-04-16,Los Angeles Dodgers,Chicago Cubs,2,3
2023-04-16,Seattle Mariners,Colorado Rockies,1,0
2023-04-16,San Diego Padres,Milwaukee Brewers,0,1
2023-04-16,Houston Astros,Texas Rangers,1,9
2023-04-17,Boston Red Sox,Los Angeles Angels,4,5
2023-04-17,Cincinnati Reds,Tampa Bay Rays,8,1
2023-04-17,Miami Marlins,San Francisco Giants,4,3
2023-04-17,Kansas City Royals,Texas Rangers,0,4
2023-04-17,St. Louis Cardinals,Arizona Diamondbacks,3,6
2023-04-17,Houston Astros,Toronto Blue Jays,9,2
2023-04-17,Colorado Rockies,Pittsburgh Pirates,3,14
2023-04-17,Oakland Athletics,Chicago Cubs,1,10
2023-04-17,San Diego Padres,Atlanta Braves,0,2
2023-04-17,Seattle Mariners,Milwaukee Brewers,3,7
2023-04-17,Los Angeles Dodgers,New York Mets,6,8
2023-04-18,Detroit Tigers,Cleveland Guardians,4,3
2023-04-18,Detroit Tigers,Cleveland Guardians,1,0
2023-04-18,Chicago White Sox,Philadelphia Phillies,4,7
2023-04-18,Chicago White Sox,Philadelphia Phillies,3,0
2023-04-18,Cincinnati Reds,Tampa Bay Rays,0,10
2023-04-18,Miami Marlins,San Francisco Giants,4,2
2023-04-18,Washington Nationals,Baltimore Orioles,0,1
2023-04-18,New York Yankees,Los Angeles Angels,2,5
2023-04-18,Boston Red Sox,Minnesota Twins,5,4
2023-04-18,Kansas City Royals,Texas Rangers,2,12
2023-04-18,St. Louis Cardinals,Arizona Diamondbacks,7,8
2023-04-18,Houston Astros,Toronto Blue Jays,2,4
2023-04-18,Colorado Rockies,Pittsburgh Pirates,3,5
2023-04-18,Oakland Athletics,Chicago Cubs,0,4
2023-04-18,San Diego Padres,Atlanta Braves,1,8
2023-04-18,Seattle Mariners,Milwaukee Brewers,5,6
2023-04-18,Los Angeles Dodgers,New York Mets,5,0
2023-04-19,Cincinnati Reds,Tampa Bay Rays,0,8
2023-04-19,Detroit Tigers,Cleveland Guardians,2,3
2023-04-19,Miami Marlins,San Francisco Giants,2,5
2023-04-19,St. Louis Cardinals,Arizona Diamondbacks,14,5
2023-04-19,Kansas City Royals,Texas Rangers,3,12
2023-04-19,Chicago White Sox,Philadelphia Phillies,2,5
2023-04-19,Los Angeles Dodgers,New York Mets,3,5
2023-04-19,Colorado Rockies,Pittsburgh Pirates,3,14
2023-04-19,Oakland Athletics,Chicago Cubs,2,12
2023-04-19,San Diego Padres,Atlanta Braves,1,0
2023-04-19,Seattle Mariners,Milwaukee Brewers,3,5
2023-04-19,Washington Nationals,Baltimore Orioles,0,4
2023-04-19,New York Yankees,Los Angeles Angels,3,2
2023-04-19,Boston Red Sox,Minnesota Twins,4,10
2023-04-19,Houston Astros,Toronto Blue Jays,8,1
2023-04-20,Boston Red Sox,Minnesota Twins,11,5
2023-04-20,New York Yankees,Los Angeles Angels,9,3
2023-04-20,Pittsburgh Pirates,Cincinnati Reds,4,3
2023-04-20,Philadelphia Phillies,Colorado Rockies,0,5
2023-04-20,Chicago Cubs,Los Angeles Dodgers,2,6
2023-04-20,Arizona Diamondbacks,San Diego Padres,5,7
2023-04-20,San Francisco Giants,New York Mets,4,9
2023-04-21,Chicago Cubs,Los Angeles Dodgers,13,0
2023-04-21,Pittsburgh Pirates,Cincinnati Reds,4,2
2023-04-21,Tampa Bay Rays,Chicago White Sox,8,7
2023-04-21,Baltimore Orioles,Detroit Tigers,2,1
2023-04-21,Philadelphia Phillies,Colorado Rockies,4,3
2023-04-21,New York Yankees,Toronto Blue Jays,1,6
2023-04-21,Atlanta Braves,Houston Astros,4,6
2023-04-21,Texas Rangers,Oakland Athletics,4,5
2023-04-21,Minnesota Twins,Washington Nationals,2,3
2023-04-21,Milwaukee Brewers,Boston Red Sox,3,5
2023-04-21,Los Angeles Angels,Kansas City Royals,2,0
2023-04-21,Arizona Diamondbacks,San Diego Padres,9,0
2023-04-21,Seattle Mariners,St. Louis Cardinals,5,2
2023-04-21,San Francisco Giants,New York Mets,0,7
2023-04-22,New York Yankees,Toronto Blue Jays,3,2
2023-04-22,Minnesota Twins,Washington Nationals,4,10
2023-04-22,Chicago Cubs,Los Angeles Dodgers,4,9
2023-04-22,Philadelphia Phillies,Colorado Rockies,4,3
2023-04-22,Cleveland Guardians,Miami Marlins,1,6
2023-04-22,Cleveland Guardians,Miami Marlins,2,3
2023-04-22,San Francisco Giants,New York Mets,7,4
2023-04-22,Tampa Bay Rays,Chicago White Sox,4,3
2023-04-22,Pittsburgh Pirates,Cincinnati Reds,2,1
2023-04-22,Baltimore Orioles,Detroit Tigers,5,1
2023-04-22,Texas Rangers,Oakland Athletics,18,3
2023-04-22,Milwaukee Brewers,Boston Red Sox,5,4
2023-04-22,Atlanta Braves,Houston Astros,3,6
2023-04-22,Arizona Diamondbacks,San Diego Padres,3,5
2023-04-22,Los Angeles Angels,Kansas City Royals,8,11
2023-04-22,Seattle Mariners,St. Louis Cardinals,5,4
2023-04-23,Philadelphia Phillies,Colorado Rockies,9,3
2023-04-23,Baltimore Orioles,Detroit Tigers,2,1
2023-04-23,Pittsburgh Pirates,Cincinnati Reds,2,0
2023-04-23,Atlanta Braves,Houston Astros,2,5
2023-04-23,New York Yankees,Toronto Blue Jays,1,5
2023-04-23,Tampa Bay Rays,Chicago White Sox,4,1
2023-04-23,Cleveland Guardians,Miami Marlins,7,4
2023-04-23,Minnesota Twins,Washington Nationals,3,1
2023-04-23,Milwaukee Brewers,Boston Red Sox,5,12
2023-04-23,Chicago Cubs,Los Angeles Dodgers,3,7
2023-04-23,Texas Rangers,Oakland Athletics,5,2
2023-04-23,Los Angeles Angels,Kansas City Royals,4,3
2023-04-23,Arizona Diamondbacks,San Diego Padres,5,7
2023-04-23,Seattle Mariners,St. Louis Cardinals,3,7
2023-04-23,San Francisco Giants,New York Mets,5,4
2023-04-24,Cleveland Guardians,Colorado Rockies,0,6
2023-04-24,Baltimore Orioles,Boston Red Sox,5,4
2023-04-24,Tampa Bay Rays,Houston Astros,8,3
2023-04-24,Cincinnati Reds,Texas Rangers,7,6
2023-04-24,Toronto Blue Jays,Chicago White Sox,5,2
2023-04-24,Atlanta Braves,Miami Marlins,11,0
2023-04-24,Minnesota Twins,New York Yankees,6,1
2023-04-24,Milwaukee Brewers,Detroit Tigers,2,4
2023-04-24,Los Angeles Angels,Oakland Athletics,10,11
2023-04-24,Arizona Diamondbacks,Kansas City Royals,5,4
2023-04-24,San Francisco Giants,St. Louis Cardinals,4,0
2023-04-25,Cleveland Guardians,Colorado Rockies,1,5
2023-04-25,Baltimore Orioles,Boston Red Sox,6,8
2023-04-25,Pittsburgh Pirates,Los Angeles Dodgers,7,8
2023-04-25,Tampa Bay Rays,Houston Astros,0,5
2023-04-25,Cincinnati Reds,Texas Rangers,7,6
2023-04-25,Philadelphia Phillies,Seattle Mariners,3,5
2023-04-25,Toronto Blue Jays,Chicago White Sox,7,0
2023-04-25,New York Mets,Washington Nationals,0,5
2023-04-25,Atlanta Braves,Miami Marlins,7,4
2023-04-25,Chicago Cubs,San Diego Padres,6,0
2023-04-25,Minnesota Twins,New York Yankees,6,2
2023-04-25,Milwaukee Brewers,Detroit Tigers,3,4
2023-04-25,Los Angeles Angels,Oakland Athletics,5,3
2023-04-25,Arizona Diamondbacks,Kansas City Royals,4,5
2023-04-25,San Francisco Giants,St. Louis Cardinals,5,4
2023-04-26,Cincinnati Reds,Texas Rangers,5,3
2023-04-26,Baltimore Orioles,Boston Red Sox,6,2
2023-04-26,Toronto Blue Jays,Chicago White Sox,8,0
2023-04-26,Cleveland Guardians,Colorado Rockies,4,1
2023-04-26,Minnesota Twins,New York Yankees,6,12
2023-04-26,Milwaukee Brewers,Detroit Tigers,6,2
2023-04-26,Arizona Diamondbacks,Kansas City Royals,2,0
2023-04-26,Pittsburgh Pirates,Los Angeles Dodgers,8,1
2023-04-26,Tampa Bay Rays,Houston Astros,0,1
2023-04-26,Philadelphia Phillies,Seattle Mariners,6,5
2023-04-26,New York Mets,Washington Nationals,1,4
2023-04-26,Atlanta Braves,Miami Marlins,6,4
2023-04-26,Chicago Cubs,San Diego Padres,3,5
2023-04-26,Los Angeles Angels,Oakland Athletics,11,3
2023-04-26,San Francisco Giants,St. Louis Cardinals,7,3
2023-04-27,Atlanta Braves,Miami Marlins,4,5
2023-04-27,Pittsburgh Pirates,Los Angeles Dodgers,6,2
2023-04-27,Philadelphia Phillies,Seattle Mariners,1,0
2023-04-27,Chicago Cubs,San Diego Padres,5,2
2023-04-27,San Francisco Giants,St. Louis Cardinals,0,6
2023-04-27,Los Angeles Angels,Oakland Athletics,8,7
2023-04-27,Detroit Tigers,Baltimore Orioles,4,7
2023-04-27,New York Mets,Washington Nationals,9,8
2023-04-27,Chicago White Sox,Tampa Bay Rays,5,14
2023-04-27,Minnesota Twins,Kansas City Royals,7,1
2023-04-27,Texas Rangers,New York Yankees,2,4
2023-04-28,Minnesota Twins,Kansas City Royals,8,6
2023-04-28,Miami Marlins,Chicago Cubs,3,2
2023-04-28,Toronto Blue Jays,Seattle Mariners,3,2
2023-04-28,Boston Red Sox,Cleveland Guardians,2,5
2023-04-28,New York Mets,Atlanta Braves,0,4
2023-04-28,Chicago White Sox,Tampa Bay Rays,2,3
2023-04-28,Texas Rangers,New York Yankees,5,2
2023-04-28,Houston Astros,Philadelphia Phillies,1,3
2023-04-28,Milwaukee Brewers,Los Angeles Angels,2,1
2023-04-28,Colorado Rockies,Arizona Diamondbacks,1,9
2023-04-28,Oakland Athletics,Cincinnati Reds,7,11
2023-04-28,Los Angeles Dodgers,St. Louis Cardinals,7,3
2023-04-29,Detroit Tigers,Baltimore Orioles,7,4
2023-04-29,Detroit Tigers,Baltimore Orioles,4,6
2023-04-29,Washington Nationals,Pittsburgh Pirates,3,6
2023-04-29,Washington Nationals,Pittsburgh Pirates,1,16
2023-04-29,Minnesota Twins,Kansas City Royals,2,3
2023-04-29,Toronto Blue Jays,Seattle Mariners,1,0
2023-04-29,Miami Marlins,Chicago Cubs,7,6
2023-04-29,Oakland Athletics,Cincinnati Reds,2,3
2023-04-29,Boston Red Sox,Cleveland Guardians,8,7
2023-04-29,Houston Astros,Philadelphia Phillies,1,6
2023-04-29,San Diego Padres,San Francisco Giants,16,11
2023-04-29,Texas Rangers,New York Yankees,2,0
2023-04-29,Chicago White Sox,Tampa Bay Rays,3,12
2023-04-29,Milwaukee Brewers,Los Angeles Angels,7,5
2023-04-29,Colorado Rockies,Arizona Diamondbacks,4,11
2023-04-29,Los Angeles Dodgers,St. Louis Cardinals,1,0
2023-04-30,Miami Marlins,Chicago Cubs,4,3
2023-04-30,Boston Red Sox,Cleveland Guardians,7,1
2023-04-30,Washington Nationals,Pittsburgh Pirates,7,2
2023-04-30,Toronto Blue Jays,Seattle Mariners,8,10
2023-04-30,Detroit Tigers,Baltimore Orioles,3,5
2023-04-30,Minnesota Twins,Kansas City Royals,8,4
2023-04-30,Chicago White Sox,Tampa Bay Rays,12,9
2023-04-30,Milwaukee Brewers,Los Angeles Angels,0,3
2023-04-30,Texas Rangers,New York Yankees,15,2
2023-04-30,Colorado Rockies,Arizona Diamondbacks,12,4
2023-04-30,San Diego Padres,San Francisco Giants,6,4
2023-04-30,Oakland Athletics,Cincinnati Reds,5,4
2023-04-30,Los Angeles Dodgers,St. Louis Cardinals,6,3
2023-04-30,Houston Astros,Philadelphia Phillies,4,3
2023-05-01,New York Mets,Atlanta Braves,8,9
2023-05-01,New York Mets,Atlanta Braves,5,3
2023-05-01,Washington Nationals,Chicago Cubs,1,5
2023-05-01,New York Yankees,Cleveland Guardians,2,3
2023-05-01,Boston Red Sox,Toronto Blue Jays,6,5
2023-05-01,Houston Astros,San Francisco Giants,7,3
2023-05-01,San Diego Padres,Cincinnati Reds,8,3
2023-05-01,Los Angeles Dodgers,Philadelphia Phillies,13,4
2023-05-02,Tampa Bay Rays,Pittsburgh Pirates,4,1
2023-05-02,Miami Marlins,Atlanta Braves,0,6
2023-05-02,Washington Nationals,Chicago Cubs,4,1
2023-05-02,New York Yankees,Cleveland Guardians,4,2
2023-05-02,Boston Red Sox,Toronto Blue Jays,7,6
2023-05-02,Chicago White Sox,Minnesota Twins,3,2
2023-05-02,Kansas City Royals,Baltimore Orioles,7,11
2023-05-02,St. Louis Cardinals,Los Angeles Angels,1,5
2023-05-02,Texas Rangers,Arizona Diamondbacks,6,4
2023-05-02,Houston Astros,San Francisco Giants,0,2
2023-05-02,Colorado Rockies,Milwaukee Brewers,3,2
2023-05-02,San Diego Padres,Cincinnati Reds,1,2
2023-05-02,Oakland Athletics,Seattle Mariners,1,2
2023-05-02,Los Angeles Dodgers,Philadelphia Phillies,13,1
2023-05-03,Detroit Tigers,New York Mets,6,5
2023-05-03,Detroit Tigers,New York Mets,8,1
2023-05-03,Texas Rangers,Arizona Diamondbacks,7,12
2023-05-03,Houston Astros,San Francisco Giants,2,4
2023-05-03,San Diego Padres,Cincinnati Reds,7,1
2023-05-03,Los Angeles Dodgers,Philadelphia Phillies,10,6
2023-05-03,Tampa Bay Rays,Pittsburgh Pirates,8,1
2023-05-03,Miami Marlins,Atlanta Braves,6,14
2023-05-03,Washington Nationals,Chicago Cubs,2,1
2023-05-03,New York Yankees,Cleveland Guardians,4,3
2023-05-03,Boston Red Sox,Toronto Blue Jays,8,3
2023-05-03,Chicago White Sox,Minnesota Twins,6,4
2023-05-03,Kansas City Royals,Baltimore Orioles,6,0
2023-05-03,St. Louis Cardinals,Los Angeles Angels,4,6
2023-05-03,Colorado Rockies,Milwaukee Brewers,7,1
2023-05-03,Oakland Athletics,Seattle Mariners,2,7
2023-05-04,Washington Nationals,Chicago Cubs,4,3
2023-05-04,Detroit Tigers,New York Mets,2,0
2023-05-04,Tampa Bay Rays,Pittsburgh Pirates,3,2
2023-05-04,St. Louis Cardinals,Los Angeles Angels,7,11
2023-05-04,Kansas City Royals,Baltimore Orioles,10,13
2023-05-04,Chicago White Sox,Minnesota Twins,3,7
2023-05-04,Colorado Rockies,Milwaukee Brewers,9,6
2023-05-04,Oakland Athletics,Seattle Mariners,3,5
2023-05-04,Miami Marlins,Atlanta Braves,3,6
2023-05-04,Boston Red Sox,Toronto Blue Jays,11,5
2023-05-05,Chicago Cubs,Miami Marlins,4,1
2023-05-05,Pittsburgh Pirates,Toronto Blue Jays,0,4
2023-05-05,Cincinnati Reds,Chicago White Sox,4,5
2023-05-05,Tampa Bay Rays,New York Yankees,5,4
2023-05-05,Philadelphia Phillies,Boston Red Sox,3,5
2023-05-05,New York Mets,Colorado Rockies,1,0
2023-05-05,Cleveland Guardians,Minnesota Twins,0,2
2023-05-05,Atlanta Braves,Baltimore Orioles,4,9
2023-05-05,Kansas City Royals,Oakland Athletics,8,12
2023-05-05,St. Louis Cardinals,Detroit Tigers,4,5
2023-05-05,Los Angeles Angels,Texas Rangers,5,4
2023-05-05,Arizona Diamondbacks,Washington Nationals,3,1
2023-05-05,San Diego Padres,Los Angeles Dodgers,5,2
2023-05-05,Seattle Mariners,Houston Astros,4,6
2023-05-05,San Francisco Giants,Milwaukee Brewers,6,4
2023-05-06,St. Louis Cardinals,Detroit Tigers,5,6
2023-05-06,Chicago Cubs,Miami Marlins,4,2
2023-05-06,New York Mets,Colorado Rockies,2,5
2023-05-06,Tampa Bay Rays,New York Yankees,2,3
2023-05-06,Cleveland Guardians,Minnesota Twins,4,3
2023-05-06,Pittsburgh Pirates,Toronto Blue Jays,2,8
2023-05-06,Cincinnati Reds,Chicago White Sox,5,3
2023-05-06,Kansas City Royals,Oakland Athletics,4,5
2023-05-06,Philadelphia Phillies,Boston Red Sox,4,7
2023-05-06,Atlanta Braves,Baltimore Orioles,5,4
2023-05-06,San Francisco Giants,Milwaukee Brewers,4,1
2023-05-06,Arizona Diamondbacks,Washington Nationals,8,7
2023-05-06,San Diego Padres,Los Angeles Dodgers,1,2
2023-05-06,Los Angeles Angels,Texas Rangers,1,10
2023-05-06,Seattle Mariners,Houston Astros,7,5
2023-05-07,Atlanta Braves,Baltimore Orioles,3,2
2023-05-07,Pittsburgh Pirates,Toronto Blue Jays,1,10
2023-05-07,Philadelphia Phillies,Boston Red Sox,6,1
2023-05-07,New York Mets,Colorado Rockies,6,13
2023-05-07,Cleveland Guardians,Minnesota Twins,2,0
2023-05-07,Tampa Bay Rays,New York Yankees,8,7
2023-05-07,Kansas City Royals,Oakland Athletics,5,1
2023-05-07,St. Louis Cardinals,Detroit Tigers,12,6
2023-05-07,Chicago Cubs,Miami Marlins,4,5
2023-05-07,San Francisco Giants,Milwaukee Brewers,3,7
2023-05-07,Los Angeles Angels,Texas Rangers,8,16
2023-05-07,Arizona Diamondbacks,Washington Nationals,8,9
2023-05-07,Seattle Mariners,Houston Astros,3,1
2023-05-07,Cincinnati Reds,Chicago White Sox,4,17
2023-05-07,San Diego Padres,Los Angeles Dodgers,2,5
2023-05-08,Cleveland Guardians,Detroit Tigers,2,6
2023-05-08,Pittsburgh Pirates,Colorado Rockies,2,0
2023-05-08,Baltimore Orioles,Tampa Bay Rays,0,3
2023-05-08,New York Yankees,Oakland Athletics,7,2
2023-05-08,Chicago Cubs,St. Louis Cardinals,1,3
2023-05-08,Kansas City Royals,Chicago White Sox,12,5
2023-05-08,Milwaukee Brewers,Los Angeles Dodgers,9,3
2023-05-08,Los Angeles Angels,Houston Astros,6,4
2023-05-08,Seattle Mariners,Texas Rangers,1,2
2023-05-08,Arizona Diamondbacks,Miami Marlins,5,2
2023-05-08,San Francisco Giants,Washington Nationals,1,5
2023-05-09,Cleveland Guardians,Detroit Tigers,2,0
2023-05-09,Pittsburgh Pirates,Colorado Rockies,1,10
2023-05-09,Baltimore Orioles,Tampa Bay Rays,4,2
2023-05-09,Cincinnati Reds,New York Mets,7,6
2023-05-09,Philadelphia Phillies,Toronto Blue Jays,8,4
2023-05-09,New York Yankees,Oakland Athletics,10,5
2023-05-09,Atlanta Braves,Boston Red Sox,9,3
2023-05-09,Chicago Cubs,St. Louis Cardinals,4,6
2023-05-09,Minnesota Twins,San Diego Padres,1,6
2023-05-09,Kansas City Royals,Chicago White Sox,2,4
2023-05-09,Milwaukee Brewers,Los Angeles Dodgers,2,6
2023-05-09,Los Angeles Angels,Houston Astros,1,3
2023-05-09,Seattle Mariners,Texas Rangers,5,0
2023-05-09,Arizona Diamondbacks,Miami Marlins,2,6
2023-05-09,San Francisco Giants,Washington Nationals,4,1
2023-05-10,Pittsburgh Pirates,Colorado Rockies,3,4
2023-05-10,New York Yankees,Oakland Athletics,11,3
2023-05-10,Cleveland Guardians,Detroit Tigers,0,5
2023-05-10,Milwaukee Brewers,Los Angeles Dodgers,1,8
2023-05-10,Seattle Mariners,Texas Rangers,3,4
2023-05-10,Arizona Diamondbacks,Miami Marlins,4,5
2023-05-10,San Francisco Giants,Washington Nationals,6,11
2023-05-10,Philadelphia Phillies,Toronto Blue Jays,2,1
2023-05-10,Los Angeles Angels,Houston Astros,4,5
2023-05-10,Baltimore Orioles,Tampa Bay Rays,2,1
2023-05-10,Cincinnati Reds,New York Mets,1,2
2023-05-10,Atlanta Braves,Boston Red Sox,2,5
2023-05-10,Chicago Cubs,St. Louis Cardinals,10,4
2023-05-10,Minnesota Twins,San Diego Padres,4,3
2023-05-10,Kansas City Royals,Chicago White Sox,9,1
2023-05-11,Cincinnati Reds,New York Mets,5,0
2023-05-11,Minnesota Twins,San Diego Padres,5,3
2023-05-11,Kansas City Royals,Chicago White Sox,4,3
2023-05-11,New York Yankees,Tampa Bay Rays,2,8
2023-05-11,Arizona Diamondbacks,San Francisco Giants,2,6
2023-05-11,Oakland Athletics,Texas Rangers,0,4
2023-05-12,Detroit Tigers,Seattle Mariners,2,9
2023-05-12,Miami Marlins,Cincinnati Reds,4,7
2023-05-12,Washington Nationals,New York Mets,2,3
2023-05-12,Baltimore Orioles,Pittsburgh Pirates,6,3
2023-05-12,New York Yankees,Tampa Bay Rays,6,5
2023-05-12,Toronto Blue Jays,Atlanta Braves,3,0
2023-05-12,Cleveland Guardians,Los Angeles Angels,4,5
2023-05-12,Boston Red Sox,St. Louis Cardinals,6,8
2023-05-12,Minnesota Twins,Chicago Cubs,2,6
2023-05-12,Chicago White Sox,Houston Astros,1,5
2023-05-12,Milwaukee Brewers,Kansas City Royals,5,1
2023-05-12,Colorado Rockies,Philadelphia Phillies,3,6
2023-05-12,Arizona Diamondbacks,San Francisco Giants,7,5
2023-05-12,Oakland Athletics,Texas Rangers,9,7
2023-05-12,Los Angeles Dodgers,San Diego Padres,4,2
2023-05-13,New York Yankees,Tampa Bay Rays,9,8
2023-05-13,Detroit Tigers,Seattle Mariners,0,5
2023-05-13,Miami Marlins,Cincinnati Reds,5,6
2023-05-13,Minnesota Twins,Chicago Cubs,11,1
2023-05-13,Toronto Blue Jays,Atlanta Braves,5,2
2023-05-13,Washington Nationals,New York Mets,3,2
2023-05-13,Oakland Athletics,Texas Rangers,0,5
2023-05-13,Boston Red Sox,St. Louis Cardinals,3,4
2023-05-13,Cleveland Guardians,Los Angeles Angels,8,6
2023-05-13,Baltimore Orioles,Pittsburgh Pirates,2,0
2023-05-13,Milwaukee Brewers,Kansas City Royals,4,3
2023-05-13,Los Angeles Dodgers,San Diego Padres,4,2
2023-05-13,Chicago White Sox,Houston Astros,3,1
2023-05-13,Arizona Diamondbacks,San Francisco Giants,7,2
2023-05-13,Colorado Rockies,Philadelphia Phillies,4,7
2023-05-14,Cleveland Guardians,Los Angeles Angels,4,3
2023-05-13,Washington Nationals,New York Mets,3,2
2023-05-14,Baltimore Orioles,Pittsburgh Pirates,0,4
2023-05-14,New York Yankees,Tampa Bay Rays,7,8
2023-05-14,Toronto Blue Jays,Atlanta Braves,6,5
2023-05-14,Detroit Tigers,Seattle Mariners,5,3
2023-05-14,Miami Marlins,Cincinnati Reds,3,1
2023-05-14,Minnesota Twins,Chicago Cubs,16,3
2023-05-14,Chicago White Sox,Houston Astros,3,4
2023-05-14,Milwaukee Brewers,Kansas City Royals,9,6
2023-05-14,Colorado Rockies,Philadelphia Phillies,4,0
2023-05-14,Oakland Athletics,Texas Rangers,3,11
2023-05-14,Los Angeles Dodgers,San Diego Padres,4,0
2023-05-14,Arizona Diamondbacks,San Francisco Giants,2,1
2023-05-14,Washington Nationals,New York Mets,2,8
2023-05-14,Boston Red Sox,St. Louis Cardinals,1,9
2023-05-15,Washington Nationals,New York Mets,10,3
2023-05-15,Baltimore Orioles,Los Angeles Angels,5,9
2023-05-15,Toronto Blue Jays,New York Yankees,4,7
2023-05-15,Boston Red Sox,Seattle Mariners,1,10
2023-05-15,St. Louis Cardinals,Milwaukee Brewers,18,1
2023-05-15,Texas Rangers,Atlanta Braves,0,12
2023-05-15,Houston Astros,Chicago Cubs,6,4
2023-05-15,Colorado Rockies,Cincinnati Reds,9,8
2023-05-15,Oakland Athletics,Arizona Diamondbacks,2,5
2023-05-15,San Diego Padres,Kansas City Royals,4,0
2023-05-15,San Francisco Giants,Philadelphia Phillies,6,3
2023-05-15,Los Angeles Dodgers,Minnesota Twins,9,8
2023-05-16,Baltimore Orioles,Los Angeles Angels,7,3
2023-05-16,Detroit Tigers,Pittsburgh Pirates,4,0
2023-05-16,Miami Marlins,Washington Nationals,5,4
2023-05-16,Toronto Blue Jays,New York Yankees,3,6
2023-05-16,Boston Red Sox,Seattle Mariners,9,4
2023-05-16,New York Mets,Tampa Bay Rays,5,8
2023-05-16,St. Louis Cardinals,Milwaukee Brewers,2,3
2023-05-16,Texas Rangers,Atlanta Braves,7,4
2023-05-16,Houston Astros,Chicago Cubs,7,3
2023-05-16,Chicago White Sox,Cleveland Guardians,8,3
2023-05-16,Colorado Rockies,Cincinnati Reds,1,3
2023-05-16,Oakland Athletics,Arizona Diamondbacks,9,8
2023-05-16,San Diego Padres,Kansas City Royals,4,5
2023-05-16,San Francisco Giants,Philadelphia Phillies,4,3
2023-05-16,Los Angeles Dodgers,Minnesota Twins,1,5
2023-05-17,Detroit Tigers,Pittsburgh Pirates,0,8
2023-05-17,Colorado Rockies,Cincinnati Reds,11,6
2023-05-17,Los Angeles Dodgers,Minnesota Twins,7,3
2023-05-17,Oakland Athletics,Arizona Diamondbacks,3,5
2023-05-17,San Francisco Giants,Philadelphia Phillies,7,4
2023-05-17,San Diego Padres,Kansas City Royals,3,4
2023-05-17,Baltimore Orioles,Los Angeles Angels,3,1
2023-05-17,Miami Marlins,Washington Nationals,4,3
2023-05-17,Toronto Blue Jays,New York Yankees,3,0
2023-05-17,Boston Red Sox,Seattle Mariners,12,3
2023-05-17,New York Mets,Tampa Bay Rays,8,7
2023-05-17,St. Louis Cardinals,Milwaukee Brewers,3,0
2023-05-17,Texas Rangers,Atlanta Braves,5,6
2023-05-17,Houston Astros,Chicago Cubs,7,6
2023-05-17,Chicago White Sox,Cleveland Guardians,7,2
2023-05-18,Baltimore Orioles,Los Angeles Angels,5,6
2023-05-18,New York Mets,Tampa Bay Rays,3,2
2023-05-18,Miami Marlins,Washington Nationals,5,3
2023-05-18,Chicago White Sox,Cleveland Guardians,1,3
2023-05-18,Toronto Blue Jays,New York Yankees,2,4
2023-05-18,St. Louis Cardinals,Los Angeles Dodgers,16,8
2023-05-19,Pittsburgh Pirates,Arizona Diamondbacks,13,3
2023-05-19,Cincinnati Reds,New York Yankees,2,6
2023-05-19,Tampa Bay Rays,Milwaukee Brewers,1,0
2023-05-19,Washington Nationals,Detroit Tigers,6,8
2023-05-19,Philadelphia Phillies,Chicago Cubs,1,10
2023-05-19,Toronto Blue Jays,Baltimore Orioles,2,6
2023-05-19,New York Mets,Cleveland Guardians,10,9
2023-05-19,Atlanta Braves,Seattle Mariners,6,2
2023-05-19,Texas Rangers,Colorado Rockies,7,2
2023-05-19,Houston Astros,Oakland Athletics,5,1
2023-05-19,Chicago White Sox,Kansas City Royals,2,0
2023-05-19,St. Louis Cardinals,Los Angeles Dodgers,0,5
2023-05-19,Los Angeles Angels,Minnesota Twins,5,4
2023-05-19,San Diego Padres,Boston Red Sox,1,6
2023-05-19,San Francisco Giants,Miami Marlins,4,3
2023-05-20,Chicago White Sox,Kansas City Royals,5,1
2023-05-20,Toronto Blue Jays,Baltimore Orioles,5,6
2023-05-20,Washington Nationals,Detroit Tigers,5,2
2023-05-20,Pittsburgh Pirates,Arizona Diamondbacks,3,4
2023-05-20,Texas Rangers,Colorado Rockies,11,5
2023-05-20,Philadelphia Phillies,Chicago Cubs,12,3
2023-05-20,San Francisco Giants,Miami Marlins,0,1
2023-05-20,Houston Astros,Oakland Athletics,3,2
2023-05-20,Cincinnati Reds,New York Yankees,4,7
2023-05-20,Tampa Bay Rays,Milwaukee Brewers,8,4
2023-05-20,St. Louis Cardinals,Los Angeles Dodgers,6,5
2023-05-20,Atlanta Braves,Seattle Mariners,3,7
2023-05-20,Los Angeles Angels,Minnesota Twins,2,6
2023-05-20,San Diego Padres,Boston Red Sox,2,4
2023-05-21,Cincinnati Reds,New York Yankees,1,4
2023-05-21,Washington Nationals,Detroit Tigers,6,4
2023-05-21,Pittsburgh Pirates,Arizona Diamondbacks,3,8
2023-05-21,Philadelphia Phillies,Chicago Cubs,2,1
2023-05-21,Atlanta Braves,Seattle Mariners,3,2
2023-05-21,Toronto Blue Jays,Baltimore Orioles,3,8
2023-05-21,New York Mets,Cleveland Guardians,5,4
2023-05-21,New York Mets,Cleveland Guardians,2,1
2023-05-21,Tampa Bay Rays,Milwaukee Brewers,4,6
2023-05-21,Houston Astros,Oakland Athletics,2,0
2023-05-21,Chicago White Sox,Kansas City Royals,5,2
2023-05-21,St. Louis Cardinals,Los Angeles Dodgers,10,5
2023-05-21,Texas Rangers,Colorado Rockies,13,3
2023-05-21,San Francisco Giants,Miami Marlins,7,5
2023-05-21,Los Angeles Angels,Minnesota Twins,4,2
2023-05-21,San Diego Padres,Boston Red Sox,7,0
2023-05-22,Cleveland Guardians,Chicago White Sox,3,0
2023-05-22,Pittsburgh Pirates,Texas Rangers,6,4
2023-05-22,Cincinnati Reds,St. Louis Cardinals,6,5
2023-05-22,Tampa Bay Rays,Toronto Blue Jays,6,4
2023-05-22,Philadelphia Phillies,Arizona Diamondbacks,3,6
2023-05-22,Atlanta Braves,Los Angeles Dodgers,6,8
2023-05-22,Kansas City Royals,Detroit Tigers,5,8
2023-05-22,Minnesota Twins,San Francisco Giants,1,4
2023-05-22,Milwaukee Brewers,Houston Astros,2,12
2023-05-22,Colorado Rockies,Miami Marlins,5,3
2023-05-22,Los Angeles Angels,Boston Red Sox,2,1
2023-05-22,Seattle Mariners,Oakland Athletics,11,2
2023-05-23,Cleveland Guardians,Chicago White Sox,2,4
2023-05-23,Pittsburgh Pirates,Texas Rangers,1,6
2023-05-23,Cincinnati Reds,St. Louis Cardinals,5,8
2023-05-23,Tampa Bay Rays,Toronto Blue Jays,1,20
2023-05-23,Philadelphia Phillies,Arizona Diamondbacks,3,4
2023-05-23,Washington Nationals,San Diego Padres,4,7
2023-05-23,New York Yankees,Baltimore Orioles,6,5
2023-05-23,Atlanta Braves,Los Angeles Dodgers,1,8
2023-05-23,Kansas City Royals,Detroit Tigers,4,1
2023-05-23,Chicago Cubs,New York Mets,7,2
2023-05-23,Minnesota Twins,San Francisco Giants,3,4
2023-05-23,Milwaukee Brewers,Houston Astros,6,0
2023-05-23,Colorado Rockies,Miami Marlins,5,4
2023-05-23,Los Angeles Angels,Boston Red Sox,4,0
2023-05-23,Seattle Mariners,Oakland Athletics,3,2
2023-05-24,Pittsburgh Pirates,Texas Rangers,2,3
2023-05-24,Philadelphia Phillies,Arizona Diamondbacks,6,5
2023-05-24,Minnesota Twins,San Francisco Giants,7,1
2023-05-24,Cleveland Guardians,Chicago White Sox,0,6
2023-05-24,Milwaukee Brewers,Houston Astros,4,0
2023-05-24,Cincinnati Reds,St. Louis Cardinals,10,3
2023-05-24,Tampa Bay Rays,Toronto Blue Jays,7,3
2023-05-24,Washington Nationals,San Diego Padres,5,3
2023-05-24,New York Yankees,Baltimore Orioles,6,9
2023-05-24,Atlanta Braves,Los Angeles Dodgers,4,3
2023-05-24,Kansas City Royals,Detroit Tigers,4,6
2023-05-24,Chicago Cubs,New York Mets,4,2
2023-05-24,Colorado Rockies,Miami Marlins,2,10
2023-05-24,Los Angeles Angels,Boston Red Sox,7,3
2023-05-24,Seattle Mariners,Oakland Athletics,6,1
2023-05-25,Cincinnati Reds,St. Louis Cardinals,1,2
2023-05-25,Tampa Bay Rays,Toronto Blue Jays,6,3
2023-05-25,Colorado Rockies,Miami Marlins,7,6
2023-05-25,Washington Nationals,San Diego Padres,6,8
2023-05-25,Detroit Tigers,Chicago White Sox,7,2
2023-05-25,New York Yankees,Baltimore Orioles,1,3
2023-05-25,Atlanta Braves,Philadelphia Phillies,8,5
2023-05-25,Chicago Cubs,New York Mets,1,10
2023-05-25,Milwaukee Brewers,San Francisco Giants,0,5
2023-05-25,Seattle Mariners,Oakland Athletics,3,2
2023-05-26,Chicago Cubs,Cincinnati Reds,0,9
2023-05-26,Tampa Bay Rays,Los Angeles Dodgers,9,3
2023-05-26,Detroit Tigers,Chicago White Sox,3,12
2023-05-26,Baltimore Orioles,Texas Rangers,2,12
2023-05-26,New York Yankees,San Diego Padres,1,5
2023-05-26,Cleveland Guardians,St. Louis Cardinals,4,3
2023-05-26,Atlanta Braves,Philadelphia Phillies,4,6
2023-05-26,Kansas City Royals,Washington Nationals,10,12
2023-05-26,Minnesota Twins,Toronto Blue Jays,1,3
2023-05-26,Milwaukee Brewers,San Francisco Giants,1,15
2023-05-26,Colorado Rockies,New York Mets,2,5
2023-05-26,Los Angeles Angels,Miami Marlins,2,6
2023-05-26,Arizona Diamondbacks,Boston Red Sox,2,7
2023-05-26,Oakland Athletics,Houston Astros,2,5
2023-05-26,Seattle Mariners,Pittsburgh Pirates,6,11
2023-05-27,New York Yankees,San Diego Padres,3,2
2023-05-27,Detroit Tigers,Chicago White Sox,7,3
2023-05-27,Minnesota Twins,Toronto Blue Jays,9,7
2023-05-27,Baltimore Orioles,Texas Rangers,3,5
2023-05-27,Oakland Athletics,Houston Astros,3,6
2023-05-27,Kansas City Royals,Washington Nationals,2,4
2023-05-27,Seattle Mariners,Pittsburgh Pirates,5,0
2023-05-27,Tampa Bay Rays,Los Angeles Dodgers,5,6
2023-05-27,Atlanta Braves,Philadelphia Phillies,1,2
2023-05-27,Milwaukee Brewers,San Francisco Giants,1,3
2023-05-27,Arizona Diamondbacks,Boston Red Sox,1,2
2023-05-27,Chicago Cubs,Cincinnati Reds,5,8
2023-05-27,Cleveland Guardians,St. Louis Cardinals,1,2
2023-05-27,Colorado Rockies,New York Mets,10,7
2023-05-27,Los Angeles Angels,Miami Marlins,5,8
2023-05-28,Tampa Bay Rays,Los Angeles Dodgers,11,10
2023-05-28,Baltimore Orioles,Texas Rangers,3,2
2023-05-28,New York Yankees,San Diego Padres,10,7
2023-05-28,Cleveland Guardians,St. Louis Cardinals,4,3
2023-05-28,Detroit Tigers,Chicago White Sox,6,5
2023-05-28,Kansas City Royals,Washington Nationals,3,2
2023-05-28,Minnesota Twins,Toronto Blue Jays,0,3
2023-05-28,Milwaukee Brewers,San Francisco Giants,7,5
2023-05-28,Chicago Cubs,Cincinnati Reds,5,8
2023-05-28,Colorado Rockies,New York Mets,11,10
2023-05-28,Oakland Athletics,Houston Astros,1,10
2023-05-28,Los Angeles Angels,Miami Marlins,0,2
2023-05-28,Arizona Diamondbacks,Boston Red Sox,4,2
2023-05-28,Seattle Mariners,Pittsburgh Pirates,6,3
2023-05-28,Atlanta Braves,Philadelphia Phillies,11,4
2023-05-29,Baltimore Orioles,Cleveland Guardians,0,5
2023-05-29,Detroit Tigers,Texas Rangers,0,5
2023-05-29,St. Louis Cardinals,Kansas City Royals,0,7
2023-05-29,Chicago Cubs,Tampa Bay Rays,1,0
2023-05-29,Arizona Diamondbacks,Colorado Rockies,7,5
2023-05-29,Houston Astros,Minnesota Twins,5,7
2023-05-29,San Francisco Giants,Pittsburgh Pirates,14,4
2023-05-29,Oakland Athletics,Atlanta Braves,7,2
2023-05-29,Chicago White Sox,Los Angeles Angels,4,6
2023-05-29,Los Angeles Dodgers,Washington Nationals,6,1
2023-05-29,Seattle Mariners,New York Yankees,4,10
2023-05-30,Detroit Tigers,Texas Rangers,6,10
2023-05-30,Miami Marlins,San Diego Padres,4,9
2023-05-30,Baltimore Orioles,Cleveland Guardians,8,5
2023-05-30,Toronto Blue Jays,Milwaukee Brewers,7,2
2023-05-30,Boston Red Sox,Cincinnati Reds,8,9
2023-05-30,New York Mets,Philadelphia Phillies,2,0
2023-05-30,St. Louis Cardinals,Kansas City Royals,2,1
2023-05-30,Chicago Cubs,Tampa Bay Rays,2,1
2023-05-30,Houston Astros,Minnesota Twins,5,1
2023-05-30,Chicago White Sox,Los Angeles Angels,7,3
2023-05-30,Arizona Diamondbacks,Colorado Rockies,5,1
2023-05-30,Oakland Athletics,Atlanta Braves,2,1
2023-05-30,Seattle Mariners,New York Yankees,2,10
2023-05-30,San Francisco Giants,Pittsburgh Pirates,1,2
2023-05-30,Los Angeles Dodgers,Washington Nationals,9,3
2023-05-31,Detroit Tigers,Texas Rangers,3,2
2023-05-31,Chicago White Sox,Los Angeles Angels,5,12
2023-05-31,Chicago Cubs,Tampa Bay Rays,3,4
2023-05-31,Baltimore Orioles,Cleveland Guardians,8,12
2023-05-31,Oakland Athletics,Atlanta Braves,2,4
2023-05-31,San Francisco Giants,Pittsburgh Pirates,4,9
2023-05-31,Los Angeles Dodgers,Washington Nationals,6,10
2023-05-31,Miami Marlins,San Diego Padres,2,1
2023-05-31,Toronto Blue Jays,Milwaukee Brewers,2,4
2023-05-31,Boston Red Sox,Cincinnati Reds,4,5
2023-05-31,New York Mets,Philadelphia Phillies,4,1
2023-05-31,Houston Astros,Minnesota Twins,2,8
2023-05-31,Arizona Diamondbacks,Colorado Rockies,6,0
2023-05-31,Seattle Mariners,New York Yankees,1,0
2023-06-01,Toronto Blue Jays,Milwaukee Brewers,3,1
2023-06-01,New York Mets,Philadelphia Phillies,4,2
2023-06-01,Miami Marlins,San Diego Padres,1,10
2023-06-01,Arizona Diamondbacks,Colorado Rockies,5,4
2023-06-01,Boston Red Sox,Cincinnati Reds,8,2
2023-06-01,Minnesota Twins,Cleveland Guardians,7,6
2023-06-01,Houston Astros,Los Angeles Angels,5,2
2023-06-02,Cincinnati Reds,Milwaukee Brewers,4,5
2023-06-02,Miami Marlins,Oakland Athletics,4,0
2023-06-02,Pittsburgh Pirates,St. Louis Cardinals,7,5
2023-06-02,Washington Nationals,Philadelphia Phillies,8,7
2023-06-02,New York Mets,Toronto Blue Jays,0,3
2023-06-02,Texas Rangers,Seattle Mariners,2,0
2023-06-02,Houston Astros,Los Angeles Angels,6,2
2023-06-02,Kansas City Royals,Colorado Rockies,2,7
2023-06-02,Minnesota Twins,Cleveland Guardians,1,0
2023-06-02,Chicago White Sox,Detroit Tigers,3,0
2023-06-02,San Diego Padres,Chicago Cubs,1,2
2023-06-02,Arizona Diamondbacks,Atlanta Braves,3,2
2023-06-02,Los Angeles Dodgers,New York Yankees,8,4
2023-06-02,San Francisco Giants,Baltimore Orioles,2,3
2023-06-03,Boston Red Sox,Tampa Bay Rays,8,5
2023-06-03,Boston Red Sox,Tampa Bay Rays,2,4
2023-06-03,Chicago White Sox,Detroit Tigers,2,1
2023-06-03,Pittsburgh Pirates,St. Louis Cardinals,4,3
2023-06-03,Texas Rangers,Seattle Mariners,16,6
2023-06-03,Washington Nationals,Philadelphia Phillies,2,4
2023-06-03,Houston Astros,Los Angeles Angels,9,6
2023-06-03,Kansas City Royals,Colorado Rockies,4,6
2023-06-03,New York Mets,Toronto Blue Jays,1,2
2023-06-03,Miami Marlins,Oakland Athletics,12,1
2023-06-03,Cincinnati Reds,Milwaukee Brewers,8,10
2023-06-03,Minnesota Twins,Cleveland Guardians,2,4
2023-06-03,Los Angeles Dodgers,New York Yankees,3,6
2023-06-03,San Francisco Giants,Baltimore Orioles,4,0
2023-06-03,San Diego Padres,Chicago Cubs,6,0
2023-06-03,Arizona Diamondbacks,Atlanta Braves,2,5
2023-06-04,Pittsburgh Pirates,St. Louis Cardinals,2,1
2023-06-04,Boston Red Sox,Tampa Bay Rays,2,6
2023-06-04,Washington Nationals,Philadelphia Phillies,3,11
2023-06-04,New York Mets,Toronto Blue Jays,4,6
2023-06-04,Miami Marlins,Oakland Athletics,7,5
2023-06-04,Cincinnati Reds,Milwaukee Brewers,1,5
2023-06-04,Houston Astros,Los Angeles Angels,1,2
2023-06-04,Kansas City Royals,Colorado Rockies,2,0
2023-06-04,Minnesota Twins,Cleveland Guardians,1,2
2023-06-04,Chicago White Sox,Detroit Tigers,6,2
2023-06-04,Texas Rangers,Seattle Mariners,12,3
2023-06-04,San Francisco Giants,Baltimore Orioles,3,8
2023-06-04,Arizona Diamondbacks,Atlanta Braves,5,8
2023-06-04,San Diego Padres,Chicago Cubs,1,7
2023-06-04,Los Angeles Dodgers,New York Yankees,1,4
2023-06-05,Boston Red Sox,Tampa Bay Rays,1,4
2023-06-05,Philadelphia Phillies,Detroit Tigers,8,3
2023-06-05,Miami Marlins,Kansas City Royals,9,6
2023-06-05,Pittsburgh Pirates,Oakland Athletics,5,4
2023-06-05,Toronto Blue Jays,Houston Astros,4,11
2023-06-05,Cincinnati Reds,Milwaukee Brewers,2,0
2023-06-05,Texas Rangers,St. Louis Cardinals,4,3
2023-06-05,San Diego Padres,Chicago Cubs,5,0
2023-06-06,Tampa Bay Rays,Minnesota Twins,7,0
2023-06-06,Philadelphia Phillies,Detroit Tigers,1,0
2023-06-06,Miami Marlins,Kansas City Royals,6,1
2023-06-06,Washington Nationals,Arizona Diamondbacks,5,10
2023-06-06,Pittsburgh Pirates,Oakland Athletics,2,11
2023-06-06,New York Yankees,Chicago White Sox,2,3
2023-06-06,Toronto Blue Jays,Houston Astros,5,1
2023-06-06,Cleveland Guardians,Boston Red Sox,4,5
2023-06-06,Cincinnati Reds,Los Angeles Dodgers,9,8
2023-06-06,Atlanta Braves,New York Mets,6,4
2023-06-06,Milwaukee Brewers,Baltimore Orioles,4,3
2023-06-06,Texas Rangers,St. Louis Cardinals,6,4
2023-06-06,Colorado Rockies,San Francisco Giants,4,10
2023-06-06,Los Angeles Angels,Chicago Cubs,7,4
2023-06-06,San Diego Padres,Seattle Mariners,1,4
2023-06-07,Pittsburgh Pirates,Oakland Athletics,5,9
2023-06-07,San Diego Padres,Seattle Mariners,10,3
2023-06-07,Miami Marlins,Kansas City Royals,6,1
2023-06-07,Tampa Bay Rays,Minnesota Twins,2,1
2023-06-07,Washington Nationals,Arizona Diamondbacks,2,6
2023-06-07,Toronto Blue Jays,Houston Astros,3,2
2023-06-07,Cleveland Guardians,Boston Red Sox,5,2
2023-06-07,Cincinnati Reds,Los Angeles Dodgers,8,6
2023-06-07,Atlanta Braves,New York Mets,7,5
2023-06-07,Milwaukee Brewers,Baltimore Orioles,10,2
2023-06-07,Texas Rangers,St. Louis Cardinals,0,1
2023-06-07,Colorado Rockies,San Francisco Giants,4,5
2023-06-07,Los Angeles Angels,Chicago Cubs,6,2
2023-06-08,Cincinnati Reds,Los Angeles Dodgers,0,6
2023-06-08,Tampa Bay Rays,Minnesota Twins,4,2
2023-06-08,Milwaukee Brewers,Baltimore Orioles,3,6
2023-06-08,Colorado Rockies,San Francisco Giants,4,6
2023-06-08,New York Yankees,Chicago White Sox,5,6
2023-06-08,New York Yankees,Chicago White Sox,3,0
2023-06-08,Philadelphia Phillies,Detroit Tigers,3,2
2023-06-08,Toronto Blue Jays,Houston Astros,3,2
2023-06-08,Cleveland Guardians,Boston Red Sox,10,3
2023-06-08,Atlanta Braves,New York Mets,13,10
2023-06-08,Los Angeles Angels,Chicago Cubs,3,1
2023-06-09,Detroit Tigers,Arizona Diamondbacks,6,11
2023-06-09,Tampa Bay Rays,Texas Rangers,8,3
2023-06-09,Baltimore Orioles,Kansas City Royals,3,2
2023-06-09,Pittsburgh Pirates,New York Mets,14,7
2023-06-09,Philadelphia Phillies,Los Angeles Dodgers,5,4
2023-06-09,New York Yankees,Boston Red Sox,2,3
2023-06-09,Toronto Blue Jays,Minnesota Twins,2,3
2023-06-09,Cleveland Guardians,Houston Astros,10,9
2023-06-09,Atlanta Braves,Washington Nationals,3,2
2023-06-09,Chicago White Sox,Miami Marlins,2,1
2023-06-09,Milwaukee Brewers,Oakland Athletics,2,5
2023-06-09,St. Louis Cardinals,Cincinnati Reds,7,4
2023-06-09,Colorado Rockies,San Diego Padres,6,9
2023-06-09,Los Angeles Angels,Seattle Mariners,5,4
2023-06-09,San Francisco Giants,Chicago Cubs,2,3
2023-06-10,Detroit Tigers,Arizona Diamondbacks,0,5
2023-06-10,Chicago White Sox,Miami Marlins,1,5
2023-06-10,St. Louis Cardinals,Cincinnati Reds,4,8
2023-06-10,Toronto Blue Jays,Minnesota Twins,4,9
2023-06-10,Colorado Rockies,San Diego Padres,2,3
2023-06-10,Baltimore Orioles,Kansas City Royals,6,1
2023-06-10,Pittsburgh Pirates,New York Mets,1,5
2023-06-10,Philadelphia Phillies,Los Angeles Dodgers,0,9
2023-06-10,Tampa Bay Rays,Texas Rangers,4,8
2023-06-10,Atlanta Braves,Washington Nationals,6,4
2023-06-10,Milwaukee Brewers,Oakland Athletics,1,2
2023-06-10,Cleveland Guardians,Houston Astros,4,6
2023-06-10,San Francisco Giants,Chicago Cubs,0,4
2023-06-10,New York Yankees,Boston Red Sox,3,1
2023-06-10,Los Angeles Angels,Seattle Mariners,2,6
2023-06-11,Detroit Tigers,Arizona Diamondbacks,5,7
2023-06-11,Cleveland Guardians,Houston Astros,5,0
2023-06-11,Baltimore Orioles,Kansas City Royals,11,3
2023-06-11,Pittsburgh Pirates,New York Mets,2,1
2023-06-11,Philadelphia Phillies,Los Angeles Dodgers,7,3
2023-06-11,Atlanta Braves,Washington Nationals,2,6
2023-06-11,Toronto Blue Jays,Minnesota Twins,7,6
2023-06-11,Tampa Bay Rays,Texas Rangers,7,3
2023-06-11,Chicago White Sox,Miami Marlins,5,6
2023-06-11,Milwaukee Brewers,Oakland Athletics,6,8
2023-06-11,St. Louis Cardinals,Cincinnati Reds,3,4
2023-06-11,Colorado Rockies,San Diego Padres,5,4
2023-06-11,San Francisco Giants,Chicago Cubs,13,3
2023-06-11,Los Angeles Angels,Seattle Mariners,9,4
2023-06-11,New York Yankees,Boston Red Sox,2,3
2023-06-12,Detroit Tigers,Atlanta Braves,6,5
2023-06-12,Boston Red Sox,Colorado Rockies,3,4
2023-06-12,St. Louis Cardinals,San Francisco Giants,3,4
2023-06-12,Texas Rangers,Los Angeles Angels,6,9
2023-06-12,Kansas City Royals,Cincinnati Reds,4,5
2023-06-12,Oakland Athletics,Tampa Bay Rays,4,3
2023-06-12,Arizona Diamondbacks,Philadelphia Phillies,9,8
2023-06-12,Seattle Mariners,Miami Marlins,8,1
2023-06-13,Baltimore Orioles,Toronto Blue Jays,11,6
2023-06-13,Boston Red Sox,Colorado Rockies,6,7
2023-06-13,New York Mets,New York Yankees,6,7
2023-06-13,Minnesota Twins,Milwaukee Brewers,7,5
2023-06-13,St. Louis Cardinals,San Francisco Giants,3,11
2023-06-13,Chicago Cubs,Pittsburgh Pirates,11,3
2023-06-13,Texas Rangers,Los Angeles Angels,3,7
2023-06-13,Kansas City Royals,Cincinnati Reds,4,5
2023-06-13,Houston Astros,Washington Nationals,6,1
2023-06-13,San Diego Padres,Cleveland Guardians,6,3
2023-06-13,Oakland Athletics,Tampa Bay Rays,2,1
2023-06-13,Arizona Diamondbacks,Philadelphia Phillies,3,15
2023-06-13,Seattle Mariners,Miami Marlins,9,3
2023-06-13,Los Angeles Dodgers,Chicago White Sox,5,1
2023-06-14,Detroit Tigers,Atlanta Braves,7,10
2023-06-14,Detroit Tigers,Atlanta Braves,5,6
2023-06-14,Minnesota Twins,Milwaukee Brewers,4,2
2023-06-14,St. Louis Cardinals,San Francisco Giants,5,8
2023-06-14,Baltimore Orioles,Toronto Blue Jays,1,3
2023-06-14,Boston Red Sox,Colorado Rockies,6,3
2023-06-14,New York Mets,New York Yankees,4,3
2023-06-14,Chicago Cubs,Pittsburgh Pirates,10,6
2023-06-14,Texas Rangers,Los Angeles Angels,6,3
2023-06-14,Kansas City Royals,Cincinnati Reds,4,7
2023-06-14,Houston Astros,Washington Nationals,5,4
2023-06-14,San Diego Padres,Cleveland Guardians,5,0
2023-06-14,Oakland Athletics,Tampa Bay Rays,3,6
2023-06-14,Arizona Diamondbacks,Philadelphia Phillies,3,4
2023-06-14,Seattle Mariners,Miami Marlins,1,4
2023-06-14,Los Angeles Dodgers,Chicago White Sox,4,8
2023-06-15,Baltimore Orioles,Toronto Blue Jays,4,2
2023-06-15,Oakland Athletics,Tampa Bay Rays,3,4
2023-06-15,Arizona Diamondbacks,Philadelphia Phillies,4,5
2023-06-15,Minnesota Twins,Detroit Tigers,4,8
2023-06-15,Atlanta Braves,Colorado Rockies,8,3
2023-06-15,Chicago Cubs,Pittsburgh Pirates,7,2
2023-06-15,Texas Rangers,Los Angeles Angels,3,5
2023-06-15,Houston Astros,Washington Nationals,1,4
2023-06-15,San Diego Padres,Cleveland Guardians,6,8
2023-06-15,Los Angeles Dodgers,Chicago White Sox,5,4
2023-06-16,Chicago Cubs,Baltimore Orioles,10,3
2023-06-16,Washington Nationals,Miami Marlins,5,6
2023-06-16,New York Mets,St. Louis Cardinals,6,1
2023-06-16,Boston Red Sox,New York Yankees,15,5
2023-06-16,Atlanta Braves,Colorado Rockies,8,1
2023-06-16,Texas Rangers,Toronto Blue Jays,1,2
2023-06-16,Houston Astros,Cincinnati Reds,1,2
2023-06-16,Kansas City Royals,Los Angeles Angels,0,3
2023-06-16,Minnesota Twins,Detroit Tigers,1,7
2023-06-16,Milwaukee Brewers,Pittsburgh Pirates,5,4
2023-06-16,Arizona Diamondbacks,Cleveland Guardians,5,1
2023-06-16,San Diego Padres,Tampa Bay Rays,2,6
2023-06-16,Oakland Athletics,Philadelphia Phillies,1,6
2023-06-16,Los Angeles Dodgers,San Francisco Giants,5,7
2023-06-16,Seattle Mariners,Chicago White Sox,3,2
2023-06-17,Minnesota Twins,Detroit Tigers,2,0
2023-06-17,Chicago Cubs,Baltimore Orioles,3,2
2023-06-17,Texas Rangers,Toronto Blue Jays,4,2
2023-06-17,Washington Nationals,Miami Marlins,2,5
2023-06-17,Oakland Athletics,Philadelphia Phillies,2,3
2023-06-17,Houston Astros,Cincinnati Reds,3,10
2023-06-17,Kansas City Royals,Los Angeles Angels,10,9
2023-06-17,New York Mets,St. Louis Cardinals,3,5
2023-06-17,Atlanta Braves,Colorado Rockies,10,2
2023-06-17,Seattle Mariners,Chicago White Sox,3,4
2023-06-17,Milwaukee Brewers,Pittsburgh Pirates,5,0
2023-06-17,San Diego Padres,Tampa Bay Rays,2,0
2023-06-17,Los Angeles Dodgers,San Francisco Giants,0,15
2023-06-17,Arizona Diamondbacks,Cleveland Guardians,6,3
2023-06-18,Chicago Cubs,Baltimore Orioles,3,6
2023-06-18,Atlanta Braves,Colorado Rockies,14,6
2023-06-18,Washington Nationals,Miami Marlins,2,4
2023-06-18,Boston Red Sox,New York Yankees,6,2
2023-06-18,Boston Red Sox,New York Yankees,4,1
2023-06-18,New York Mets,St. Louis Cardinals,7,8
2023-06-18,Houston Astros,Cincinnati Reds,7,9
2023-06-18,Kansas City Royals,Los Angeles Angels,2,5
2023-06-18,Minnesota Twins,Detroit Tigers,4,6
2023-06-18,Milwaukee Brewers,Pittsburgh Pirates,5,2
2023-06-18,Texas Rangers,Toronto Blue Jays,11,7
2023-06-18,Oakland Athletics,Philadelphia Phillies,2,3
2023-06-18,Arizona Diamondbacks,Cleveland Guardians,3,12
2023-06-18,Los Angeles Dodgers,San Francisco Giants,3,7
2023-06-18,San Diego Padres,Tampa Bay Rays,5,4
2023-06-18,Seattle Mariners,Chicago White Sox,5,1
2023-06-19,Washington Nationals,St. Louis Cardinals,6,8
2023-06-19,Detroit Tigers,Kansas City Royals,6,4
2023-06-19,Miami Marlins,Toronto Blue Jays,11,0
2023-06-19,Pittsburgh Pirates,Chicago Cubs,0,8
2023-06-19,Cincinnati Reds,Colorado Rockies,5,4
2023-06-19,Minnesota Twins,Boston Red Sox,3,9
2023-06-19,Houston Astros,New York Mets,1,11
2023-06-19,Chicago White Sox,Texas Rangers,2,5
2023-06-19,Milwaukee Brewers,Arizona Diamondbacks,1,9
2023-06-19,San Francisco Giants,San Diego Padres,7,4
2023-06-20,Detroit Tigers,Kansas City Royals,0,1
2023-06-20,Tampa Bay Rays,Baltimore Orioles,6,8
2023-06-20,Philadelphia Phillies,Atlanta Braves,2,4
2023-06-20,Miami Marlins,Toronto Blue Jays,0,2
2023-06-20,Pittsburgh Pirates,Chicago Cubs,0,4
2023-06-20,Washington Nationals,St. Louis Cardinals,3,9
2023-06-20,New York Yankees,Seattle Mariners,3,1
2023-06-20,Cincinnati Reds,Colorado Rockies,8,6
2023-06-20,Cleveland Guardians,Oakland Athletics,3,2
2023-06-20,Minnesota Twins,Boston Red Sox,4,10
2023-06-20,Houston Astros,New York Mets,4,2
2023-06-20,Chicago White Sox,Texas Rangers,7,6
2023-06-20,Milwaukee Brewers,Arizona Diamondbacks,7,5
2023-06-20,San Francisco Giants,San Diego Padres,4,3
2023-06-20,Los Angeles Angels,Los Angeles Dodgers,0,2
2023-06-21,Tampa Bay Rays,Baltimore Orioles,7,2
2023-06-21,Miami Marlins,Toronto Blue Jays,3,6
2023-06-21,Cincinnati Reds,Colorado Rockies,5,3
2023-06-21,Pittsburgh Pirates,Chicago Cubs,3,8
2023-06-21,Detroit Tigers,Kansas City Royals,9,4
2023-06-21,Houston Astros,New York Mets,10,8
2023-06-21,Milwaukee Brewers,Arizona Diamondbacks,1,5
2023-06-21,Washington Nationals,St. Louis Cardinals,3,0
2023-06-21,New York Yankees,Seattle Mariners,4,2
2023-06-21,Cleveland Guardians,Oakland Athletics,7,6
2023-06-21,Minnesota Twins,Boston Red Sox,5,4
2023-06-21,Chicago White Sox,Texas Rangers,3,6
2023-06-21,Los Angeles Angels,Los Angeles Dodgers,0,2
2023-06-21,San Francisco Giants,San Diego Padres,4,2
2023-06-22,Washington Nationals,Arizona Diamondbacks,3,5
2023-06-22,Philadelphia Phillies,Atlanta Braves,1,5
2023-06-22,Cleveland Guardians,Oakland Athletics,6,1
2023-06-22,Minnesota Twins,Boston Red Sox,6,0
2023-06-22,San Francisco Giants,San Diego Padres,0,10
2023-06-22,Tampa Bay Rays,Kansas City Royals,5,6
2023-06-22,Miami Marlins,Pittsburgh Pirates,6,4
2023-06-22,New York Yankees,Seattle Mariners,2,10
2023-06-23,Tampa Bay Rays,Kansas City Royals,11,3
2023-06-23,Detroit Tigers,Minnesota Twins,1,4
2023-06-23,Cincinnati Reds,Atlanta Braves,11,10
2023-06-23,Miami Marlins,Pittsburgh Pirates,1,3
2023-06-23,Baltimore Orioles,Seattle Mariners,1,13
2023-06-23,Philadelphia Phillies,New York Mets,5,1
2023-06-23,New York Yankees,Texas Rangers,2,4
2023-06-23,Toronto Blue Jays,Oakland Athletics,4,5
2023-06-23,Cleveland Guardians,Milwaukee Brewers,1,7
2023-06-23,Chicago White Sox,Boston Red Sox,1,3
2023-06-23,Colorado Rockies,Los Angeles Angels,7,4
2023-06-23,San Diego Padres,Washington Nationals,13,3
2023-06-23,Los Angeles Dodgers,Houston Astros,3,2
2023-06-23,San Francisco Giants,Arizona Diamondbacks,8,5
2023-06-24,St. Louis Cardinals,Chicago Cubs,1,9
2023-06-24,Baltimore Orioles,Seattle Mariners,6,4
2023-06-24,San Francisco Giants,Arizona Diamondbacks,7,6
2023-06-24,Philadelphia Phillies,New York Mets,2,4
2023-06-24,New York Yankees,Texas Rangers,1,0
2023-06-24,Toronto Blue Jays,Oakland Athletics,7,3
2023-06-24,Tampa Bay Rays,Kansas City Royals,4,9
2023-06-24,Cincinnati Reds,Atlanta Braves,6,7
2023-06-24,Chicago White Sox,Boston Red Sox,5,4
2023-06-24,Miami Marlins,Pittsburgh Pirates,4,3
2023-06-24,Cleveland Guardians,Milwaukee Brewers,4,2
2023-06-24,Los Angeles Dodgers,Houston Astros,8,7
2023-06-24,Detroit Tigers,Minnesota Twins,3,2
2023-06-24,San Diego Padres,Washington Nationals,0,2
2023-06-24,Colorado Rockies,Los Angeles Angels,1,25
2023-06-25,St. Louis Cardinals,Chicago Cubs,7,5
2023-06-25,Detroit Tigers,Minnesota Twins,3,6
2023-06-25,Baltimore Orioles,Seattle Mariners,3,2
2023-06-25,Philadelphia Phillies,New York Mets,7,6
2023-06-25,New York Yankees,Texas Rangers,5,3
2023-06-25,Toronto Blue Jays,Oakland Athletics,12,1
2023-06-25,Tampa Bay Rays,Kansas City Royals,3,1
2023-06-25,Cincinnati Reds,Atlanta Braves,6,7
2023-06-25,Miami Marlins,Pittsburgh Pirates,2,0
2023-06-25,Cleveland Guardians,Milwaukee Brewers,4,5
2023-06-25,Chicago White Sox,Boston Red Sox,4,1
2023-06-25,Colorado Rockies,Los Angeles Angels,4,3
2023-06-25,San Francisco Giants,Arizona Diamondbacks,2,5
2023-06-25,San Diego Padres,Washington Nationals,3,8
2023-06-25,Los Angeles Dodgers,Houston Astros,5,6
2023-06-26,Baltimore Orioles,Cincinnati Reds,10,3
2023-06-26,New York Mets,Milwaukee Brewers,1,2
2023-06-26,Atlanta Braves,Minnesota Twins,4,1
2023-06-26,Texas Rangers,Detroit Tigers,2,7
2023-06-26,Los Angeles Angels,Chicago White Sox,2,1
2023-06-26,Seattle Mariners,Washington Nationals,8,4
2023-06-27,Baltimore Orioles,Cincinnati Reds,1,3
2023-06-27,Pittsburgh Pirates,San Diego Padres,9,4
2023-06-27,Toronto Blue Jays,San Francisco Giants,0,3
2023-06-27,Boston Red Sox,Miami Marlins,1,10
2023-06-27,New York Mets,Milwaukee Brewers,7,2
2023-06-27,Atlanta Braves,Minnesota Twins,6,2
2023-06-27,St. Louis Cardinals,Houston Astros,4,2
2023-06-27,Texas Rangers,Detroit Tigers,8,3
2023-06-27,Chicago Cubs,Philadelphia Phillies,1,5
2023-06-27,Kansas City Royals,Cleveland Guardians,1,2
2023-06-27,Colorado Rockies,Los Angeles Dodgers,0,5
2023-06-27,Los Angeles Angels,Chicago White Sox,4,2
2023-06-27,Seattle Mariners,Washington Nationals,4,7
2023-06-27,Arizona Diamondbacks,Tampa Bay Rays,8,4
2023-06-27,Oakland Athletics,New York Yankees,2,1
2023-06-28,Atlanta Braves,Minnesota Twins,3,0
2023-06-28,Seattle Mariners,Washington Nationals,1,4
2023-06-28,Baltimore Orioles,Cincinnati Reds,7,11
2023-06-28,Pittsburgh Pirates,San Diego Padres,7,1
2023-06-28,Toronto Blue Jays,San Francisco Giants,6,1
2023-06-28,Boston Red Sox,Miami Marlins,2,6
2023-06-28,New York Mets,Milwaukee Brewers,2,5
2023-06-28,St. Louis Cardinals,Houston Astros,7,10
2023-06-28,Texas Rangers,Detroit Tigers,10,2
2023-06-28,Chicago Cubs,Philadelphia Phillies,5,8
2023-06-28,Kansas City Royals,Cleveland Guardians,1,14
2023-06-28,Colorado Rockies,Los Angeles Dodgers,9,8
2023-06-28,Los Angeles Angels,Chicago White Sox,5,11
2023-06-28,Arizona Diamondbacks,Tampa Bay Rays,2,3
2023-06-28,Oakland Athletics,New York Yankees,0,11
2023-06-29,Pittsburgh Pirates,San Diego Padres,5,4
2023-06-29,Texas Rangers,Detroit Tigers,5,8
2023-06-29,Kansas City Royals,Cleveland Guardians,4,3
2023-06-29,Oakland Athletics,New York Yankees,4,10
2023-06-29,Arizona Diamondbacks,Tampa Bay Rays,1,6
2023-06-29,Los Angeles Angels,Chicago White Sox,7,9
2023-06-29,Boston Red Sox,Miami Marlins,0,2
2023-06-29,Toronto Blue Jays,San Francisco Giants,2,1
2023-06-29,New York Mets,Milwaukee Brewers,2,3
2023-06-29,St. Louis Cardinals,Houston Astros,0,14
2023-06-29,Chicago Cubs,Philadelphia Phillies,1,3
2023-06-29,Colorado Rockies,Los Angeles Dodgers,3,14
2023-06-30,Chicago Cubs,Cleveland Guardians,10,1
2023-06-30,Cincinnati Reds,San Diego Padres,7,5
2023-06-30,Philadelphia Phillies,Washington Nationals,1,2
2023-06-30,Baltimore Orioles,Minnesota Twins,1,8
2023-06-30,Pittsburgh Pirates,Milwaukee Brewers,8,7
2023-06-30,Toronto Blue Jays,Boston Red Sox,0,5
2023-06-30,New York Mets,San Francisco Giants,4,5
2023-06-30,Atlanta Braves,Miami Marlins,16,4
2023-06-30,Texas Rangers,Houston Astros,3,5
2023-06-30,Colorado Rockies,Detroit Tigers,8,5
2023-06-30,Kansas City Royals,Los Angeles Dodgers,3,9
2023-06-30,Los Angeles Angels,Arizona Diamondbacks,2,6
2023-06-30,Oakland Athletics,Chicago White Sox,7,4
2023-06-30,Seattle Mariners,Tampa Bay Rays,4,15
2023-07-01,Cincinnati Reds,San Diego Padres,5,12
2023-07-01,St. Louis Cardinals,New York Yankees,11,4
2023-07-01,St. Louis Cardinals,New York Yankees,2,6
2023-07-01,Toronto Blue Jays,Boston Red Sox,6,7
2023-07-01,Texas Rangers,Houston Astros,5,2
2023-07-01,Baltimore Orioles,Minnesota Twins,0,1
2023-07-01,Philadelphia Phillies,Washington Nationals,19,4
2023-07-01,Pittsburgh Pirates,Milwaukee Brewers,8,11
2023-07-01,Oakland Athletics,Chicago White Sox,7,6
2023-07-01,New York Mets,San Francisco Giants,4,1
2023-07-01,Atlanta Braves,Miami Marlins,7,0
2023-07-01,Chicago Cubs,Cleveland Guardians,0,6
2023-07-01,Kansas City Royals,Los Angeles Dodgers,6,4
2023-07-01,Seattle Mariners,Tampa Bay Rays,8,3
2023-07-01,Colorado Rockies,Detroit Tigers,2,4
2023-07-01,Los Angeles Angels,Arizona Diamondbacks,1,3
2023-07-02,Baltimore Orioles,Minnesota Twins,2,1
2023-07-02,Philadelphia Phillies,Washington Nationals,4,5
2023-07-02,Atlanta Braves,Miami Marlins,6,3
2023-07-02,Pittsburgh Pirates,Milwaukee Brewers,3,6
2023-07-02,Toronto Blue Jays,Boston Red Sox,4,5
2023-07-02,Cincinnati Reds,San Diego Padres,4,3
2023-07-02,Kansas City Royals,Los Angeles Dodgers,9,1
2023-07-02,St. Louis Cardinals,New York Yankees,5,1
2023-07-02,Texas Rangers,Houston Astros,3,5
2023-07-02,Colorado Rockies,Detroit Tigers,9,14
2023-07-02,Los Angeles Angels,Arizona Diamondbacks,5,2
2023-07-02,Oakland Athletics,Chicago White Sox,7,8
2023-07-02,Seattle Mariners,Tampa Bay Rays,7,6
2023-07-02,Chicago Cubs,Cleveland Guardians,6,8
2023-07-02,New York Mets,San Francisco Giants,8,4
2023-07-03,Texas Rangers,Houston Astros,11,12
2023-07-03,Milwaukee Brewers,Chicago Cubs,8,6
2023-07-03,Washington Nationals,Cincinnati Reds,2,3
2023-07-03,Miami Marlins,St. Louis Cardinals,5,4
2023-07-03,New York Yankees,Baltimore Orioles,6,3
2023-07-03,Cleveland Guardians,Atlanta Braves,2,4
2023-07-03,Minnesota Twins,Kansas City Royals,8,4
2023-07-03,San Diego Padres,Los Angeles Angels,10,3
2023-07-03,San Francisco Giants,Seattle Mariners,5,6
2023-07-03,Los Angeles Dodgers,Pittsburgh Pirates,5,2
2023-07-04,Washington Nationals,Cincinnati Reds,4,8
2023-07-04,New York Yankees,Baltimore Orioles,8,4
2023-07-04,Miami Marlins,St. Louis Cardinals,15,2
2023-07-04,Boston Red Sox,Texas Rangers,2,6
2023-07-04,Minnesota Twins,Kansas City Royals,9,3
2023-07-04,Houston Astros,Colorado Rockies,4,1
2023-07-04,Arizona Diamondbacks,New York Mets,5,8
2023-07-04,Tampa Bay Rays,Philadelphia Phillies,1,3
2023-07-04,Milwaukee Brewers,Chicago Cubs,6,7
2023-07-04,San Francisco Giants,Seattle Mariners,0,6
2023-07-04,Detroit Tigers,Oakland Athletics,0,1
2023-07-04,San Diego Padres,Los Angeles Angels,8,5
2023-07-04,Cleveland Guardians,Atlanta Braves,6,5
2023-07-04,Chicago White Sox,Toronto Blue Jays,3,4
2023-07-04,Los Angeles Dodgers,Pittsburgh Pirates,7,9
2023-07-05,Houston Astros,Colorado Rockies,6,4
2023-07-05,Detroit Tigers,Oakland Athletics,3,12
2023-07-05,Tampa Bay Rays,Philadelphia Phillies,4,8
2023-07-05,Miami Marlins,St. Louis Cardinals,10,9
2023-07-05,Washington Nationals,Cincinnati Reds,2,9
2023-07-05,New York Yankees,Baltimore Orioles,3,6
2023-07-05,Boston Red Sox,Texas Rangers,4,2
2023-07-05,Cleveland Guardians,Atlanta Braves,1,8
2023-07-05,Minnesota Twins,Kansas City Royals,5,0
2023-07-05,Milwaukee Brewers,Chicago Cubs,3,4
2023-07-05,San Diego Padres,Los Angeles Angels,5,3
2023-07-05,San Francisco Giants,Seattle Mariners,2,0
2023-07-05,Arizona Diamondbacks,New York Mets,1,2
2023-07-05,Los Angeles Dodgers,Pittsburgh Pirates,6,4
2023-07-06,Washington Nationals,Cincinnati Reds,4,5
2023-07-06,Detroit Tigers,Oakland Athletics,9,0
2023-07-06,Milwaukee Brewers,Chicago Cubs,6,5
2023-07-06,Chicago White Sox,Toronto Blue Jays,2,6
2023-07-06,Chicago White Sox,Toronto Blue Jays,4,5
2023-07-06,Tampa Bay Rays,Philadelphia Phillies,1,3
2023-07-06,Miami Marlins,St. Louis Cardinals,0,3
2023-07-06,New York Yankees,Baltimore Orioles,1,14
2023-07-06,Cleveland Guardians,Kansas City Royals,6,1
2023-07-06,Boston Red Sox,Texas Rangers,10,6
2023-07-06,Houston Astros,Seattle Mariners,1,5
2023-07-06,Arizona Diamondbacks,New York Mets,0,9
2023-07-06,Los Angeles Dodgers,Pittsburgh Pirates,5,2
2023-07-07,Detroit Tigers,Toronto Blue Jays,2,12
2023-07-07,Tampa Bay Rays,Atlanta Braves,1,2
2023-07-07,Miami Marlins,Philadelphia Phillies,3,4
2023-07-07,Washington Nationals,Texas Rangers,2,7
2023-07-07,New York Yankees,Chicago Cubs,0,3
2023-07-07,Cleveland Guardians,Kansas City Royals,3,0
2023-07-07,Boston Red Sox,Oakland Athletics,7,3
2023-07-07,Houston Astros,Seattle Mariners,1,10
2023-07-07,Minnesota Twins,Baltimore Orioles,1,3
2023-07-07,Chicago White Sox,St. Louis Cardinals,8,7
2023-07-07,Milwaukee Brewers,Cincinnati Reds,7,3
2023-07-07,Arizona Diamondbacks,Pittsburgh Pirates,7,3
2023-07-07,San Diego Padres,New York Mets,5,7
2023-07-07,Los Angeles Dodgers,Los Angeles Angels,11,4
2023-07-07,San Francisco Giants,Colorado Rockies,2,5
2023-07-08,New York Yankees,Chicago Cubs,6,3
2023-07-08,Detroit Tigers,Toronto Blue Jays,2,0
2023-07-08,Minnesota Twins,Baltimore Orioles,2,6
2023-07-08,Chicago White Sox,St. Louis Cardinals,0,3
2023-07-08,San Francisco Giants,Colorado Rockies,5,3
2023-07-08,Washington Nationals,Texas Rangers,8,3
2023-07-08,Cleveland Guardians,Kansas City Royals,10,6
2023-07-08,Boston Red Sox,Oakland Athletics,10,3
2023-07-08,Arizona Diamondbacks,Pittsburgh Pirates,3,2
2023-07-08,Miami Marlins,Philadelphia Phillies,5,3
2023-07-08,Milwaukee Brewers,Cincinnati Reds,5,8
2023-07-08,Houston Astros,Seattle Mariners,3,2
2023-07-08,Tampa Bay Rays,Atlanta Braves,1,6
2023-07-08,Los Angeles Dodgers,Los Angeles Angels,10,5
2023-07-08,San Diego Padres,New York Mets,3,1
2023-07-09,Washington Nationals,Texas Rangers,7,2
2023-07-09,Boston Red Sox,Oakland Athletics,4,3
2023-07-09,New York Yankees,Chicago Cubs,4,7
2023-07-09,Cleveland Guardians,Kansas City Royals,1,4
2023-07-09,Detroit Tigers,Toronto Blue Jays,3,4
2023-07-09,Tampa Bay Rays,Atlanta Braves,10,4
2023-07-09,Miami Marlins,Philadelphia Phillies,7,3
2023-07-09,Houston Astros,Seattle Mariners,1,3
2023-07-09,Minnesota Twins,Baltimore Orioles,2,15
2023-07-09,Chicago White Sox,St. Louis Cardinals,3,4
2023-07-09,Milwaukee Brewers,Cincinnati Reds,1,0
2023-07-09,San Francisco Giants,Colorado Rockies,1,0
2023-07-09,Arizona Diamondbacks,Pittsburgh Pirates,2,4
2023-07-09,San Diego Padres,New York Mets,6,2
2023-07-14,Philadelphia Phillies,San Diego Padres,3,8
2023-07-14,Pittsburgh Pirates,San Francisco Giants,4,6
2023-07-14,St. Louis Cardinals,Washington Nationals,5,7
2023-07-14,Baltimore Orioles,Miami Marlins,5,2
2023-07-14,Toronto Blue Jays,Arizona Diamondbacks,7,2
2023-07-14,New York Mets,Los Angeles Dodgers,0,6
2023-07-14,Cincinnati Reds,Milwaukee Brewers,0,1
2023-07-14,Atlanta Braves,Chicago White Sox,9,0
2023-07-14,Chicago Cubs,Boston Red Sox,3,8
2023-07-14,Texas Rangers,Cleveland Guardians,12,4
2023-07-14,Colorado Rockies,New York Yankees,7,2
2023-07-14,Los Angeles Angels,Houston Astros,5,7
2023-07-14,Oakland Athletics,Minnesota Twins,4,5
2023-07-14,Seattle Mariners,Detroit Tigers,4,5
2023-07-15,Philadelphia Phillies,San Diego Padres,6,4
2023-07-15,Philadelphia Phillies,San Diego Padres,9,4
2023-07-15,Kansas City Royals,Tampa Bay Rays,1,6
2023-07-15,Kansas City Royals,Tampa Bay Rays,2,4
2023-07-14,St. Louis Cardinals,Washington Nationals,5,7
2023-07-15,Chicago Cubs,Boston Red Sox,10,4
2023-07-15,Toronto Blue Jays,Arizona Diamondbacks,5,2
2023-07-15,Texas Rangers,Cleveland Guardians,2,0
2023-07-15,Pittsburgh Pirates,San Francisco Giants,1,3
2023-07-15,Baltimore Orioles,Miami Marlins,6,5
2023-07-15,Oakland Athletics,Minnesota Twins,7,10
2023-07-15,Cincinnati Reds,Milwaukee Brewers,0,3
2023-07-15,New York Mets,Los Angeles Dodgers,1,5
2023-07-15,St. Louis Cardinals,Washington Nationals,9,6
2023-07-15,Atlanta Braves,Chicago White Sox,5,6
2023-07-15,Colorado Rockies,New York Yankees,3,6
2023-07-15,Los Angeles Angels,Houston Astros,13,12
2023-07-15,Seattle Mariners,Detroit Tigers,0,6
2023-07-16,Pittsburgh Pirates,San Francisco Giants,4,8
2023-07-16,Philadelphia Phillies,San Diego Padres,7,6
2023-07-16,Atlanta Braves,Chicago White Sox,1,8
2023-07-16,Baltimore Orioles,Miami Marlins,5,4
2023-07-16,Toronto Blue Jays,Arizona Diamondbacks,7,5
2023-07-16,Cincinnati Reds,Milwaukee Brewers,3,4
2023-07-16,Kansas City Royals,Tampa Bay Rays,8,4
2023-07-16,St. Louis Cardinals,Washington Nationals,8,4
2023-07-16,Chicago Cubs,Boston Red Sox,5,11
2023-07-16,Texas Rangers,Cleveland Guardians,6,5
2023-07-16,Colorado Rockies,New York Yankees,8,7
2023-07-16,Oakland Athletics,Minnesota Twins,4,5
2023-07-16,Seattle Mariners,Detroit Tigers,2,0
2023-07-16,New York Mets,Los Angeles Dodgers,2,1
2023-07-16,Los Angeles Angels,Houston Astros,8,9
2023-07-17,Baltimore Orioles,Los Angeles Dodgers,4,6
2023-07-17,Pittsburgh Pirates,Cleveland Guardians,0,11
2023-07-17,Cincinnati Reds,San Francisco Giants,2,4
2023-07-17,St. Louis Cardinals,Miami Marlins,6,4
2023-07-17,Chicago Cubs,Washington Nationals,5,7
2023-07-17,Texas Rangers,Tampa Bay Rays,3,2
2023-07-17,Kansas City Royals,Detroit Tigers,2,3
2023-07-17,Los Angeles Angels,New York Yankees,4,3
2023-07-17,Oakland Athletics,Boston Red Sox,0,7
2023-07-17,Seattle Mariners,Minnesota Twins,7,6
2023-07-17,Cincinnati Reds,San Francisco Giants,2,4
2023-07-18,Philadelphia Phillies,Milwaukee Brewers,4,3
2023-07-18,Baltimore Orioles,Los Angeles Dodgers,3,10
2023-07-18,Pittsburgh Pirates,Cleveland Guardians,1,10
2023-07-18,Toronto Blue Jays,San Diego Padres,1,9
2023-07-18,New York Mets,Chicago White Sox,11,10
2023-07-18,Atlanta Braves,Arizona Diamondbacks,13,16
2023-07-18,St. Louis Cardinals,Miami Marlins,5,2
2023-07-18,Chicago Cubs,Washington Nationals,17,3
2023-07-18,Texas Rangers,Tampa Bay Rays,5,3
2023-07-18,Kansas City Royals,Detroit Tigers,11,10
2023-07-18,Colorado Rockies,Houston Astros,4,3
2023-07-18,Los Angeles Angels,New York Yankees,5,1
2023-07-18,Oakland Athletics,Boston Red Sox,3,0
2023-07-18,Seattle Mariners,Minnesota Twins,3,10
2023-07-18,Cincinnati Reds,San Francisco Giants,10,11
2023-07-19,Pittsburgh Pirates,Cleveland Guardians,7,5
2023-07-19,Baltimore Orioles,Los Angeles Dodgers,8,5
2023-07-19,Texas Rangers,Tampa Bay Rays,5,1
2023-07-19,St. Louis Cardinals,Miami Marlins,6,4
2023-07-19,Colorado Rockies,Houston Astros,1,4
2023-07-19,Oakland Athletics,Boston Red Sox,6,5
2023-07-19,Philadelphia Phillies,Milwaukee Brewers,3,5
2023-07-19,Toronto Blue Jays,San Diego Padres,0,2
2023-07-19,Los Angeles Angels,New York Yankees,7,3
2023-07-19,Cincinnati Reds,San Francisco Giants,3,2
2023-07-19,New York Mets,Chicago White Sox,5,1
2023-07-19,Atlanta Braves,Arizona Diamondbacks,3,5
2023-07-19,Chicago Cubs,Washington Nationals,8,3
2023-07-19,Kansas City Royals,Detroit Tigers,2,3
2023-07-19,Seattle Mariners,Minnesota Twins,3,6
2023-07-20,Atlanta Braves,Arizona Diamondbacks,7,5
2023-07-20,Cincinnati Reds,San Francisco Giants,5,1
2023-07-20,Philadelphia Phillies,Milwaukee Brewers,0,4
2023-07-20,Toronto Blue Jays,San Diego Padres,4,0
2023-07-20,New York Mets,Chicago White Sox,2,6
2023-07-20,Kansas City Royals,Detroit Tigers,0,3
2023-07-20,Seattle Mariners,Minnesota Twins,5,0
2023-07-20,Tampa Bay Rays,Baltimore Orioles,3,4
2023-07-20,Chicago Cubs,St. Louis Cardinals,2,7
2023-07-20,Oakland Athletics,Houston Astros,1,3
2023-07-21,Chicago Cubs,St. Louis Cardinals,4,3
2023-07-21,Detroit Tigers,San Diego Padres,4,5
2023-07-21,Tampa Bay Rays,Baltimore Orioles,3,0
2023-07-21,Miami Marlins,Colorado Rockies,1,6
2023-07-21,Washington Nationals,San Francisco Giants,5,3
2023-07-21,New York Yankees,Kansas City Royals,5,4
2023-07-21,Cincinnati Reds,Arizona Diamondbacks,9,6
2023-07-21,Boston Red Sox,New York Mets,4,5
2023-07-21,Cleveland Guardians,Philadelphia Phillies,6,5
2023-07-21,Texas Rangers,Los Angeles Dodgers,5,11
2023-07-21,Minnesota Twins,Chicago White Sox,9,4
2023-07-21,Milwaukee Brewers,Atlanta Braves,4,6
2023-07-21,Los Angeles Angels,Pittsburgh Pirates,8,5
2023-07-21,Oakland Athletics,Houston Astros,4,6
2023-07-21,Seattle Mariners,Toronto Blue Jays,3,2
2023-07-22,New York Yankees,Kansas City Royals,5,2
2023-07-22,Miami Marlins,Colorado Rockies,3,4
2023-07-21,Boston Red Sox,New York Mets,4,5
2023-07-22,Chicago Cubs,St. Louis Cardinals,8,6
2023-07-22,Texas Rangers,Los Angeles Dodgers,3,16
2023-07-22,Cincinnati Reds,Arizona Diamondbacks,4,2
2023-07-22,Tampa Bay Rays,Baltimore Orioles,5,6
2023-07-22,Seattle Mariners,Toronto Blue Jays,9,8
2023-07-22,Detroit Tigers,San Diego Padres,3,14
2023-07-22,Washington Nationals,San Francisco Giants,10,1
2023-07-22,Boston Red Sox,New York Mets,8,6
2023-07-22,Cleveland Guardians,Philadelphia Phillies,1,0
2023-07-22,Minnesota Twins,Chicago White Sox,3,2
2023-07-22,Milwaukee Brewers,Atlanta Braves,4,3
2023-07-22,Oakland Athletics,Houston Astros,4,1
2023-07-22,Los Angeles Angels,Pittsburgh Pirates,0,3
2023-07-23,Detroit Tigers,San Diego Padres,3,1
2023-07-23,Washington Nationals,San Francisco Giants,6,1
2023-07-23,New York Yankees,Kansas City Royals,8,5
2023-07-23,Cincinnati Reds,Arizona Diamondbacks,7,3
2023-07-23,Tampa Bay Rays,Baltimore Orioles,3,5
2023-07-23,Cleveland Guardians,Philadelphia Phillies,5,8
2023-07-23,Miami Marlins,Colorado Rockies,3,2
2023-07-23,Minnesota Twins,Chicago White Sox,5,4
2023-07-23,Milwaukee Brewers,Atlanta Braves,2,4
2023-07-23,Chicago Cubs,St. Louis Cardinals,7,2
2023-07-23,Texas Rangers,Los Angeles Dodgers,8,4
2023-07-23,Oakland Athletics,Houston Astros,2,3
2023-07-23,Los Angeles Angels,Pittsburgh Pirates,7,5
2023-07-23,Seattle Mariners,Toronto Blue Jays,3,4
2023-07-23,Boston Red Sox,New York Mets,6,1
2023-07-24,Detroit Tigers,San Francisco Giants,5,1
2023-07-24,Philadelphia Phillies,Baltimore Orioles,2,3
2023-07-24,Washington Nationals,Colorado Rockies,6,10
2023-07-24,Cleveland Guardians,Kansas City Royals,3,5
2023-07-24,Minnesota Twins,Seattle Mariners,4,3
2023-07-24,Houston Astros,Texas Rangers,10,9
2023-07-24,Milwaukee Brewers,Cincinnati Reds,3,2
2023-07-24,San Diego Padres,Pittsburgh Pirates,4,8
2023-07-24,Arizona Diamondbacks,St. Louis Cardinals,6,10
2023-07-24,Los Angeles Dodgers,Toronto Blue Jays,3,6
2023-07-25,Detroit Tigers,Los Angeles Angels,6,7
2023-07-25,Philadelphia Phillies,Baltimore Orioles,4,3
2023-07-25,Tampa Bay Rays,Miami Marlins,4,1
2023-07-25,Washington Nationals,Colorado Rockies,6,5
2023-07-25,New York Yankees,New York Mets,3,9
2023-07-25,Cleveland Guardians,Kansas City Royals,5,1
2023-07-25,Boston Red Sox,Atlanta Braves,7,1
2023-07-25,Minnesota Twins,Seattle Mariners,7,9
2023-07-25,Houston Astros,Texas Rangers,4,3
2023-07-25,Chicago White Sox,Chicago Cubs,3,7
2023-07-25,Milwaukee Brewers,Cincinnati Reds,3,4
2023-07-25,San Diego Padres,Pittsburgh Pirates,5,1
2023-07-25,Arizona Diamondbacks,St. Louis Cardinals,3,1
2023-07-25,San Francisco Giants,Oakland Athletics,2,1
2023-07-25,Los Angeles Dodgers,Toronto Blue Jays,8,7
2023-07-26,Washington Nationals,Colorado Rockies,5,4
2023-07-26,Tampa Bay Rays,Miami Marlins,1,7
2023-07-26,Cleveland Guardians,Kansas City Royals,8,3
2023-07-26,Minnesota Twins,Seattle Mariners,7,8
2023-07-26,Milwaukee Brewers,Cincinnati Reds,3,0
2023-07-26,Arizona Diamondbacks,St. Louis Cardinals,7,11
2023-07-26,San Diego Padres,Pittsburgh Pirates,2,3
2023-07-26,Los Angeles Dodgers,Toronto Blue Jays,1,8
2023-07-26,Philadelphia Phillies,Baltimore Orioles,6,4
2023-07-26,New York Yankees,New York Mets,3,1
2023-07-26,Boston Red Sox,Atlanta Braves,5,3
2023-07-26,Houston Astros,Texas Rangers,5,13
2023-07-26,Chicago White Sox,Chicago Cubs,7,10
2023-07-26,San Francisco Giants,Oakland Athletics,8,3
2023-07-27,Detroit Tigers,Los Angeles Angels,0,6
2023-07-27,Detroit Tigers,Los Angeles Angels,4,11
2023-07-27,New York Mets,Washington Nationals,2,1
2023-07-27,St. Louis Cardinals,Chicago Cubs,3,10
2023-07-27,Chicago White Sox,Cleveland Guardians,3,6
2023-07-28,Miami Marlins,Detroit Tigers,6,5
2023-07-28,Pittsburgh Pirates,Philadelphia Phillies,1,2
2023-07-28,Baltimore Orioles,New York Yankees,1,0
2023-07-28,Toronto Blue Jays,Los Angeles Angels,4,1
2023-07-28,New York Mets,Washington Nationals,5,1
2023-07-28,Chicago White Sox,Cleveland Guardians,3,0
2023-07-28,Atlanta Braves,Milwaukee Brewers,10,7
2023-07-28,Houston Astros,Tampa Bay Rays,3,4
2023-07-28,Kansas City Royals,Minnesota Twins,8,5
2023-07-28,St. Louis Cardinals,Chicago Cubs,2,3
2023-07-28,Colorado Rockies,Oakland Athletics,5,8
2023-07-28,Arizona Diamondbacks,Seattle Mariners,2,5
2023-07-28,San Diego Padres,Texas Rangers,7,1
2023-07-28,Los Angeles Dodgers,Cincinnati Reds,5,6
2023-07-28,San Francisco Giants,Boston Red Sox,2,3
2023-07-29,Toronto Blue Jays,Los Angeles Angels,6,1
2023-07-29,Miami Marlins,Detroit Tigers,0,5
2023-07-29,Pittsburgh Pirates,Philadelphia Phillies,7,6
2023-07-29,New York Mets,Washington Nationals,6,11
2023-07-29,Kansas City Royals,Minnesota Twins,10,7
2023-07-29,Chicago White Sox,Cleveland Guardians,7,2
2023-07-29,San Francisco Giants,Boston Red Sox,3,2
2023-07-29,St. Louis Cardinals,Chicago Cubs,1,5
2023-07-29,Houston Astros,Tampa Bay Rays,17,4
2023-07-29,Baltimore Orioles,New York Yankees,3,8
2023-07-29,Atlanta Braves,Milwaukee Brewers,11,5
2023-07-29,Colorado Rockies,Oakland Athletics,3,11
2023-07-29,Arizona Diamondbacks,Seattle Mariners,4,3
2023-07-29,San Diego Padres,Texas Rangers,4,0
2023-07-29,Los Angeles Dodgers,Cincinnati Reds,3,2
2023-07-30,Toronto Blue Jays,Los Angeles Angels,2,3
2023-07-30,Pittsburgh Pirates,Philadelphia Phillies,6,4
2023-07-30,Atlanta Braves,Milwaukee Brewers,8,6
2023-07-30,New York Mets,Washington Nationals,5,2
2023-07-30,Miami Marlins,Detroit Tigers,8,6
2023-07-30,Houston Astros,Tampa Bay Rays,2,8
2023-07-30,Kansas City Royals,Minnesota Twins,2,1
2023-07-30,Chicago White Sox,Cleveland Guardians,0,5
2023-07-30,St. Louis Cardinals,Chicago Cubs,3,0
2023-07-30,Colorado Rockies,Oakland Athletics,2,0
2023-07-30,San Francisco Giants,Boston Red Sox,4,3
2023-07-30,Los Angeles Dodgers,Cincinnati Reds,0,9
2023-07-30,Arizona Diamondbacks,Seattle Mariners,0,4
2023-07-30,San Diego Padres,Texas Rangers,5,3
2023-07-30,Baltimore Orioles,New York Yankees,9,3
2023-07-31,Miami Marlins,Philadelphia Phillies,2,4
2023-07-31,New York Yankees,Tampa Bay Rays,1,5
2023-07-31,Washington Nationals,Milwaukee Brewers,5,3
2023-07-31,Toronto Blue Jays,Baltimore Orioles,2,4
2023-07-31,Atlanta Braves,Los Angeles Angels,1,4
2023-07-31,Chicago Cubs,Cincinnati Reds,5,6
2023-07-31,Houston Astros,Cleveland Guardians,7,3
2023-07-31,Colorado Rockies,San Diego Padres,4,3
2023-07-31,Seattle Mariners,Boston Red Sox,6,2
2023-07-31,San Francisco Giants,Arizona Diamondbacks,3,4
2023-08-01,Miami Marlins,Philadelphia Phillies,1,3
2023-08-01,Pittsburgh Pirates,Detroit Tigers,4,1
2023-08-01,New York Yankees,Tampa Bay Rays,2,5
2023-08-01,Washington Nationals,Milwaukee Brewers,4,6
2023-08-01,Toronto Blue Jays,Baltimore Orioles,3,13
2023-08-01,Atlanta Braves,Los Angeles Angels,5,1
2023-08-01,St. Louis Cardinals,Minnesota Twins,2,3
2023-08-01,Chicago Cubs,Cincinnati Reds,20,9
2023-08-01,Texas Rangers,Chicago White Sox,2,0
2023-08-01,Houston Astros,Cleveland Guardians,2,0
2023-08-01,Kansas City Royals,New York Mets,7,6
2023-08-01,Colorado Rockies,San Diego Padres,5,8
2023-08-01,Seattle Mariners,Boston Red Sox,4,6
2023-08-01,San Francisco Giants,Arizona Diamondbacks,4,3
2023-08-01,Los Angeles Dodgers,Oakland Athletics,7,3
2023-08-02,Atlanta Braves,Los Angeles Angels,12,5
2023-08-02,Pittsburgh Pirates,Detroit Tigers,3,6
2023-08-02,Washington Nationals,Milwaukee Brewers,3,2
2023-08-02,Houston Astros,Cleveland Guardians,3,2
2023-08-02,Colorado Rockies,San Diego Padres,1,11
2023-08-02,Seattle Mariners,Boston Red Sox,6,3
2023-08-02,Miami Marlins,Philadelphia Phillies,9,8
2023-08-02,New York Yankees,Tampa Bay Rays,7,2
2023-08-02,Toronto Blue Jays,Baltimore Orioles,4,1
2023-08-02,St. Louis Cardinals,Minnesota Twins,7,3
2023-08-02,Chicago Cubs,Cincinnati Reds,16,6
2023-08-02,Texas Rangers,Chicago White Sox,11,1
2023-08-02,Kansas City Royals,New York Mets,4,0
2023-08-02,San Francisco Giants,Arizona Diamondbacks,4,2
2023-08-02,Los Angeles Dodgers,Oakland Athletics,10,1
2023-08-03,Miami Marlins,Philadelphia Phillies,2,4
2023-08-03,Texas Rangers,Chicago White Sox,5,3
2023-08-03,Kansas City Royals,New York Mets,9,2
2023-08-03,Toronto Blue Jays,Baltimore Orioles,1,6
2023-08-03,San Francisco Giants,Arizona Diamondbacks,1,0
2023-08-03,New York Yankees,Houston Astros,4,3
2023-08-03,Milwaukee Brewers,Pittsburgh Pirates,14,1
2023-08-03,St. Louis Cardinals,Minnesota Twins,3,5
2023-08-03,Chicago Cubs,Cincinnati Reds,5,3
2023-08-03,Los Angeles Angels,Seattle Mariners,3,5
2023-08-03,Los Angeles Dodgers,Oakland Athletics,8,2
2023-08-04,Chicago Cubs,Atlanta Braves,0,8
2023-08-04,Cincinnati Reds,Washington Nationals,3,6
2023-08-04,Detroit Tigers,Tampa Bay Rays,0,8
2023-08-04,Baltimore Orioles,New York Mets,10,3
2023-08-04,Philadelphia Phillies,Kansas City Royals,5,7
2023-08-04,New York Yankees,Houston Astros,3,7
2023-08-04,Boston Red Sox,Toronto Blue Jays,3,7
2023-08-04,Cleveland Guardians,Chicago White Sox,4,2
2023-08-04,Texas Rangers,Miami Marlins,6,2
2023-08-04,Minnesota Twins,Arizona Diamondbacks,3,2
2023-08-04,Milwaukee Brewers,Pittsburgh Pirates,4,8
2023-08-04,St. Louis Cardinals,Colorado Rockies,4,9
2023-08-04,Los Angeles Angels,Seattle Mariners,7,9
2023-08-04,San Diego Padres,Los Angeles Dodgers,5,10
2023-08-05,New York Yankees,Houston Astros,3,1
2023-08-05,Detroit Tigers,Tampa Bay Rays,4,2
2023-08-05,Chicago Cubs,Atlanta Braves,8,6
2023-08-05,Texas Rangers,Miami Marlins,9,8
2023-08-05,Cincinnati Reds,Washington Nationals,3,7
2023-08-05,Boston Red Sox,Toronto Blue Jays,4,5
2023-08-05,Philadelphia Phillies,Kansas City Royals,9,6
2023-08-05,Baltimore Orioles,New York Mets,7,3
2023-08-05,Oakland Athletics,San Francisco Giants,2,1
2023-08-05,Minnesota Twins,Arizona Diamondbacks,12,1
2023-08-05,Cleveland Guardians,Chicago White Sox,4,7
2023-08-05,Milwaukee Brewers,Pittsburgh Pirates,3,2
2023-08-05,St. Louis Cardinals,Colorado Rockies,6,2
2023-08-05,San Diego Padres,Los Angeles Dodgers,8,3
2023-08-05,Los Angeles Angels,Seattle Mariners,2,3
2023-08-06,Cleveland Guardians,Chicago White Sox,3,5
2023-08-06,Baltimore Orioles,New York Mets,2,0
2023-08-06,Boston Red Sox,Toronto Blue Jays,1,13
2023-08-06,Philadelphia Phillies,Kansas City Royals,8,4
2023-08-06,New York Yankees,Houston Astros,7,9
2023-08-06,Cincinnati Reds,Washington Nationals,3,6
2023-08-06,Detroit Tigers,Tampa Bay Rays,6,10
2023-08-06,Minnesota Twins,Arizona Diamondbacks,5,3
2023-08-06,Milwaukee Brewers,Pittsburgh Pirates,1,4
2023-08-06,St. Louis Cardinals,Colorado Rockies,0,1
2023-08-06,Chicago Cubs,Atlanta Braves,6,4
2023-08-06,Texas Rangers,Miami Marlins,6,0
2023-08-06,Los Angeles Angels,Seattle Mariners,2,3
2023-08-06,Oakland Athletics,San Francisco Giants,8,6
2023-08-06,San Diego Padres,Los Angeles Dodgers,2,8
2023-08-07,San Diego Padres,Los Angeles Dodgers,7,13
2023-08-07,Detroit Tigers,Minnesota Twins,3,9
2023-08-07,Cincinnati Reds,Miami Marlins,5,2
2023-08-07,Pittsburgh Pirates,Atlanta Braves,7,6
2023-08-07,Boston Red Sox,Kansas City Royals,6,2
2023-08-07,New York Mets,Chicago Cubs,11,2
2023-08-07,Cleveland Guardians,Toronto Blue Jays,1,3
2023-08-07,Chicago White Sox,New York Yankees,5,1
2023-08-07,Milwaukee Brewers,Colorado Rockies,12,1
2023-08-07,Los Angeles Angels,San Francisco Giants,3,8
2023-08-07,Oakland Athletics,Texas Rangers,3,5
2023-08-08,Philadelphia Phillies,Washington Nationals,8,4
2023-08-08,Philadelphia Phillies,Washington Nationals,4,5
2023-08-08,Tampa Bay Rays,St. Louis Cardinals,4,2
2023-08-08,Detroit Tigers,Minnesota Twins,6,0
2023-08-08,Cincinnati Reds,Miami Marlins,2,3
2023-08-08,Baltimore Orioles,Houston Astros,6,7
2023-08-08,Pittsburgh Pirates,Atlanta Braves,6,8
2023-08-08,Boston Red Sox,Kansas City Royals,3,9
2023-08-08,New York Mets,Chicago Cubs,2,3
2023-08-08,Cleveland Guardians,Toronto Blue Jays,1,0
2023-08-08,Chicago White Sox,New York Yankees,1,7
2023-08-08,Milwaukee Brewers,Colorado Rockies,3,7
2023-08-08,Los Angeles Angels,San Francisco Giants,7,5
2023-08-08,Arizona Diamondbacks,Los Angeles Dodgers,4,5
2023-08-08,Seattle Mariners,San Diego Padres,2,0
2023-08-08,Oakland Athletics,Texas Rangers,1,6
2023-08-09,Cincinnati Reds,Miami Marlins,4,5
2023-08-09,Milwaukee Brewers,Colorado Rockies,7,6
2023-08-09,Oakland Athletics,Texas Rangers,2,0
2023-08-09,Tampa Bay Rays,St. Louis Cardinals,4,6
2023-08-09,Detroit Tigers,Minnesota Twins,9,5
2023-08-09,Philadelphia Phillies,Washington Nationals,7,0
2023-08-09,Baltimore Orioles,Houston Astros,2,8
2023-08-09,Pittsburgh Pirates,Atlanta Braves,5,6
2023-08-09,Boston Red Sox,Kansas City Royals,4,3
2023-08-09,New York Mets,Chicago Cubs,4,3
2023-08-09,Cleveland Guardians,Toronto Blue Jays,0,1
2023-08-09,Chicago White Sox,New York Yankees,9,2
2023-08-09,Los Angeles Angels,San Francisco Giants,4,1
2023-08-09,Arizona Diamondbacks,Los Angeles Dodgers,0,2
2023-08-09,Seattle Mariners,San Diego Padres,6,1
2023-08-10,Baltimore Orioles,Houston Astros,5,4
2023-08-10,Pittsburgh Pirates,Atlanta Braves,7,5
2023-08-10,Cleveland Guardians,Toronto Blue Jays,4,3
2023-08-10,Detroit Tigers,Minnesota Twins,3,0
2023-08-10,Tampa Bay Rays,St. Louis Cardinals,2,5
2023-08-10,Philadelphia Phillies,Washington Nationals,6,2
2023-08-10,Boston Red Sox,Kansas City Royals,2,0
2023-08-10,Los Angeles Dodgers,Colorado Rockies,2,1
2023-08-11,Tampa Bay Rays,Cleveland Guardians,9,8
2023-08-11,Miami Marlins,New York Yankees,4,9
2023-08-11,Washington Nationals,Oakland Athletics,8,2
2023-08-11,Pittsburgh Pirates,Cincinnati Reds,2,9
2023-08-11,Philadelphia Phillies,Minnesota Twins,13,2
2023-08-11,Toronto Blue Jays,Chicago Cubs,2,6
2023-08-11,Boston Red Sox,Detroit Tigers,5,2
2023-08-11,New York Mets,Atlanta Braves,0,7
2023-08-11,Houston Astros,Los Angeles Angels,11,3
2023-08-11,Kansas City Royals,St. Louis Cardinals,12,8
2023-08-11,Chicago White Sox,Milwaukee Brewers,6,7
2023-08-11,Arizona Diamondbacks,San Diego Padres,5,10
2023-08-11,Los Angeles Dodgers,Colorado Rockies,6,1
2023-08-11,Seattle Mariners,Baltimore Orioles,9,2
2023-08-11,San Francisco Giants,Texas Rangers,1,2
2023-08-12,New York Mets,Atlanta Braves,3,21
2023-08-12,New York Mets,Atlanta Braves,0,6
2023-08-12,Toronto Blue Jays,Chicago Cubs,4,5
2023-08-12,Boston Red Sox,Detroit Tigers,2,6
2023-08-12,Tampa Bay Rays,Cleveland Guardians,6,5
2023-08-12,Miami Marlins,New York Yankees,3,1
2023-08-12,Philadelphia Phillies,Minnesota Twins,1,8
2023-08-12,Washington Nationals,Oakland Athletics,3,2
2023-08-12,Kansas City Royals,St. Louis Cardinals,4,5
2023-08-12,Houston Astros,Los Angeles Angels,11,3
2023-08-12,Chicago White Sox,Milwaukee Brewers,2,3
2023-08-12,Arizona Diamondbacks,San Diego Padres,3,0
2023-08-12,San Francisco Giants,Texas Rangers,3,9
2023-08-12,Los Angeles Dodgers,Colorado Rockies,4,1
2023-08-12,Seattle Mariners,Baltimore Orioles,0,1
2023-08-13,Boston Red Sox,Detroit Tigers,6,3
2023-08-13,Washington Nationals,Oakland Athletics,8,7
2023-08-13,Pittsburgh Pirates,Cincinnati Reds,4,2
2023-08-13,Pittsburgh Pirates,Cincinnati Reds,5,6
2023-08-13,Philadelphia Phillies,Minnesota Twins,0,3
2023-08-13,Toronto Blue Jays,Chicago Cubs,11,4
2023-08-13,Tampa Bay Rays,Cleveland Guardians,2,9
2023-08-13,Miami Marlins,New York Yankees,8,7
2023-08-13,Houston Astros,Los Angeles Angels,1,2
2023-08-13,Chicago White Sox,Milwaukee Brewers,3,7
2023-08-13,San Francisco Giants,Texas Rangers,3,2
2023-08-13,Los Angeles Dodgers,Colorado Rockies,8,3
2023-08-13,Arizona Diamondbacks,San Diego Padres,5,4
2023-08-13,Seattle Mariners,Baltimore Orioles,3,5
2023-08-13,New York Mets,Atlanta Braves,7,6
2023-08-14,Miami Marlins,Houston Astros,5,1
2023-08-14,New York Mets,Pittsburgh Pirates,7,2
2023-08-14,Atlanta Braves,New York Yankees,11,3
2023-08-14,St. Louis Cardinals,Oakland Athletics,7,5
2023-08-14,Texas Rangers,Los Angeles Angels,12,0
2023-08-14,Kansas City Royals,Seattle Mariners,7,6
2023-08-14,Colorado Rockies,Arizona Diamondbacks,6,4
2023-08-14,San Diego Padres,Baltimore Orioles,1,4
2023-08-14,San Francisco Giants,Tampa Bay Rays,2,10
2023-08-15,Cincinnati Reds,Cleveland Guardians,0,3
2023-08-15,Miami Marlins,Houston Astros,5,6
2023-08-15,Washington Nationals,Boston Red Sox,4,5
2023-08-15,Toronto Blue Jays,Philadelphia Phillies,2,1
2023-08-15,New York Mets,Pittsburgh Pirates,4,7
2023-08-15,Atlanta Braves,New York Yankees,5,0
2023-08-15,Minnesota Twins,Detroit Tigers,5,3
2023-08-15,St. Louis Cardinals,Oakland Athletics,6,2
2023-08-15,Texas Rangers,Los Angeles Angels,7,3
2023-08-15,Chicago Cubs,Chicago White Sox,3,5
2023-08-15,Kansas City Royals,Seattle Mariners,8,10
2023-08-15,Colorado Rockies,Arizona Diamondbacks,5,8
2023-08-15,San Diego Padres,Baltimore Orioles,10,3
2023-08-15,San Francisco Giants,Tampa Bay Rays,7,0
2023-08-15,Los Angeles Dodgers,Milwaukee Brewers,6,2
2023-08-16,New York Mets,Pittsburgh Pirates,8,3
2023-08-16,Minnesota Twins,Detroit Tigers,7,8
2023-08-16,Colorado Rockies,Arizona Diamondbacks,7,9
2023-08-16,San Francisco Giants,Tampa Bay Rays,1,6
2023-08-16,Cincinnati Reds,Cleveland Guardians,7,2
2023-08-16,Miami Marlins,Houston Astros,5,12
2023-08-16,St. Louis Cardinals,Oakland Athletics,0,8
2023-08-16,Washington Nationals,Boston Red Sox,6,2
2023-08-16,Toronto Blue Jays,Philadelphia Phillies,4,9
2023-08-16,Atlanta Braves,New York Yankees,2,0
2023-08-16,Texas Rangers,Los Angeles Angels,0,2
2023-08-16,Chicago Cubs,Chicago White Sox,4,3
2023-08-16,Kansas City Royals,Seattle Mariners,5,6
2023-08-16,San Diego Padres,Baltimore Orioles,5,2
2023-08-16,Los Angeles Dodgers,Milwaukee Brewers,7,1
2023-08-17,Kansas City Royals,Seattle Mariners,4,6
2023-08-17,Washington Nationals,Boston Red Sox,10,7
2023-08-17,St. Louis Cardinals,New York Mets,2,4
2023-08-17,San Diego Padres,Arizona Diamondbacks,1,3
2023-08-17,Los Angeles Dodgers,Milwaukee Brewers,1,0
2023-08-18,Chicago Cubs,Kansas City Royals,3,4
2023-08-18,Cleveland Guardians,Detroit Tigers,2,4
2023-08-18,Cleveland Guardians,Detroit Tigers,4,1
2023-08-18,Cincinnati Reds,Toronto Blue Jays,1,0
2023-08-18,Washington Nationals,Philadelphia Phillies,8,7
2023-08-18,New York Yankees,Boston Red Sox,3,8
2023-08-18,Atlanta Braves,San Francisco Giants,4,0
2023-08-18,Texas Rangers,Milwaukee Brewers,8,9
2023-08-18,Houston Astros,Seattle Mariners,0,2
2023-08-18,Minnesota Twins,Pittsburgh Pirates,5,1
2023-08-18,St. Louis Cardinals,New York Mets,1,7
2023-08-18,Colorado Rockies,Chicago White Sox,14,1
2023-08-18,Los Angeles Angels,Tampa Bay Rays,6,9
2023-08-18,Oakland Athletics,Baltimore Orioles,4,9
2023-08-18,San Diego Padres,Arizona Diamondbacks,4,0
2023-08-18,Los Angeles Dodgers,Miami Marlins,3,11
2023-08-19,New York Yankees,Boston Red Sox,1,8
2023-08-19,Chicago Cubs,Kansas City Royals,6,4
2023-08-19,Los Angeles Dodgers,Miami Marlins,3,1
2023-08-19,Los Angeles Dodgers,Miami Marlins,3,1
2023-08-19,San Diego Padres,Arizona Diamondbacks,4,6
2023-08-19,San Diego Padres,Arizona Diamondbacks,1,8
2023-08-19,Washington Nationals,Philadelphia Phillies,3,12
2023-08-19,Texas Rangers,Milwaukee Brewers,1,6
2023-08-19,Los Angeles Angels,Tampa Bay Rays,7,6
2023-08-19,Los Angeles Angels,Tampa Bay Rays,4,18
2023-08-19,Cincinnati Reds,Toronto Blue Jays,3,4
2023-08-19,Cleveland Guardians,Detroit Tigers,3,4
2023-08-19,Houston Astros,Seattle Mariners,3,10
2023-08-19,Minnesota Twins,Pittsburgh Pirates,4,7
2023-08-19,St. Louis Cardinals,New York Mets,2,13
2023-08-19,Atlanta Braves,San Francisco Giants,6,5
2023-08-19,Colorado Rockies,Chicago White Sox,11,5
2023-08-19,Oakland Athletics,Baltimore Orioles,2,7
2023-08-20,Houston Astros,Seattle Mariners,6,7
2023-08-20,Atlanta Braves,San Francisco Giants,3,4
2023-08-20,New York Yankees,Boston Red Sox,5,6
2023-08-20,Cleveland Guardians,Detroit Tigers,1,4
2023-08-20,Cincinnati Reds,Toronto Blue Jays,3,10
2023-08-20,Minnesota Twins,Pittsburgh Pirates,2,0
2023-08-20,St. Louis Cardinals,New York Mets,7,3
2023-08-20,Chicago Cubs,Kansas City Royals,4,3
2023-08-20,Texas Rangers,Milwaukee Brewers,2,6
2023-08-20,Colorado Rockies,Chicago White Sox,5,10
2023-08-20,Oakland Athletics,Baltimore Orioles,1,12
2023-08-20,Washington Nationals,Philadelphia Phillies,4,3
2023-08-21,Detroit Tigers,Chicago Cubs,6,7
2023-08-21,Philadelphia Phillies,San Francisco Giants,10,4
2023-08-21,Pittsburgh Pirates,St. Louis Cardinals,11,1
2023-08-21,Atlanta Braves,New York Mets,4,10
2023-08-21,Houston Astros,Boston Red Sox,9,4
2023-08-21,Chicago White Sox,Seattle Mariners,2,14
2023-08-21,Oakland Athletics,Kansas City Royals,6,4
2023-08-21,Arizona Diamondbacks,Texas Rangers,4,3
2023-08-21,San Diego Padres,Miami Marlins,6,2
2023-08-22,Detroit Tigers,Chicago Cubs,8,6
2023-08-22,Tampa Bay Rays,Colorado Rockies,12,4
2023-08-22,Philadelphia Phillies,San Francisco Giants,4,3
2023-08-22,Pittsburgh Pirates,St. Louis Cardinals,6,3
2023-08-22,Baltimore Orioles,Toronto Blue Jays,3,6
2023-08-22,New York Yankees,Washington Nationals,1,2
2023-08-22,Cleveland Guardians,Los Angeles Dodgers,8,3
2023-08-22,Atlanta Braves,New York Mets,3,2
2023-08-22,Houston Astros,Boston Red Sox,7,3
2023-08-22,Chicago White Sox,Seattle Mariners,3,6
2023-08-22,Milwaukee Brewers,Minnesota Twins,7,3
2023-08-22,Los Angeles Angels,Cincinnati Reds,3,4
2023-08-22,Oakland Athletics,Kansas City Royals,5,4
2023-08-22,Arizona Diamondbacks,Texas Rangers,6,3
2023-08-22,San Diego Padres,Miami Marlins,0,3
2023-08-23,Pittsburgh Pirates,St. Louis Cardinals,4,6
2023-08-23,Detroit Tigers,Chicago Cubs,4,6
2023-08-23,Chicago White Sox,Seattle Mariners,5,4
2023-08-23,Milwaukee Brewers,Minnesota Twins,8,7
2023-08-23,Oakland Athletics,Kansas City Royals,0,4
2023-08-23,Philadelphia Phillies,San Francisco Giants,6,8
2023-08-23,Los Angeles Angels,Cincinnati Reds,4,9
2023-08-23,Los Angeles Angels,Cincinnati Reds,3,7
2023-08-23,San Diego Padres,Miami Marlins,4,0
2023-08-23,Tampa Bay Rays,Colorado Rockies,6,5
2023-08-23,Baltimore Orioles,Toronto Blue Jays,7,0
2023-08-23,New York Yankees,Washington Nationals,9,1
2023-08-23,Cleveland Guardians,Los Angeles Dodgers,1,6
2023-08-23,Atlanta Braves,New York Mets,7,0
2023-08-23,Houston Astros,Boston Red Sox,5,7
2023-08-23,Cleveland Guardians,Los Angeles Dodgers,1,6
2023-08-24,New York Yankees,Washington Nationals,5,6
2023-08-24,Tampa Bay Rays,Colorado Rockies,5,3
2023-08-24,Houston Astros,Boston Red Sox,1,17
2023-08-24,Cleveland Guardians,Los Angeles Dodgers,3,9
2023-08-24,Pittsburgh Pirates,Chicago Cubs,4,5
2023-08-24,Baltimore Orioles,Toronto Blue Jays,5,3
2023-08-24,Minnesota Twins,Texas Rangers,7,5
2023-08-24,Chicago White Sox,Oakland Athletics,5,8
2023-08-24,Arizona Diamondbacks,Cincinnati Reds,3,2
2023-08-25,Detroit Tigers,Houston Astros,4,1
2023-08-25,Miami Marlins,Washington Nationals,4,7
2023-08-25,Tampa Bay Rays,New York Yankees,2,6
2023-08-25,Baltimore Orioles,Colorado Rockies,5,4
2023-08-25,Pittsburgh Pirates,Chicago Cubs,2,1
2023-08-25,Philadelphia Phillies,St. Louis Cardinals,7,2
2023-08-25,Toronto Blue Jays,Cleveland Guardians,2,5
2023-08-25,Boston Red Sox,Los Angeles Dodgers,4,7
2023-08-25,New York Mets,Los Angeles Angels,1,3
2023-08-25,Chicago White Sox,Oakland Athletics,4,12
2023-08-25,Minnesota Twins,Texas Rangers,12,2
2023-08-25,Milwaukee Brewers,San Diego Padres,7,3
2023-08-25,Arizona Diamondbacks,Cincinnati Reds,10,8
2023-08-25,Seattle Mariners,Kansas City Royals,7,5
2023-08-25,San Francisco Giants,Atlanta Braves,1,5
2023-08-26,Toronto Blue Jays,Cleveland Guardians,8,3
2023-08-26,San Francisco Giants,Atlanta Braves,3,7
2023-08-26,Boston Red Sox,Los Angeles Dodgers,8,5
2023-08-26,Seattle Mariners,Kansas City Royals,15,2
2023-08-26,Miami Marlins,Washington Nationals,2,3
2023-08-26,Tampa Bay Rays,New York Yankees,3,0
2023-08-26,Detroit Tigers,Houston Astros,2,9
2023-08-26,Baltimore Orioles,Colorado Rockies,5,4
2023-08-26,New York Mets,Los Angeles Angels,3,5
2023-08-26,Chicago White Sox,Oakland Athletics,6,2
2023-08-26,Milwaukee Brewers,San Diego Padres,5,4
2023-08-26,Pittsburgh Pirates,Chicago Cubs,6,10
2023-08-26,Minnesota Twins,Texas Rangers,2,6
2023-08-26,Philadelphia Phillies,St. Louis Cardinals,12,1
2023-08-26,Arizona Diamondbacks,Cincinnati Reds,7,8
2023-08-27,New York Mets,Los Angeles Angels,3,2
2023-08-27,Baltimore Orioles,Colorado Rockies,3,4
2023-08-27,Boston Red Sox,Los Angeles Dodgers,4,7
2023-08-27,Pittsburgh Pirates,Chicago Cubs,1,10
2023-08-27,Philadelphia Phillies,St. Louis Cardinals,3,0
2023-08-27,Toronto Blue Jays,Cleveland Guardians,7,10
2023-08-27,Detroit Tigers,Houston Astros,4,17
2023-08-27,Miami Marlins,Washington Nationals,2,1
2023-08-27,Tampa Bay Rays,New York Yankees,7,4
2023-08-27,Minnesota Twins,Texas Rangers,7,6
2023-08-27,Chicago White Sox,Oakland Athletics,6,1
2023-08-27,Milwaukee Brewers,San Diego Padres,10,6
2023-08-27,Arizona Diamondbacks,Cincinnati Reds,5,2
2023-08-27,Seattle Mariners,Kansas City Royals,3,2
2023-08-27,San Francisco Giants,Atlanta Braves,8,5
2023-08-28,Philadelphia Phillies,Los Angeles Angels,6,4
2023-08-28,Detroit Tigers,New York Yankees,1,4
2023-08-28,Baltimore Orioles,Chicago White Sox,9,0
2023-08-28,Toronto Blue Jays,Washington Nationals,6,3
2023-08-28,Boston Red Sox,Houston Astros,5,13
2023-08-28,New York Mets,Texas Rangers,3,4
2023-08-28,Minnesota Twins,Cleveland Guardians,10,6
2023-08-28,St. Louis Cardinals,San Diego Padres,1,4
2023-08-28,Chicago Cubs,Milwaukee Brewers,2,6
2023-08-28,Kansas City Royals,Pittsburgh Pirates,0,5
2023-08-28,Colorado Rockies,Atlanta Braves,4,14
2023-08-28,Seattle Mariners,Oakland Athletics,7,0
2023-08-28,San Francisco Giants,Cincinnati Reds,4,1
2023-08-28,Los Angeles Dodgers,Arizona Diamondbacks,7,4
2023-08-29,Philadelphia Phillies,Los Angeles Angels,12,7
2023-08-29,Miami Marlins,Tampa Bay Rays,2,11
2023-08-29,Detroit Tigers,New York Yankees,2,4
2023-08-29,Baltimore Orioles,Chicago White Sox,9,3
2023-08-29,Toronto Blue Jays,Washington Nationals,4,5
2023-08-29,Boston Red Sox,Houston Astros,2,6
2023-08-29,New York Mets,Texas Rangers,1,2
2023-08-29,Minnesota Twins,Cleveland Guardians,2,4
2023-08-29,St. Louis Cardinals,San Diego Padres,6,5
2023-08-29,Chicago Cubs,Milwaukee Brewers,1,0
2023-08-29,Kansas City Royals,Pittsburgh Pirates,3,6
2023-08-29,Colorado Rockies,Atlanta Braves,1,3
2023-08-29,Seattle Mariners,Oakland Athletics,1,3
2023-08-29,San Francisco Giants,Cincinnati Reds,6,1
2023-08-29,Los Angeles Dodgers,Arizona Diamondbacks,9,1
2023-08-30,Philadelphia Phillies,Los Angeles Angels,8,10
2023-08-30,Baltimore Orioles,Chicago White Sox,5,10
2023-08-30,Minnesota Twins,Cleveland Guardians,2,5
2023-08-30,St. Louis Cardinals,San Diego Padres,5,4
2023-08-30,Chicago Cubs,Milwaukee Brewers,3,2
2023-08-30,Toronto Blue Jays,Washington Nationals,7,0
2023-08-30,San Francisco Giants,Cincinnati Reds,1,4
2023-08-30,Boston Red Sox,Houston Astros,4,7
2023-08-30,Seattle Mariners,Oakland Athletics,5,4
2023-08-30,New York Mets,Texas Rangers,6,5
2023-08-30,Miami Marlins,Tampa Bay Rays,0,3
2023-08-30,Detroit Tigers,New York Yankees,2,6
2023-08-30,Kansas City Royals,Pittsburgh Pirates,1,4
2023-08-30,Colorado Rockies,Atlanta Braves,3,7
2023-08-30,Los Angeles Dodgers,Arizona Diamondbacks,7,0
2023-08-31,Detroit Tigers,New York Yankees,4,3
2023-08-31,Washington Nationals,Miami Marlins,1,6
2023-08-31,San Diego Padres,San Francisco Giants,2,7
2023-08-31,Los Angeles Dodgers,Atlanta Braves,7,8
2023-09-01,Cincinnati Reds,Chicago Cubs,2,6
2023-09-01,Cincinnati Reds,Chicago Cubs,3,2
2023-09-01,Washington Nationals,Miami Marlins,5,8
2023-09-01,New York Mets,Seattle Mariners,2,1
2023-09-01,Cleveland Guardians,Tampa Bay Rays,3,2
2023-09-01,Texas Rangers,Minnesota Twins,1,5
2023-09-01,Kansas City Royals,Boston Red Sox,13,2
2023-09-01,Chicago White Sox,Detroit Tigers,2,4
2023-09-01,Houston Astros,New York Yankees,2,6
2023-09-01,Milwaukee Brewers,Philadelphia Phillies,7,5
2023-09-01,St. Louis Cardinals,Pittsburgh Pirates,2,4
2023-09-01,Colorado Rockies,Toronto Blue Jays,9,13
2023-09-01,Arizona Diamondbacks,Baltimore Orioles,4,2
2023-09-01,Oakland Athletics,Los Angeles Angels,9,2
2023-09-01,San Diego Padres,San Francisco Giants,7,3
2023-09-01,Los Angeles Dodgers,Atlanta Braves,3,6
2023-09-02,Washington Nationals,Miami Marlins,5,11
2023-09-02,Oakland Athletics,Los Angeles Angels,2,1
2023-09-02,Cleveland Guardians,Tampa Bay Rays,7,6
2023-09-02,Cincinnati Reds,Chicago Cubs,2,1
2023-09-02,Kansas City Royals,Boston Red Sox,5,9
2023-09-02,New York Mets,Seattle Mariners,7,8
2023-09-02,Chicago White Sox,Detroit Tigers,0,10
2023-09-02,Houston Astros,New York Yankees,4,5
2023-09-02,St. Louis Cardinals,Pittsburgh Pirates,6,7
2023-09-02,Texas Rangers,Minnesota Twins,7,9
2023-09-02,Milwaukee Brewers,Philadelphia Phillies,7,5
2023-09-02,Arizona Diamondbacks,Baltimore Orioles,3,7
2023-09-02,Colorado Rockies,Toronto Blue Jays,8,7
2023-09-02,San Diego Padres,San Francisco Giants,6,1
2023-09-02,Los Angeles Dodgers,Atlanta Braves,2,4
2023-09-03,Cincinnati Reds,Chicago Cubs,7,15
2023-09-03,Milwaukee Brewers,Philadelphia Phillies,2,4
2023-09-03,Washington Nationals,Miami Marlins,4,6
2023-09-03,New York Mets,Seattle Mariners,6,3
2023-09-03,Kansas City Royals,Boston Red Sox,3,7
2023-09-03,Chicago White Sox,Detroit Tigers,2,3
2023-09-03,St. Louis Cardinals,Pittsburgh Pirates,6,4
2023-09-03,Texas Rangers,Minnesota Twins,6,5
2023-09-03,Colorado Rockies,Toronto Blue Jays,5,7
2023-09-03,Oakland Athletics,Los Angeles Angels,10,6
2023-09-03,Arizona Diamondbacks,Baltimore Orioles,5,8
2023-09-03,San Diego Padres,San Francisco Giants,4,0
2023-09-03,Cleveland Guardians,Tampa Bay Rays,2,6
2023-09-03,Los Angeles Dodgers,Atlanta Braves,3,1
2023-09-03,Houston Astros,New York Yankees,1,6
2023-09-04,Kansas City Royals,Chicago White Sox,12,1
2023-09-04,Chicago Cubs,San Francisco Giants,5,0
2023-09-04,Texas Rangers,Houston Astros,6,13
2023-09-04,Oakland Athletics,Toronto Blue Jays,5,6
2023-09-04,Arizona Diamondbacks,Colorado Rockies,4,2
2023-09-04,Cincinnati Reds,Seattle Mariners,6,3
2023-09-04,Tampa Bay Rays,Boston Red Sox,3,7
2023-09-04,Cleveland Guardians,Minnesota Twins,6,20
2023-09-04,Pittsburgh Pirates,Milwaukee Brewers,4,2
2023-09-04,San Diego Padres,Philadelphia Phillies,7,9
2023-09-04,Los Angeles Angels,Baltimore Orioles,3,6
2023-09-05,Cleveland Guardians,Minnesota Twins,3,8
2023-09-05,Pittsburgh Pirates,Milwaukee Brewers,3,7
2023-09-05,Cincinnati Reds,Seattle Mariners,7,6
2023-09-05,Tampa Bay Rays,Boston Red Sox,8,6
2023-09-05,Miami Marlins,Los Angeles Dodgers,6,3
2023-09-05,Washington Nationals,New York Mets,5,11
2023-09-05,New York Yankees,Detroit Tigers,5,1
2023-09-05,Atlanta Braves,St. Louis Cardinals,6,10
2023-09-05,Chicago Cubs,San Francisco Giants,11,8
2023-09-05,Kansas City Royals,Chicago White Sox,7,6
2023-09-05,Texas Rangers,Houston Astros,1,14
2023-09-05,Los Angeles Angels,Baltimore Orioles,4,5
2023-09-05,Arizona Diamondbacks,Colorado Rockies,2,3
2023-09-05,Oakland Athletics,Toronto Blue Jays,1,7
2023-09-05,San Diego Padres,Philadelphia Phillies,8,0
2023-09-06,Pittsburgh Pirates,Milwaukee Brewers,5,4
2023-09-06,Cleveland Guardians,Minnesota Twins,2,1
2023-09-06,Chicago Cubs,San Francisco Giants,8,2
2023-09-06,Oakland Athletics,Toronto Blue Jays,5,2
2023-09-06,Arizona Diamondbacks,Colorado Rockies,12,5
2023-09-06,San Diego Padres,Philadelphia Phillies,1,5
2023-09-06,Cincinnati Reds,Seattle Mariners,4,8
2023-09-06,Tampa Bay Rays,Boston Red Sox,3,1
2023-09-06,Miami Marlins,Los Angeles Dodgers,11,4
2023-09-06,Washington Nationals,New York Mets,3,2
2023-09-06,New York Yankees,Detroit Tigers,4,3
2023-09-06,Atlanta Braves,St. Louis Cardinals,6,11
2023-09-06,Kansas City Royals,Chicago White Sox,4,6
2023-09-06,Texas Rangers,Houston Astros,3,12
2023-09-06,Los Angeles Angels,Baltimore Orioles,3,10
2023-09-07,Tampa Bay Rays,Seattle Mariners,0,1
2023-09-07,Miami Marlins,Los Angeles Dodgers,0,10
2023-09-07,New York Yankees,Detroit Tigers,3,10
2023-09-07,Atlanta Braves,St. Louis Cardinals,8,5
2023-09-07,Chicago Cubs,Arizona Diamondbacks,2,6
2023-09-07,Los Angeles Angels,Cleveland Guardians,3,2
2023-09-08,Chicago Cubs,Arizona Diamondbacks,0,1
2023-09-08,Cincinnati Reds,St. Louis Cardinals,4,9
2023-09-08,Tampa Bay Rays,Seattle Mariners,7,4
2023-09-08,Detroit Tigers,Chicago White Sox,0,6
2023-09-08,Washington Nationals,Los Angeles Dodgers,5,8
2023-09-08,Philadelphia Phillies,Miami Marlins,2,3
2023-09-08,New York Yankees,Milwaukee Brewers,2,8
2023-09-08,Toronto Blue Jays,Kansas City Royals,5,4
2023-09-08,Boston Red Sox,Baltimore Orioles,2,11
2023-09-08,Atlanta Braves,Pittsburgh Pirates,8,2
2023-09-08,Texas Rangers,Oakland Athletics,3,6
2023-09-08,Houston Astros,San Diego Padres,2,11
2023-09-08,Minnesota Twins,New York Mets,5,2
2023-09-08,Los Angeles Angels,Cleveland Guardians,3,6
2023-09-08,San Francisco Giants,Colorado Rockies,9,8
2023-09-09,New York Yankees,Milwaukee Brewers,2,9
2023-09-09,Minnesota Twins,New York Mets,8,4
2023-09-09,Chicago Cubs,Arizona Diamondbacks,2,3
2023-09-09,Toronto Blue Jays,Kansas City Royals,5,1
2023-09-09,Washington Nationals,Los Angeles Dodgers,7,6
2023-09-09,Tampa Bay Rays,Seattle Mariners,7,5
2023-09-09,Boston Red Sox,Baltimore Orioles,12,13
2023-09-09,Philadelphia Phillies,Miami Marlins,8,4
2023-09-09,Detroit Tigers,Chicago White Sox,3,1
2023-09-09,Cincinnati Reds,St. Louis Cardinals,3,4
2023-09-09,Texas Rangers,Oakland Athletics,3,2
2023-09-09,Houston Astros,San Diego Padres,7,5
2023-09-09,Atlanta Braves,Pittsburgh Pirates,4,8
2023-09-09,San Francisco Giants,Colorado Rockies,9,1
2023-09-09,Los Angeles Angels,Cleveland Guardians,6,2
2023-09-10,Philadelphia Phillies,Miami Marlins,4,5
2023-09-10,Tampa Bay Rays,Seattle Mariners,6,3
2023-09-10,Detroit Tigers,Chicago White Sox,3,2
2023-09-10,Boston Red Sox,Baltimore Orioles,7,3
2023-09-10,Washington Nationals,Los Angeles Dodgers,3,7
2023-09-10,Atlanta Braves,Pittsburgh Pirates,5,2
2023-09-10,New York Yankees,Milwaukee Brewers,4,3
2023-09-10,Toronto Blue Jays,Kansas City Royals,5,2
2023-09-10,Cincinnati Reds,St. Louis Cardinals,7,1
2023-09-10,Houston Astros,San Diego Padres,12,2
2023-09-10,Minnesota Twins,New York Mets,0,2
2023-09-10,Chicago Cubs,Arizona Diamondbacks,5,2
2023-09-10,Texas Rangers,Oakland Athletics,9,4
2023-09-10,Los Angeles Angels,Cleveland Guardians,2,1
2023-09-10,San Francisco Giants,Colorado Rockies,6,3
2023-09-11,Philadelphia Phillies,Atlanta Braves,8,10
2023-09-11,Philadelphia Phillies,Atlanta Braves,7,5
2023-09-11,Pittsburgh Pirates,Washington Nationals,2,6
2023-09-11,Baltimore Orioles,St. Louis Cardinals,11,5
2023-09-11,Toronto Blue Jays,Texas Rangers,4,10
2023-09-11,New York Mets,Arizona Diamondbacks,3,4
2023-09-11,Minnesota Twins,Tampa Bay Rays,4,7
2023-09-11,Milwaukee Brewers,Miami Marlins,12,0
2023-09-11,Houston Astros,Oakland Athletics,0,4
2023-09-11,Colorado Rockies,Chicago Cubs,4,5
2023-09-11,Seattle Mariners,Los Angeles Angels,5,8
2023-09-11,San Francisco Giants,Cleveland Guardians,5,4
2023-09-11,Los Angeles Dodgers,San Diego Padres,8,11
2023-09-12,Boston Red Sox,New York Yankees,2,3
2023-09-12,Boston Red Sox,New York Yankees,1,4
2023-09-12,Chicago White Sox,Kansas City Royals,6,2
2023-09-12,Chicago White Sox,Kansas City Royals,10,11
2023-09-12,Pittsburgh Pirates,Washington Nationals,5,1
2023-09-12,Baltimore Orioles,St. Louis Cardinals,2,5
2023-09-12,Detroit Tigers,Cincinnati Reds,5,6
2023-09-12,Philadelphia Phillies,Atlanta Braves,6,7
2023-09-12,Toronto Blue Jays,Texas Rangers,3,6
2023-09-12,New York Mets,Arizona Diamondbacks,7,4
2023-09-12,Minnesota Twins,Tampa Bay Rays,3,2
2023-09-12,Milwaukee Brewers,Miami Marlins,3,1
2023-09-12,Houston Astros,Oakland Athletics,2,6
2023-09-12,Colorado Rockies,Chicago Cubs,6,4
2023-09-12,Seattle Mariners,Los Angeles Angels,8,0
2023-09-12,San Francisco Giants,Cleveland Guardians,1,3
2023-09-12,Los Angeles Dodgers,San Diego Padres,11,2
2023-09-13,Minnesota Twins,Tampa Bay Rays,4,5
2023-09-13,Colorado Rockies,Chicago Cubs,7,3
2023-09-13,San Francisco Giants,Cleveland Guardians,6,5
2023-09-13,Seattle Mariners,Los Angeles Angels,3,2
2023-09-13,Pittsburgh Pirates,Washington Nationals,7,6
2023-09-13,Baltimore Orioles,St. Louis Cardinals,0,1
2023-09-13,Detroit Tigers,Cincinnati Reds,3,4
2023-09-13,Philadelphia Phillies,Atlanta Braves,1,4
2023-09-13,Toronto Blue Jays,Texas Rangers,0,10
2023-09-13,New York Mets,Arizona Diamondbacks,7,1
2023-09-13,Houston Astros,Oakland Athletics,6,2
2023-09-13,Chicago White Sox,Kansas City Royals,1,7
2023-09-13,Milwaukee Brewers,Miami Marlins,0,2
2023-09-13,Los Angeles Dodgers,San Diego Padres,1,6
2023-09-14,Pittsburgh Pirates,Washington Nationals,2,0
2023-09-14,Detroit Tigers,Cincinnati Reds,8,2
2023-09-14,Boston Red Sox,New York Yankees,5,0
2023-09-14,Boston Red Sox,New York Yankees,5,8
2023-09-14,Milwaukee Brewers,Miami Marlins,4,2
2023-09-14,New York Mets,Arizona Diamondbacks,11,1
2023-09-14,Toronto Blue Jays,Texas Rangers,2,9
2023-09-14,Baltimore Orioles,Tampa Bay Rays,3,4
2023-09-14,Chicago White Sox,Minnesota Twins,2,10
2023-09-15,Pittsburgh Pirates,New York Yankees,5,7
2023-09-15,Miami Marlins,Atlanta Braves,9,6
2023-09-15,Baltimore Orioles,Tampa Bay Rays,1,7
2023-09-15,Toronto Blue Jays,Boston Red Sox,3,0
2023-09-15,New York Mets,Cincinnati Reds,3,5
2023-09-15,Cleveland Guardians,Texas Rangers,12,3
2023-09-15,Chicago White Sox,Minnesota Twins,2,10
2023-09-15,Kansas City Royals,Houston Astros,4,2
2023-09-15,Milwaukee Brewers,Washington Nationals,5,3
2023-09-15,St. Louis Cardinals,Philadelphia Phillies,4,5
2023-09-15,Colorado Rockies,San Francisco Giants,3,2
2023-09-15,Los Angeles Angels,Detroit Tigers,2,11
2023-09-15,Arizona Diamondbacks,Chicago Cubs,6,4
2023-09-15,Oakland Athletics,San Diego Padres,3,8
2023-09-15,Seattle Mariners,Los Angeles Dodgers,3,6
2023-09-16,Colorado Rockies,San Francisco Giants,9,5
2023-09-16,Colorado Rockies,San Francisco Giants,5,2
2023-09-16,Toronto Blue Jays,Boston Red Sox,4,3
2023-09-16,Oakland Athletics,San Diego Padres,2,5
2023-09-16,Miami Marlins,Atlanta Braves,11,5
2023-09-16,Cleveland Guardians,Texas Rangers,2,1
2023-09-16,Pittsburgh Pirates,New York Yankees,3,6
2023-09-16,Baltimore Orioles,Tampa Bay Rays,8,0
2023-09-16,Kansas City Royals,Houston Astros,10,8
2023-09-16,New York Mets,Cincinnati Reds,2,3
2023-09-16,Chicago White Sox,Minnesota Twins,7,6
2023-09-16,Milwaukee Brewers,Washington Nationals,9,5
2023-09-16,St. Louis Cardinals,Philadelphia Phillies,1,6
2023-09-16,Arizona Diamondbacks,Chicago Cubs,7,6
2023-09-16,Los Angeles Angels,Detroit Tigers,4,5
2023-09-16,Seattle Mariners,Los Angeles Dodgers,2,6
2023-09-17,Baltimore Orioles,Tampa Bay Rays,5,4
2023-09-17,Pittsburgh Pirates,New York Yankees,3,2
2023-09-17,Toronto Blue Jays,Boston Red Sox,3,2
2023-09-17,New York Mets,Cincinnati Reds,8,4
2023-09-17,Cleveland Guardians,Texas Rangers,9,2
2023-09-17,Miami Marlins,Atlanta Braves,16,2
2023-09-17,Kansas City Royals,Houston Astros,1,7
2023-09-17,Chicago White Sox,Minnesota Twins,0,4
2023-09-17,Milwaukee Brewers,Washington Nationals,1,2
2023-09-17,St. Louis Cardinals,Philadelphia Phillies,6,5
2023-09-17,Colorado Rockies,San Francisco Giants,10,11
2023-09-17,Los Angeles Angels,Detroit Tigers,3,5
2023-09-17,Oakland Athletics,San Diego Padres,1,10
2023-09-17,Seattle Mariners,Los Angeles Dodgers,1,6
2023-09-17,Arizona Diamondbacks,Chicago Cubs,6,2
2023-09-18,Kansas City Royals,Cleveland Guardians,6,4
2023-09-18,Cincinnati Reds,Minnesota Twins,7,3
2023-09-18,Miami Marlins,New York Mets,1,2
2023-09-18,Washington Nationals,Chicago White Sox,1,6
2023-09-18,Atlanta Braves,Philadelphia Phillies,1,7
2023-09-18,St. Louis Cardinals,Milwaukee Brewers,1,0
2023-09-18,Texas Rangers,Boston Red Sox,2,4
2023-09-18,Houston Astros,Baltimore Orioles,7,8
2023-09-18,San Diego Padres,Colorado Rockies,11,9
2023-09-18,Oakland Athletics,Seattle Mariners,0,5
2023-09-18,Los Angeles Dodgers,Detroit Tigers,8,3
2023-09-19,Tampa Bay Rays,Los Angeles Angels,6,2
2023-09-19,Cincinnati Reds,Minnesota Twins,0,7
2023-09-19,Miami Marlins,New York Mets,4,3
2023-09-19,Washington Nationals,Chicago White Sox,4,3
2023-09-19,New York Yankees,Toronto Blue Jays,1,7
2023-09-19,Atlanta Braves,Philadelphia Phillies,9,3
2023-09-19,Kansas City Royals,Cleveland Guardians,7,6
2023-09-19,Chicago Cubs,Pittsburgh Pirates,14,1
2023-09-19,St. Louis Cardinals,Milwaukee Brewers,3,7
2023-09-19,Texas Rangers,Boston Red Sox,6,4
2023-09-19,Houston Astros,Baltimore Orioles,5,9
2023-09-19,San Diego Padres,Colorado Rockies,2,0
2023-09-19,Oakland Athletics,Seattle Mariners,2,7
2023-09-19,Arizona Diamondbacks,San Francisco Giants,8,4
2023-09-19,Los Angeles Dodgers,Detroit Tigers,3,2
2023-09-20,Atlanta Braves,Philadelphia Phillies,5,6
2023-09-20,Cincinnati Reds,Minnesota Twins,3,5
2023-09-20,Washington Nationals,Chicago White Sox,13,3
2023-09-20,Texas Rangers,Boston Red Sox,15,5
2023-09-20,Houston Astros,Baltimore Orioles,2,1
2023-09-20,Kansas City Royals,Cleveland Guardians,6,2
2023-09-20,Oakland Athletics,Seattle Mariners,3,6
2023-09-20,Arizona Diamondbacks,San Francisco Giants,7,1
2023-09-20,San Diego Padres,Colorado Rockies,3,2
2023-09-20,Tampa Bay Rays,Los Angeles Angels,3,8
2023-09-20,Miami Marlins,New York Mets,3,8
2023-09-20,New York Yankees,Toronto Blue Jays,1,6
2023-09-20,Chicago Cubs,Pittsburgh Pirates,7,13
2023-09-20,St. Louis Cardinals,Milwaukee Brewers,2,8
2023-09-20,Los Angeles Dodgers,Detroit Tigers,2,4
2023-09-21,Tampa Bay Rays,Los Angeles Angels,5,4
2023-09-21,St. Louis Cardinals,Milwaukee Brewers,0,6
2023-09-21,Washington Nationals,Atlanta Braves,3,10
2023-09-21,New York Yankees,Toronto Blue Jays,5,3
2023-09-21,Cleveland Guardians,Baltimore Orioles,5,2
2023-09-21,Philadelphia Phillies,New York Mets,5,4
2023-09-21,Chicago Cubs,Pittsburgh Pirates,6,8
2023-09-21,Oakland Athletics,Detroit Tigers,3,7
2023-09-21,Los Angeles Dodgers,San Francisco Giants,7,2
2023-09-22,Chicago Cubs,Colorado Rockies,6,0
2023-09-22,Cincinnati Reds,Pittsburgh Pirates,5,7
2023-09-22,Tampa Bay Rays,Toronto Blue Jays,2,6
2023-09-22,Miami Marlins,Milwaukee Brewers,1,16
2023-09-22,Philadelphia Phillies,New York Mets,5,4
2023-09-22,Washington Nationals,Atlanta Braves,6,9
2023-09-22,New York Yankees,Arizona Diamondbacks,7,1
2023-09-22,Cleveland Guardians,Baltimore Orioles,9,8
2023-09-22,Boston Red Sox,Chicago White Sox,3,2
2023-09-22,Texas Rangers,Seattle Mariners,8,5
2023-09-22,Houston Astros,Kansas City Royals,5,7
2023-09-22,Minnesota Twins,Los Angeles Angels,8,6
2023-09-22,Oakland Athletics,Detroit Tigers,8,2
2023-09-22,San Diego Padres,St. Louis Cardinals,4,2
2023-09-22,Los Angeles Dodgers,San Francisco Giants,1,5
2023-09-23,Minnesota Twins,Los Angeles Angels,0,1
2023-09-23,Chicago Cubs,Colorado Rockies,6,3
2023-09-23,Philadelphia Phillies,New York Mets,7,5
2023-09-23,Oakland Athletics,Detroit Tigers,4,1
2023-09-23,Tampa Bay Rays,Toronto Blue Jays,7,6
2023-09-23,Boston Red Sox,Chicago White Sox,0,1
2023-09-23,Miami Marlins,Milwaukee Brewers,5,4
2023-09-23,Cleveland Guardians,Baltimore Orioles,1,2
2023-09-23,Cincinnati Reds,Pittsburgh Pirates,12,13
2023-09-23,Texas Rangers,Seattle Mariners,2,0
2023-09-23,Houston Astros,Kansas City Royals,2,3
2023-09-23,San Diego Padres,St. Louis Cardinals,2,5
2023-09-23,Los Angeles Dodgers,San Francisco Giants,7,0
2023-09-24,Tampa Bay Rays,Toronto Blue Jays,5,9
2023-09-24,Washington Nationals,Atlanta Braves,3,2
2023-09-24,Washington Nationals,Atlanta Braves,5,8
2023-09-24,Boston Red Sox,Chicago White Sox,2,3
2023-09-24,New York Yankees,Arizona Diamondbacks,1,7
2023-09-24,Cleveland Guardians,Baltimore Orioles,1,5
2023-09-24,Cincinnati Reds,Pittsburgh Pirates,4,2
2023-09-24,Miami Marlins,Milwaukee Brewers,6,1
2023-09-24,Houston Astros,Kansas City Royals,5,6
2023-09-24,Minnesota Twins,Los Angeles Angels,9,3
2023-09-24,Chicago Cubs,Colorado Rockies,4,3
2023-09-24,Texas Rangers,Seattle Mariners,9,8
2023-09-24,Oakland Athletics,Detroit Tigers,0,2
2023-09-24,San Diego Padres,St. Louis Cardinals,12,2
2023-09-24,Philadelphia Phillies,New York Mets,5,2
2023-09-24,Los Angeles Dodgers,San Francisco Giants,3,2
2023-09-25,New York Yankees,Arizona Diamondbacks,6,4
2023-09-25,Los Angeles Angels,Texas Rangers,1,5
2023-09-25,Seattle Mariners,Houston Astros,1,5
2023-09-25,San Francisco Giants,San Diego Padres,2,1
2023-09-26,Colorado Rockies,Los Angeles Dodgers,4,1
2023-09-26,Colorado Rockies,Los Angeles Dodgers,2,11
2023-09-26,Cleveland Guardians,Cincinnati Reds,7,11
2023-09-26,Baltimore Orioles,Washington Nationals,1,0
2023-09-26,Detroit Tigers,Kansas City Royals,6,3
2023-09-26,Philadelphia Phillies,Pittsburgh Pirates,3,2
2023-09-26,Toronto Blue Jays,New York Yankees,0,2
2023-09-26,Boston Red Sox,Tampa Bay Rays,7,9
2023-09-26,Atlanta Braves,Chicago Cubs,7,6
2023-09-26,Minnesota Twins,Oakland Athletics,11,3
2023-09-26,Chicago White Sox,Arizona Diamondbacks,4,15
2023-09-26,Milwaukee Brewers,St. Louis Cardinals,1,4
2023-09-26,Los Angeles Angels,Texas Rangers,9,3
2023-09-26,San Francisco Giants,San Diego Padres,0,4
2023-09-26,Seattle Mariners,Houston Astros,6,2
2023-09-27,Chicago White Sox,Arizona Diamondbacks,0,3
2023-09-27,New York Mets,Miami Marlins,11,2
2023-09-27,New York Mets,Miami Marlins,2,4
2023-09-27,Cleveland Guardians,Cincinnati Reds,4,3
2023-09-27,Boston Red Sox,Tampa Bay Rays,0,5
2023-09-27,Baltimore Orioles,Washington Nationals,5,1
2023-09-27,Detroit Tigers,Kansas City Royals,8,0
2023-09-27,Philadelphia Phillies,Pittsburgh Pirates,7,6
2023-09-27,Toronto Blue Jays,New York Yankees,0,6
2023-09-27,Atlanta Braves,Chicago Cubs,6,5
2023-09-27,Minnesota Twins,Oakland Athletics,6,4
2023-09-27,Milwaukee Brewers,St. Louis Cardinals,3,2
2023-09-27,Colorado Rockies,Los Angeles Dodgers,2,8
2023-09-27,Los Angeles Angels,Texas Rangers,0,5
2023-09-27,Seattle Mariners,Houston Astros,3,8
2023-09-27,San Francisco Giants,San Diego Padres,2,5
2023-09-27,Detroit Tigers,Kansas City Royals,8,0
2023-09-28,Minnesota Twins,Oakland Athletics,1,2
2023-09-28,Chicago White Sox,Arizona Diamondbacks,3,1
2023-09-28,Detroit Tigers,Kansas City Royals,7,3
2023-09-28,Milwaukee Brewers,St. Louis Cardinals,3,0
2023-09-28,Philadelphia Phillies,Pittsburgh Pirates,2,3
2023-09-28,Baltimore Orioles,Boston Red Sox,2,0
2023-09-28,Toronto Blue Jays,New York Yankees,6,0
2023-09-28,New York Mets,Miami Marlins,1,0
2023-09-28,Atlanta Braves,Chicago Cubs,5,3
2023-09-28,Colorado Rockies,Los Angeles Dodgers,14,5
2023-09-28,Seattle Mariners,Texas Rangers,3,2
2023-09-29,Pittsburgh Pirates,Miami Marlins,3,4
2023-09-29,Detroit Tigers,Cleveland Guardians,5,7
2023-09-29,Baltimore Orioles,Boston Red Sox,0,3
2023-09-29,Toronto Blue Jays,Tampa Bay Rays,11,4
2023-09-29,Atlanta Braves,Washington Nationals,6,10
2023-09-29,Chicago White Sox,San Diego Padres,2,3
2023-09-29,Colorado Rockies,Minnesota Twins,6,7
2023-09-29,Kansas City Royals,New York Yankees,12,5
2023-09-29,Milwaukee Brewers,Chicago Cubs,4,3
2023-09-29,St. Louis Cardinals,Cincinnati Reds,2,19
2023-09-29,Los Angeles Angels,Oakland Athletics,5,1
2023-09-29,Arizona Diamondbacks,Houston Astros,1,2
2023-09-29,Seattle Mariners,Texas Rangers,8,0
2023-09-29,San Francisco Giants,Los Angeles Dodgers,2,6
2023-09-30,Detroit Tigers,Cleveland Guardians,8,0
2023-09-30,Toronto Blue Jays,Tampa Bay Rays,5,7
2023-09-30,New York Mets,Philadelphia Phillies,4,3
2023-09-30,New York Mets,Philadelphia Phillies,11,4
2023-09-30,Pittsburgh Pirates,Miami Marlins,3,7
2023-09-30,Chicago White Sox,San Diego Padres,1,6
2023-09-30,Kansas City Royals,New York Yankees,2,5
2023-09-30,Milwaukee Brewers,Chicago Cubs,6,10
2023-09-30,Baltimore Orioles,Boston Red Sox,5,2
2023-09-30,St. Louis Cardinals,Cincinnati Reds,15,6
2023-09-30,Seattle Mariners,Texas Rangers,1,6
2023-09-30,Atlanta Braves,Washington Nationals,5,3
2023-09-30,Arizona Diamondbacks,Houston Astros,0,1
2023-09-30,Colorado Rockies,Minnesota Twins,6,14
2023-09-30,San Francisco Giants,Los Angeles Dodgers,2,1
2023-09-30,Los Angeles Angels,Oakland Athletics,3,7
2023-10-01,Baltimore Orioles,Boston Red Sox,1,6
2023-10-01,San Francisco Giants,Los Angeles Dodgers,2,5
2023-10-01,Pittsburgh Pirates,Miami Marlins,3,0
2023-10-01,Los Angeles Angels,Oakland Athletics,7,3
2023-10-01,Toronto Blue Jays,Tampa Bay Rays,8,12
2023-10-01,Detroit Tigers,Cleveland Guardians,5,2
2023-10-01,Arizona Diamondbacks,Houston Astros,1,8
2023-10-01,Seattle Mariners,Texas Rangers,1,0
2023-10-01,Colorado Rockies,Minnesota Twins,3,2
2023-10-01,New York Mets,Philadelphia Phillies,1,9
2023-10-01,Atlanta Braves,Washington Nationals,9,10
2023-10-01,Chicago White Sox,San Diego Padres,1,2
2023-10-01,Kansas City Royals,New York Yankees,5,2
2023-10-01,Milwaukee Brewers,Chicago Cubs,4,0
2023-10-01,St. Louis Cardinals,Cincinnati Reds,4,3
2023-09-28,New York Mets,Miami Marlins,1,0
2023-10-03,Tampa Bay Rays,Texas Rangers,0,4
2023-10-03,Minnesota Twins,Toronto Blue Jays,3,1
2023-10-03,Milwaukee Brewers,Arizona Diamondbacks,3,6
2023-10-03,Philadelphia Phillies,Miami Marlins,4,1
2023-10-04,Tampa Bay Rays,Texas Rangers,1,7
2023-10-04,Minnesota Twins,Toronto Blue Jays,2,0
2023-10-04,Milwaukee Brewers,Arizona Diamondbacks,2,5
2023-10-04,Philadelphia Phillies,Miami Marlins,7,1
2023-10-07,Baltimore Orioles,Texas Rangers,2,3
2023-10-07,Houston Astros,Minnesota Twins,6,4
2023-10-07,Atlanta Braves,Philadelphia Phillies,0,3
2023-10-07,Los Angeles Dodgers,Arizona Diamondbacks,2,11
2023-10-08,Baltimore Orioles,Texas Rangers,8,11
2023-10-08,Houston Astros,Minnesota Twins,2,6
2023-10-09,Atlanta Braves,Philadelphia Phillies,5,4
2023-10-09,Los Angeles Dodgers,Arizona Diamondbacks,2,4
2023-10-10,Minnesota Twins,Houston Astros,1,9
2023-10-10,Texas Rangers,Baltimore Orioles,7,1
2023-10-11,Philadelphia Phillies,Atlanta Braves,10,2
2023-10-11,Minnesota Twins,Houston Astros,2,3
2023-10-11,Arizona Diamondbacks,Los Angeles Dodgers,4,2
2023-10-12,Philadelphia Phillies,Atlanta Braves,3,1
2023-10-15,Houston Astros,Texas Rangers,0,2
2023-10-16,Houston Astros,Texas Rangers,4,5
2023-10-16,Philadelphia Phillies,Arizona Diamondbacks,5,3
2023-10-17,Philadelphia Phillies,Arizona Diamondbacks,10,0
2023-10-18,Texas Rangers,Houston Astros,5,8
2023-10-19,Arizona Diamondbacks,Philadelphia Phillies,2,1
2023-10-19,Texas Rangers,Houston Astros,3,10
2023-10-20,Texas Rangers,Houston Astros,4,5
2023-10-20,Arizona Diamondbacks,Philadelphia Phillies,6,5
2023-10-21,Arizona Diamondbacks,Philadelphia Phillies,1,6
2023-10-22,Houston Astros,Texas Rangers,2,9
2023-10-23,Philadelphia Phillies,Arizona Diamondbacks,1,5
2023-10-23,Houston Astros,Texas Rangers,4,11
2023-10-24,Philadelphia Phillies,Arizona Diamondbacks,2,4
2023-10-27,Texas Rangers,Arizona Diamondbacks,6,5
2023-10-28,Texas Rangers,Arizona Diamondbacks,1,9
2023-10-30,Arizona Diamondbacks,Texas Rangers,1,3
2023-10-31,Arizona Diamondbacks,Texas Rangers,7,11
2023-11-01,Arizona Diamondbacks,Texas Rangers,0,5
2024-03-20,San Diego Padres,Los Angeles Dodgers,2,5
2024-03-21,Los Angeles Dodgers,San Diego Padres,11,15
2024-03-28,Baltimore Orioles,Los Angeles Angels,11,3
2024-03-28,Cincinnati Reds,Washington Nationals,8,2
2024-03-28,San Diego Padres,San Francisco Giants,6,4
2024-03-28,Los Angeles Dodgers,St. Louis Cardinals,7,1
2024-03-28,Tampa Bay Rays,Toronto Blue Jays,2,8
2024-03-28,Kansas City Royals,Minnesota Twins,1,4
2024-03-28,Chicago White Sox,Detroit Tigers,0,1
2024-03-28,Miami Marlins,Pittsburgh Pirates,5,6
2024-03-28,Houston Astros,New York Yankees,4,5
2024-03-28,Texas Rangers,Chicago Cubs,4,3
2024-03-28,Oakland Athletics,Cleveland Guardians,0,8
2024-03-28,Arizona Diamondbacks,Colorado Rockies,16,1
2024-03-28,Seattle Mariners,Boston Red Sox,4,6
2024-03-29,New York Mets,Milwaukee Brewers,1,3
2024-03-29,Philadelphia Phillies,Atlanta Braves,3,9
2024-03-29,Tampa Bay Rays,Toronto Blue Jays,8,2
2024-03-29,Miami Marlins,Pittsburgh Pirates,2,7
2024-03-29,Houston Astros,New York Yankees,1,7
2024-03-29,Arizona Diamondbacks,Colorado Rockies,7,3
2024-03-29,Oakland Athletics,Cleveland Guardians,4,6
2024-03-29,Seattle Mariners,Boston Red Sox,1,0
2024-03-29,San Diego Padres,San Francisco Giants,3,8
2024-03-29,Los Angeles Dodgers,St. Louis Cardinals,6,3
2024-03-30,New York Mets,Milwaukee Brewers,6,7
2024-03-30,Chicago White Sox,Detroit Tigers,6,7
2024-03-30,Baltimore Orioles,Los Angeles Angels,13,4
2024-03-30,Philadelphia Phillies,Atlanta Braves,4,12
2024-03-30,Oakland Athletics,Cleveland Guardians,3,12
2024-03-30,Cincinnati Reds,Washington Nationals,6,7
2024-03-30,Tampa Bay Rays,Toronto Blue Jays,5,1
2024-03-30,Kansas City Royals,Minnesota Twins,1,5
2024-03-30,Miami Marlins,Pittsburgh Pirates,3,9
2024-03-30,Texas Rangers,Chicago Cubs,11,2
2024-03-30,San Diego Padres,San Francisco Giants,6,9
2024-03-30,Houston Astros,New York Yankees,3,5
2024-03-30,Arizona Diamondbacks,Colorado Rockies,4,9
2024-03-30,Los Angeles Dodgers,St. Louis Cardinals,5,6
2024-03-30,Seattle Mariners,Boston Red Sox,4,3
2024-03-31,Baltimore Orioles,Los Angeles Angels,1,4
2024-03-31,Philadelphia Phillies,Atlanta Braves,5,4
2024-03-31,Cincinnati Reds,Washington Nationals,6,5
2024-03-31,Tampa Bay Rays,Toronto Blue Jays,2,9
2024-03-31,Miami Marlins,Pittsburgh Pirates,7,9
2024-03-31,New York Mets,Milwaukee Brewers,1,4
2024-03-31,Kansas City Royals,Minnesota Twins,11,0
2024-03-31,Chicago White Sox,Detroit Tigers,2,3
2024-03-31,Houston Astros,New York Yankees,3,4
2024-03-31,Texas Rangers,Chicago Cubs,5,9
2024-03-31,Oakland Athletics,Cleveland Guardians,4,3
2024-03-31,Arizona Diamondbacks,Colorado Rockies,5,1
2024-03-31,Seattle Mariners,Boston Red Sox,1,5
2024-03-31,San Diego Padres,San Francisco Giants,13,4
2024-03-31,Los Angeles Dodgers,St. Louis Cardinals,5,4
2024-04-01,Chicago White Sox,Atlanta Braves,0,9
2024-04-01,Chicago Cubs,Colorado Rockies,5,0
2024-04-01,Washington Nationals,Pittsburgh Pirates,4,8
2024-04-01,Baltimore Orioles,Kansas City Royals,6,4
2024-04-01,Philadelphia Phillies,Cincinnati Reds,3,6
2024-04-01,Miami Marlins,Los Angeles Angels,4,7
2024-04-01,Tampa Bay Rays,Texas Rangers,3,9
2024-04-01,New York Mets,Detroit Tigers,0,5
2024-04-01,Houston Astros,Toronto Blue Jays,10,0
2024-04-01,Oakland Athletics,Boston Red Sox,0,9
2024-04-01,Seattle Mariners,Cleveland Guardians,5,4
2024-04-01,San Diego Padres,St. Louis Cardinals,2,6
2024-04-01,Arizona Diamondbacks,New York Yankees,2,5
2024-04-01,Los Angeles Dodgers,San Francisco Giants,8,3
2024-04-02,Milwaukee Brewers,Minnesota Twins,3,2
2024-04-02,Baltimore Orioles,Kansas City Royals,1,4
2024-04-02,Philadelphia Phillies,Cincinnati Reds,9,4
2024-04-02,Miami Marlins,Los Angeles Angels,1,3
2024-04-02,Tampa Bay Rays,Texas Rangers,5,2
2024-04-02,Chicago Cubs,Colorado Rockies,12,2
2024-04-02,Chicago White Sox,Atlanta Braves,3,2
2024-04-02,Houston Astros,Toronto Blue Jays,1,2
2024-04-02,Oakland Athletics,Boston Red Sox,4,5
2024-04-02,Seattle Mariners,Cleveland Guardians,2,5
2024-04-02,San Diego Padres,St. Louis Cardinals,2,5
2024-04-02,Arizona Diamondbacks,New York Yankees,7,0
2024-04-02,Los Angeles Dodgers,San Francisco Giants,5,4
2024-04-03,Baltimore Orioles,Kansas City Royals,4,3
2024-04-03,Tampa Bay Rays,Texas Rangers,1,4
2024-04-03,Miami Marlins,Los Angeles Angels,2,10
2024-04-03,Milwaukee Brewers,Minnesota Twins,3,7
2024-04-03,Oakland Athletics,Boston Red Sox,0,1
2024-04-03,Arizona Diamondbacks,New York Yankees,5,6
2024-04-03,Philadelphia Phillies,Cincinnati Reds,1,4
2024-04-03,Seattle Mariners,Cleveland Guardians,0,8
2024-04-03,San Diego Padres,St. Louis Cardinals,3,2
2024-04-03,Washington Nationals,Pittsburgh Pirates,5,3
2024-04-03,Chicago Cubs,Colorado Rockies,9,8
2024-04-03,Houston Astros,Toronto Blue Jays,8,0
2024-04-03,Los Angeles Dodgers,San Francisco Giants,5,4
2024-04-04,New York Mets,Detroit Tigers,3,6
2024-04-04,New York Mets,Detroit Tigers,2,1
2024-04-04,Washington Nationals,Pittsburgh Pirates,4,7
2024-04-04,Minnesota Twins,Cleveland Guardians,2,4
2024-04-04,St. Louis Cardinals,Miami Marlins,8,5
2024-04-04,Kansas City Royals,Chicago White Sox,10,1
2024-04-05,New York Yankees,Toronto Blue Jays,0,3
2024-04-05,Detroit Tigers,Oakland Athletics,5,4
2024-04-05,Chicago Cubs,Los Angeles Dodgers,9,7
2024-04-05,Colorado Rockies,Tampa Bay Rays,10,7
2024-04-05,Pittsburgh Pirates,Baltimore Orioles,2,5
2024-04-05,San Francisco Giants,San Diego Padres,3,2
2024-04-05,Cincinnati Reds,New York Mets,2,3
2024-04-05,Washington Nationals,Philadelphia Phillies,0,4
2024-04-05,Atlanta Braves,Arizona Diamondbacks,6,5
2024-04-05,Kansas City Royals,Chicago White Sox,2,1
2024-04-05,Texas Rangers,Houston Astros,10,2
2024-04-05,Milwaukee Brewers,Seattle Mariners,6,5
2024-04-05,Los Angeles Angels,Boston Red Sox,6,8
2024-04-06,Detroit Tigers,Oakland Athletics,0,4
2024-04-06,Minnesota Twins,Cleveland Guardians,1,3
2024-04-06,St. Louis Cardinals,Miami Marlins,3,1
2024-04-06,Chicago Cubs,Los Angeles Dodgers,1,4
2024-04-06,Pittsburgh Pirates,Baltimore Orioles,5,4
2024-04-06,Washington Nationals,Philadelphia Phillies,2,5
2024-04-06,Cincinnati Reds,New York Mets,9,6
2024-04-06,Texas Rangers,Houston Astros,7,2
2024-04-06,New York Yankees,Toronto Blue Jays,9,8
2024-04-06,Kansas City Royals,Chicago White Sox,3,0
2024-04-06,Milwaukee Brewers,Seattle Mariners,3,5
2024-04-06,Atlanta Braves,Arizona Diamondbacks,9,8
2024-04-06,Colorado Rockies,Tampa Bay Rays,6,8
2024-04-06,San Francisco Giants,San Diego Padres,0,4
2024-04-06,Los Angeles Angels,Boston Red Sox,2,1
2024-04-07,Pittsburgh Pirates,Baltimore Orioles,3,2
2024-04-07,Washington Nationals,Philadelphia Phillies,3,2
2024-04-07,Atlanta Braves,Arizona Diamondbacks,5,2
2024-04-07,New York Yankees,Toronto Blue Jays,8,3
2024-04-07,Cincinnati Reds,New York Mets,1,3
2024-04-07,Detroit Tigers,Oakland Athletics,1,7
2024-04-07,Kansas City Royals,Chicago White Sox,5,3
2024-04-07,Milwaukee Brewers,Seattle Mariners,12,4
2024-04-07,St. Louis Cardinals,Miami Marlins,3,10
2024-04-07,Chicago Cubs,Los Angeles Dodgers,8,1
2024-04-07,Colorado Rockies,Tampa Bay Rays,2,3
2024-04-07,San Francisco Giants,San Diego Padres,3,2
2024-04-07,Los Angeles Angels,Boston Red Sox,2,12
2024-04-07,Texas Rangers,Houston Astros,1,3
2024-04-08,Cleveland Guardians,Chicago White Sox,4,0
2024-04-08,New York Yankees,Miami Marlins,7,0
2024-04-08,Pittsburgh Pirates,Detroit Tigers,7,4
2024-04-08,Cincinnati Reds,Milwaukee Brewers,10,8
2024-04-08,Toronto Blue Jays,Seattle Mariners,5,2
2024-04-08,Atlanta Braves,New York Mets,7,8
2024-04-08,Minnesota Twins,Los Angeles Dodgers,2,4
2024-04-08,St. Louis Cardinals,Philadelphia Phillies,3,5
2024-04-08,Texas Rangers,Houston Astros,5,10
2024-04-08,Colorado Rockies,Arizona Diamondbacks,7,5
2024-04-08,Los Angeles Angels,Tampa Bay Rays,7,1
2024-04-08,San Diego Padres,Chicago Cubs,9,8
2024-04-08,San Francisco Giants,Washington Nationals,1,8
2024-04-09,Pittsburgh Pirates,Detroit Tigers,3,5
2024-04-09,Boston Red Sox,Baltimore Orioles,1,7
2024-04-09,Cleveland Guardians,Chicago White Sox,5,7
2024-04-09,Cincinnati Reds,Milwaukee Brewers,5,9
2024-04-09,New York Yankees,Miami Marlins,3,2
2024-04-09,Toronto Blue Jays,Seattle Mariners,5,3
2024-04-09,Atlanta Braves,New York Mets,6,5
2024-04-09,Kansas City Royals,Houston Astros,4,3
2024-04-09,Minnesota Twins,Los Angeles Dodgers,3,6
2024-04-09,St. Louis Cardinals,Philadelphia Phillies,3,0
2024-04-09,Texas Rangers,Oakland Athletics,3,4
2024-04-09,Colorado Rockies,Arizona Diamondbacks,2,3
2024-04-09,Los Angeles Angels,Tampa Bay Rays,4,6
2024-04-09,San Francisco Giants,Washington Nationals,3,5
2024-04-09,San Diego Padres,Chicago Cubs,1,5
2024-04-10,Minnesota Twins,Los Angeles Dodgers,3,2
2024-04-10,St. Louis Cardinals,Philadelphia Phillies,3,4
2024-04-10,Toronto Blue Jays,Seattle Mariners,1,6
2024-04-10,Colorado Rockies,Arizona Diamondbacks,3,5
2024-04-10,San Francisco Giants,Washington Nationals,7,1
2024-04-10,Los Angeles Angels,Tampa Bay Rays,2,4
2024-04-10,Cleveland Guardians,Chicago White Sox,7,6
2024-04-10,San Diego Padres,Chicago Cubs,10,2
2024-04-10,Cincinnati Reds,Milwaukee Brewers,2,7
2024-04-10,New York Yankees,Miami Marlins,2,5
2024-04-10,Boston Red Sox,Baltimore Orioles,5,7
2024-04-10,Kansas City Royals,Houston Astros,11,2
2024-04-10,Texas Rangers,Oakland Athletics,6,2
2024-04-11,Atlanta Braves,New York Mets,4,16
2024-04-11,Kansas City Royals,Houston Astros,13,3
2024-04-11,Texas Rangers,Oakland Athletics,0,1
2024-04-11,Philadelphia Phillies,Pittsburgh Pirates,5,1
2024-04-11,Boston Red Sox,Baltimore Orioles,4,9
2024-04-12,Detroit Tigers,Minnesota Twins,8,2
2024-04-12,Philadelphia Phillies,Pittsburgh Pirates,2,5
2024-04-12,Tampa Bay Rays,San Francisco Giants,2,1
2024-04-12,Baltimore Orioles,Milwaukee Brewers,1,11
2024-04-12,Toronto Blue Jays,Colorado Rockies,4,12
2024-04-12,Boston Red Sox,Los Angeles Angels,0,7
2024-04-12,New York Mets,Kansas City Royals,6,1
2024-04-12,Miami Marlins,Atlanta Braves,1,8
2024-04-12,Chicago White Sox,Cincinnati Reds,1,11
2024-04-12,Houston Astros,Texas Rangers,8,12
2024-04-12,Oakland Athletics,Washington Nationals,2,1
2024-04-12,Seattle Mariners,Chicago Cubs,4,2
2024-04-12,Arizona Diamondbacks,St. Louis Cardinals,6,9
2024-04-12,Los Angeles Dodgers,San Diego Padres,7,8
2024-04-13,Cleveland Guardians,New York Yankees,2,3
2024-04-13,Cleveland Guardians,New York Yankees,2,8
2024-04-13,Detroit Tigers,Minnesota Twins,5,11
2024-04-13,Detroit Tigers,Minnesota Twins,1,4
2024-04-13,New York Mets,Kansas City Royals,7,11
2024-04-13,Chicago White Sox,Cincinnati Reds,0,5
2024-04-13,Toronto Blue Jays,Colorado Rockies,5,3
2024-04-13,Houston Astros,Texas Rangers,9,2
2024-04-13,Philadelphia Phillies,Pittsburgh Pirates,4,3
2024-04-13,Baltimore Orioles,Milwaukee Brewers,5,11
2024-04-13,Oakland Athletics,Washington Nationals,1,3
2024-04-13,Boston Red Sox,Los Angeles Angels,7,2
2024-04-13,Tampa Bay Rays,San Francisco Giants,2,11
2024-04-13,Miami Marlins,Atlanta Braves,5,1
2024-04-13,Arizona Diamondbacks,St. Louis Cardinals,4,2
2024-04-13,Los Angeles Dodgers,San Diego Padres,5,2
2024-04-13,Seattle Mariners,Chicago Cubs,1,4
2024-04-14,Boston Red Sox,Los Angeles Angels,5,4
2024-04-14,Philadelphia Phillies,Pittsburgh Pirates,2,9
2024-04-14,Baltimore Orioles,Milwaukee Brewers,6,4
2024-04-14,Toronto Blue Jays,Colorado Rockies,5,0
2024-04-14,New York Mets,Kansas City Royals,2,1
2024-04-14,Tampa Bay Rays,San Francisco Giants,9,4
2024-04-14,Detroit Tigers,Minnesota Twins,4,3
2024-04-14,Miami Marlins,Atlanta Braves,7,9
2024-04-14,Cleveland Guardians,New York Yankees,8,7
2024-04-14,Houston Astros,Texas Rangers,8,5
2024-04-14,Chicago White Sox,Cincinnati Reds,4,11
2024-04-14,Oakland Athletics,Washington Nationals,7,6
2024-04-14,Seattle Mariners,Chicago Cubs,2,3
2024-04-14,Arizona Diamondbacks,St. Louis Cardinals,5,0
2024-04-14,Los Angeles Dodgers,San Diego Padres,3,6
2024-04-15,Boston Red Sox,Cleveland Guardians,0,6
2024-04-15,Baltimore Orioles,Minnesota Twins,7,4
2024-04-15,Detroit Tigers,Texas Rangers,0,1
2024-04-15,Philadelphia Phillies,Colorado Rockies,2,1
2024-04-15,Miami Marlins,San Francisco Giants,3,4
2024-04-15,Tampa Bay Rays,Los Angeles Angels,3,7
2024-04-15,Toronto Blue Jays,New York Yankees,3,1
2024-04-15,New York Mets,Pittsburgh Pirates,6,3
2024-04-15,Chicago White Sox,Kansas City Royals,0,2
2024-04-15,Milwaukee Brewers,San Diego Padres,3,7
2024-04-15,Houston Astros,Atlanta Braves,1,6
2024-04-15,Arizona Diamondbacks,Chicago Cubs,2,3
2024-04-15,Oakland Athletics,St. Louis Cardinals,1,3
2024-04-15,Seattle Mariners,Cincinnati Reds,9,3
2024-04-15,Los Angeles Dodgers,Washington Nationals,4,6
2024-04-16,Detroit Tigers,Texas Rangers,4,2
2024-04-16,Baltimore Orioles,Minnesota Twins,11,3
2024-04-16,Philadelphia Phillies,Colorado Rockies,5,0
2024-04-16,Miami Marlins,San Francisco Giants,6,3
2024-04-16,Tampa Bay Rays,Los Angeles Angels,7,6
2024-04-16,Toronto Blue Jays,New York Yankees,5,4
2024-04-16,Boston Red Sox,Cleveland Guardians,7,10
2024-04-16,New York Mets,Pittsburgh Pirates,3,1
2024-04-16,Milwaukee Brewers,San Diego Padres,3,6
2024-04-16,Houston Astros,Atlanta Braves,2,6
2024-04-16,Arizona Diamondbacks,Chicago Cubs,12,11
2024-04-16,Seattle Mariners,Cincinnati Reds,3,1
2024-04-16,Oakland Athletics,St. Louis Cardinals,2,3
2024-04-16,Los Angeles Dodgers,Washington Nationals,6,2
2024-04-17,Miami Marlins,San Francisco Giants,1,3
2024-04-17,Baltimore Orioles,Minnesota Twins,4,2
2024-04-17,New York Mets,Pittsburgh Pirates,9,1
2024-04-17,Detroit Tigers,Texas Rangers,4,5
2024-04-17,Milwaukee Brewers,San Diego Padres,1,0
2024-04-17,Houston Astros,Atlanta Braves,4,5
2024-04-17,Chicago White Sox,Kansas City Royals,2,4
2024-04-17,Chicago White Sox,Kansas City Royals,2,1
2024-04-17,Toronto Blue Jays,New York Yankees,4,6
2024-04-17,Los Angeles Dodgers,Washington Nationals,0,2
2024-04-17,Oakland Athletics,St. Louis Cardinals,6,3
2024-04-17,Arizona Diamondbacks,Chicago Cubs,3,5
2024-04-17,Seattle Mariners,Cincinnati Reds,5,1
2024-04-17,Philadelphia Phillies,Colorado Rockies,7,6
2024-04-17,Tampa Bay Rays,Los Angeles Angels,4,5
2024-04-17,Boston Red Sox,Cleveland Guardians,2,0
2024-04-18,Tampa Bay Rays,Los Angeles Angels,2,1
2024-04-18,Detroit Tigers,Texas Rangers,7,9
2024-04-18,Boston Red Sox,Cleveland Guardians,4,5
2024-04-18,San Francisco Giants,Arizona Diamondbacks,5,0
2024-04-19,Chicago Cubs,Miami Marlins,8,3
2024-04-19,Cincinnati Reds,Los Angeles Angels,7,1
2024-04-19,Pittsburgh Pirates,Boston Red Sox,1,8
2024-04-19,Philadelphia Phillies,Chicago White Sox,7,0
2024-04-19,Washington Nationals,Houston Astros,3,5
2024-04-19,New York Yankees,Tampa Bay Rays,5,3
2024-04-19,Cleveland Guardians,Oakland Athletics,10,2
2024-04-19,Atlanta Braves,Texas Rangers,8,3
2024-04-19,Kansas City Royals,Baltimore Orioles,9,4
2024-04-19,Minnesota Twins,Detroit Tigers,4,5
2024-04-19,St. Louis Cardinals,Milwaukee Brewers,1,2
2024-04-19,San Diego Padres,Toronto Blue Jays,1,5
2024-04-19,Los Angeles Dodgers,New York Mets,4,9
2024-04-19,San Francisco Giants,Arizona Diamondbacks,1,17
2024-04-20,New York Yankees,Tampa Bay Rays,0,2
2024-04-20,Minnesota Twins,Detroit Tigers,4,3
2024-04-20,St. Louis Cardinals,Milwaukee Brewers,5,12
2024-04-20,Chicago Cubs,Miami Marlins,2,3
2024-04-20,Chicago Cubs,Miami Marlins,5,3
2024-04-20,Washington Nationals,Houston Astros,5,4
2024-04-20,Los Angeles Dodgers,New York Mets,4,6
2024-04-20,Pittsburgh Pirates,Boston Red Sox,2,4
2024-04-20,San Francisco Giants,Arizona Diamondbacks,7,3
2024-04-20,Philadelphia Phillies,Chicago White Sox,9,5
2024-04-20,Cleveland Guardians,Oakland Athletics,6,3
2024-04-20,Cincinnati Reds,Los Angeles Angels,7,5
2024-04-20,Kansas City Royals,Baltimore Orioles,7,9
2024-04-20,Atlanta Braves,Texas Rangers,5,2
2024-04-20,Colorado Rockies,Seattle Mariners,0,7
2024-04-20,San Diego Padres,Toronto Blue Jays,2,5
2024-04-21,Washington Nationals,Houston Astros,6,0
2024-04-21,Pittsburgh Pirates,Boston Red Sox,1,6
2024-04-21,Philadelphia Phillies,Chicago White Sox,8,2
2024-04-21,New York Yankees,Tampa Bay Rays,5,4
2024-04-21,Cincinnati Reds,Los Angeles Angels,3,0
2024-04-21,Cleveland Guardians,Oakland Athletics,6,2
2024-04-21,Kansas City Royals,Baltimore Orioles,0,5
2024-04-21,Minnesota Twins,Detroit Tigers,1,6
2024-04-21,St. Louis Cardinals,Milwaukee Brewers,0,2
2024-04-21,Chicago Cubs,Miami Marlins,3,6
2024-04-21,Colorado Rockies,Seattle Mariners,2,1
2024-04-21,Colorado Rockies,Seattle Mariners,2,10
2024-04-21,San Francisco Giants,Arizona Diamondbacks,3,5
2024-04-21,Los Angeles Dodgers,New York Mets,10,0
2024-04-21,San Diego Padres,Toronto Blue Jays,6,3
2024-04-21,Atlanta Braves,Texas Rangers,4,6
2024-04-22,New York Yankees,Oakland Athletics,0,2
2024-04-22,Cincinnati Reds,Philadelphia Phillies,0,7
2024-04-22,Pittsburgh Pirates,Milwaukee Brewers,4,2
2024-04-22,Tampa Bay Rays,Detroit Tigers,1,7
2024-04-22,Atlanta Braves,Miami Marlins,3,0
2024-04-22,Kansas City Royals,Toronto Blue Jays,3,5
2024-04-22,Minnesota Twins,Chicago White Sox,7,0
2024-04-22,St. Louis Cardinals,Arizona Diamondbacks,5,3
2024-04-22,Colorado Rockies,San Diego Padres,1,3
2024-04-22,Los Angeles Angels,Baltimore Orioles,2,4
2024-04-22,San Francisco Giants,New York Mets,5,2
2024-04-23,Cleveland Guardians,Boston Red Sox,4,1
2024-04-23,Cincinnati Reds,Philadelphia Phillies,8,1
2024-04-23,Pittsburgh Pirates,Milwaukee Brewers,2,1
2024-04-23,Washington Nationals,Los Angeles Dodgers,1,4
2024-04-23,Tampa Bay Rays,Detroit Tigers,2,4
2024-04-23,New York Yankees,Oakland Athletics,4,3
2024-04-23,Atlanta Braves,Miami Marlins,5,0
2024-04-23,Chicago Cubs,Houston Astros,7,2
2024-04-23,Kansas City Royals,Toronto Blue Jays,3,2
2024-04-23,Minnesota Twins,Chicago White Sox,6,5
2024-04-23,St. Louis Cardinals,Arizona Diamondbacks,1,14
2024-04-23,Texas Rangers,Seattle Mariners,0,4
2024-04-23,Colorado Rockies,San Diego Padres,7,4
2024-04-23,Los Angeles Angels,Baltimore Orioles,7,4
2024-04-23,San Francisco Giants,New York Mets,5,1
2024-04-24,St. Louis Cardinals,Arizona Diamondbacks,5,1
2024-04-24,San Francisco Giants,New York Mets,2,8
2024-04-24,Los Angeles Angels,Baltimore Orioles,5,6
2024-04-24,Cleveland Guardians,Boston Red Sox,0,8
2024-04-24,Cincinnati Reds,Philadelphia Phillies,7,4
2024-04-24,Pittsburgh Pirates,Milwaukee Brewers,2,3
2024-04-24,Washington Nationals,Los Angeles Dodgers,2,11
2024-04-24,Tampa Bay Rays,Detroit Tigers,7,5
2024-04-24,New York Yankees,Oakland Athletics,7,3
2024-04-24,Atlanta Braves,Miami Marlins,4,3
2024-04-24,Chicago Cubs,Houston Astros,4,3
2024-04-24,Kansas City Royals,Toronto Blue Jays,3,2
2024-04-24,Minnesota Twins,Chicago White Sox,6,3
2024-04-24,Texas Rangers,Seattle Mariners,5,1
2024-04-24,Colorado Rockies,San Diego Padres,2,5
2024-04-25,Pittsburgh Pirates,Milwaukee Brewers,5,7
2024-04-25,Cleveland Guardians,Boston Red Sox,6,4
2024-04-25,Cincinnati Reds,Philadelphia Phillies,0,5
2024-04-25,Minnesota Twins,Chicago White Sox,6,3
2024-04-25,Kansas City Royals,Toronto Blue Jays,2,1
2024-04-25,Chicago Cubs,Houston Astros,3,1
2024-04-25,Texas Rangers,Seattle Mariners,3,4
2024-04-25,Colorado Rockies,San Diego Padres,10,9
2024-04-25,Washington Nationals,Los Angeles Dodgers,1,2
2024-04-25,New York Yankees,Oakland Athletics,1,3
2024-04-26,Detroit Tigers,Kansas City Royals,0,8
2024-04-26,Baltimore Orioles,Oakland Athletics,2,3
2024-04-26,Toronto Blue Jays,Los Angeles Dodgers,2,12
2024-04-26,Boston Red Sox,Chicago Cubs,1,7
2024-04-26,New York Mets,St. Louis Cardinals,2,4
2024-04-26,Miami Marlins,Washington Nationals,1,3
2024-04-26,Atlanta Braves,Cleveland Guardians,6,2
2024-04-26,Chicago White Sox,Tampa Bay Rays,9,4
2024-04-26,Texas Rangers,Cincinnati Reds,2,1
2024-04-26,Milwaukee Brewers,New York Yankees,7,6
2024-04-26,Los Angeles Angels,Minnesota Twins,3,5
2024-04-26,Seattle Mariners,Arizona Diamondbacks,6,1
2024-04-26,San Diego Padres,Philadelphia Phillies,3,9
2024-04-26,San Francisco Giants,Pittsburgh Pirates,3,0
2024-04-27,Toronto Blue Jays,Los Angeles Dodgers,2,4
2024-04-27,Baltimore Orioles,Oakland Athletics,7,0
2024-04-27,New York Mets,St. Louis Cardinals,4,7
2024-04-27,Texas Rangers,Cincinnati Reds,4,8
2024-04-27,Boston Red Sox,Chicago Cubs,17,0
2024-04-27,Miami Marlins,Washington Nationals,4,11
2024-04-27,Colorado Rockies,Houston Astros,4,12
2024-04-27,Detroit Tigers,Kansas City Royals,6,5
2024-04-27,Chicago White Sox,Tampa Bay Rays,8,7
2024-04-27,Milwaukee Brewers,New York Yankees,3,15
2024-04-27,Atlanta Braves,Cleveland Guardians,2,4
2024-04-27,San Diego Padres,Philadelphia Phillies,1,5
2024-04-27,San Francisco Giants,Pittsburgh Pirates,3,4
2024-04-27,Los Angeles Angels,Minnesota Twins,5,16
2024-04-27,Seattle Mariners,Arizona Diamondbacks,3,1
2024-04-28,Baltimore Orioles,Oakland Athletics,6,7
2024-04-28,Atlanta Braves,Cleveland Guardians,4,3
2024-04-28,Toronto Blue Jays,Los Angeles Dodgers,3,1
2024-04-28,Detroit Tigers,Kansas City Royals,4,1
2024-04-28,New York Mets,St. Louis Cardinals,4,2
2024-04-28,Miami Marlins,Washington Nationals,9,12
2024-04-28,Chicago White Sox,Tampa Bay Rays,4,2
2024-04-28,Milwaukee Brewers,New York Yankees,5,15
2024-04-28,Texas Rangers,Cincinnati Reds,4,3
2024-04-28,Colorado Rockies,Houston Astros,2,8
2024-04-28,San Francisco Giants,Pittsburgh Pirates,3,2
2024-04-28,Los Angeles Angels,Minnesota Twins,5,11
2024-04-28,Seattle Mariners,Arizona Diamondbacks,2,3
2024-04-28,San Diego Padres,Philadelphia Phillies,6,8
2024-04-28,Boston Red Sox,Chicago Cubs,5,4
2024-04-29,Baltimore Orioles,New York Yankees,2,0
2024-04-29,Miami Marlins,Washington Nationals,2,7
2024-04-29,Toronto Blue Jays,Kansas City Royals,6,5
2024-04-29,New York Mets,Chicago Cubs,1,3
2024-04-29,Chicago White Sox,Minnesota Twins,2,3
2024-04-29,Milwaukee Brewers,Tampa Bay Rays,0,1
2024-04-29,Los Angeles Angels,Philadelphia Phillies,6,5
2024-04-29,Arizona Diamondbacks,Los Angeles Dodgers,4,8
2024-04-29,Oakland Athletics,Pittsburgh Pirates,5,1
2024-04-29,San Diego Padres,Cincinnati Reds,2,5
2024-04-29,Seattle Mariners,Atlanta Braves,2,1
2024-04-30,Detroit Tigers,St. Louis Cardinals,1,2
2024-04-30,Detroit Tigers,St. Louis Cardinals,11,6
2024-04-30,Baltimore Orioles,New York Yankees,4,2
2024-04-30,Miami Marlins,Colorado Rockies,7,6
2024-04-30,Toronto Blue Jays,Kansas City Royals,1,4
2024-04-30,New York Mets,Chicago Cubs,4,2
2024-04-30,Boston Red Sox,San Francisco Giants,4,0
2024-04-30,Chicago White Sox,Minnesota Twins,5,6
2024-04-30,Milwaukee Brewers,Tampa Bay Rays,8,2
2024-04-30,Texas Rangers,Washington Nationals,7,1
2024-04-30,Houston Astros,Cleveland Guardians,10,9
2024-04-30,Los Angeles Angels,Philadelphia Phillies,5,7
2024-04-30,Arizona Diamondbacks,Los Angeles Dodgers,4,3
2024-04-30,Oakland Athletics,Pittsburgh Pirates,5,2
2024-04-30,San Diego Padres,Cincinnati Reds,6,4
2024-04-30,Seattle Mariners,Atlanta Braves,3,2
2024-05-01,Detroit Tigers,St. Louis Cardinals,4,1
2024-05-01,Milwaukee Brewers,Tampa Bay Rays,7,1
2024-05-01,Chicago White Sox,Minnesota Twins,5,10
2024-05-01,Toronto Blue Jays,Kansas City Royals,1,6
2024-05-01,Oakland Athletics,Pittsburgh Pirates,4,0
2024-05-01,Seattle Mariners,Atlanta Braves,2,5
2024-05-01,Los Angeles Angels,Philadelphia Phillies,1,2
2024-05-01,San Diego Padres,Cincinnati Reds,6,2
2024-05-01,Baltimore Orioles,New York Yankees,0,2
2024-05-01,Miami Marlins,Colorado Rockies,4,1
2024-05-01,New York Mets,Chicago Cubs,0,1
2024-05-01,Boston Red Sox,San Francisco Giants,6,2
2024-05-01,Texas Rangers,Washington Nationals,0,1
2024-05-01,Houston Astros,Cleveland Guardians,2,3
2024-05-01,Arizona Diamondbacks,Los Angeles Dodgers,0,8
2024-05-02,Miami Marlins,Colorado Rockies,5,4
2024-05-02,Baltimore Orioles,New York Yankees,7,2
2024-05-02,New York Mets,Chicago Cubs,7,6
2024-05-02,Boston Red Sox,San Francisco Giants,1,3
2024-05-02,Texas Rangers,Washington Nationals,6,0
2024-05-02,Houston Astros,Cleveland Guardians,8,2
2024-05-03,Chicago Cubs,Milwaukee Brewers,1,3
2024-05-03,Cincinnati Reds,Baltimore Orioles,0,3
2024-05-03,Pittsburgh Pirates,Colorado Rockies,2,3
2024-05-03,Philadelphia Phillies,San Francisco Giants,4,3
2024-05-03,Washington Nationals,Toronto Blue Jays,9,3
2024-05-03,Tampa Bay Rays,New York Mets,10,8
2024-05-03,New York Yankees,Detroit Tigers,2,1
2024-05-03,Cleveland Guardians,Los Angeles Angels,0,6
2024-05-03,Kansas City Royals,Texas Rangers,7,1
2024-05-03,Houston Astros,Seattle Mariners,5,3
2024-05-03,Minnesota Twins,Boston Red Sox,5,2
2024-05-03,St. Louis Cardinals,Chicago White Sox,3,0
2024-05-03,Arizona Diamondbacks,San Diego Padres,1,7
2024-05-03,Oakland Athletics,Miami Marlins,3,1
2024-05-03,Los Angeles Dodgers,Atlanta Braves,4,3
2024-05-04,New York Yankees,Detroit Tigers,5,3
2024-05-04,Minnesota Twins,Boston Red Sox,3,1
2024-05-04,St. Louis Cardinals,Chicago White Sox,5,6
2024-05-04,Chicago Cubs,Milwaukee Brewers,6,5
2024-05-04,Pittsburgh Pirates,Colorado Rockies,1,0
2024-05-04,Washington Nationals,Toronto Blue Jays,3,6
2024-05-04,Oakland Athletics,Miami Marlins,20,4
2024-05-04,Philadelphia Phillies,San Francisco Giants,14,3
2024-05-04,Cleveland Guardians,Los Angeles Angels,7,1
2024-05-04,Cincinnati Reds,Baltimore Orioles,1,2
2024-05-04,Kansas City Royals,Texas Rangers,4,15
2024-05-04,Houston Astros,Seattle Mariners,0,5
2024-05-04,Tampa Bay Rays,New York Mets,3,1
2024-05-04,Arizona Diamondbacks,San Diego Padres,1,13
2024-05-04,Los Angeles Dodgers,Atlanta Braves,11,2
2024-05-05,Pittsburgh Pirates,Colorado Rockies,5,3
2024-05-05,Washington Nationals,Toronto Blue Jays,11,8
2024-05-05,New York Yankees,Detroit Tigers,5,2
2024-05-05,Cleveland Guardians,Los Angeles Angels,4,1
2024-05-05,Tampa Bay Rays,New York Mets,7,6
2024-05-05,Houston Astros,Seattle Mariners,4,5
2024-05-05,Kansas City Royals,Texas Rangers,2,3
2024-05-05,Minnesota Twins,Boston Red Sox,2,9
2024-05-05,St. Louis Cardinals,Chicago White Sox,1,5
2024-05-05,Chicago Cubs,Milwaukee Brewers,5,0
2024-05-05,Oakland Athletics,Miami Marlins,3,12
2024-05-05,Cincinnati Reds,Baltimore Orioles,1,11
2024-05-05,Arizona Diamondbacks,San Diego Padres,11,4
2024-05-05,Los Angeles Dodgers,Atlanta Braves,5,1
2024-05-05,Philadelphia Phillies,San Francisco Giants,5,4
2024-05-06,Philadelphia Phillies,San Francisco Giants,6,1
2024-05-06,Cleveland Guardians,Detroit Tigers,2,1
2024-05-06,Pittsburgh Pirates,Los Angeles Angels,4,1
2024-05-06,Tampa Bay Rays,Chicago White Sox,8,2
2024-05-06,Kansas City Royals,Milwaukee Brewers,3,2
2024-05-06,Chicago Cubs,San Diego Padres,3,6
2024-05-06,Minnesota Twins,Seattle Mariners,3,1
2024-05-06,St. Louis Cardinals,New York Mets,3,4
2024-05-06,Oakland Athletics,Texas Rangers,2,4
2024-05-06,Los Angeles Dodgers,Miami Marlins,6,3
2024-05-07,Oakland Athletics,Texas Rangers,8,15
2024-05-07,Cleveland Guardians,Detroit Tigers,7,11
2024-05-07,Cincinnati Reds,Arizona Diamondbacks,2,6
2024-05-07,Pittsburgh Pirates,Los Angeles Angels,0,9
2024-05-07,Philadelphia Phillies,Toronto Blue Jays,10,1
2024-05-07,Washington Nationals,Baltimore Orioles,3,0
2024-05-07,Tampa Bay Rays,Chicago White Sox,5,1
2024-05-07,New York Yankees,Houston Astros,10,3
2024-05-07,Atlanta Braves,Boston Red Sox,4,2
2024-05-07,Chicago Cubs,San Diego Padres,3,2
2024-05-07,Minnesota Twins,Seattle Mariners,6,10
2024-05-07,Kansas City Royals,Milwaukee Brewers,5,6
2024-05-07,St. Louis Cardinals,New York Mets,5,7
2024-05-07,Colorado Rockies,San Francisco Giants,0,5
2024-05-07,Los Angeles Dodgers,Miami Marlins,8,2
2024-05-08,Pittsburgh Pirates,Los Angeles Angels,4,5
2024-05-08,Philadelphia Phillies,Toronto Blue Jays,3,5
2024-05-08,Cleveland Guardians,Detroit Tigers,5,4
2024-05-08,Kansas City Royals,Milwaukee Brewers,6,4
2024-05-08,Chicago Cubs,San Diego Padres,0,3
2024-05-08,Los Angeles Dodgers,Miami Marlins,3,1
2024-05-08,Oakland Athletics,Texas Rangers,9,4
2024-05-08,Oakland Athletics,Texas Rangers,11,12
2024-05-08,Cincinnati Reds,Arizona Diamondbacks,3,4
2024-05-08,Washington Nationals,Baltimore Orioles,6,7
2024-05-08,Tampa Bay Rays,Chicago White Sox,1,4
2024-05-08,New York Yankees,Houston Astros,9,4
2024-05-08,Atlanta Braves,Boston Red Sox,5,0
2024-05-08,Minnesota Twins,Seattle Mariners,6,3
2024-05-08,Colorado Rockies,San Francisco Giants,6,8
2024-05-09,Cincinnati Reds,Arizona Diamondbacks,4,5
2024-05-09,Minnesota Twins,Seattle Mariners,11,1
2024-05-09,Colorado Rockies,San Francisco Giants,9,1
2024-05-09,New York Yankees,Houston Astros,3,4
2024-05-09,Chicago White Sox,Cleveland Guardians,3,2
2024-05-09,Milwaukee Brewers,St. Louis Cardinals,7,1
2024-05-09,Los Angeles Angels,Kansas City Royals,4,10
2024-05-10,Detroit Tigers,Houston Astros,2,5
2024-05-10,Pittsburgh Pirates,Chicago Cubs,2,7
2024-05-10,Tampa Bay Rays,New York Yankees,0,2
2024-05-10,Baltimore Orioles,Arizona Diamondbacks,4,2
2024-05-10,Toronto Blue Jays,Minnesota Twins,2,3
2024-05-10,Boston Red Sox,Washington Nationals,1,5
2024-05-10,New York Mets,Atlanta Braves,2,4
2024-05-10,Miami Marlins,Philadelphia Phillies,2,8
2024-05-10,Chicago White Sox,Cleveland Guardians,6,3
2024-05-10,Milwaukee Brewers,St. Louis Cardinals,11,2
2024-05-10,Colorado Rockies,Texas Rangers,4,2
2024-05-10,Los Angeles Angels,Kansas City Royals,1,2
2024-05-10,San Diego Padres,Los Angeles Dodgers,2,1
2024-05-10,Seattle Mariners,Oakland Athletics,8,1
2024-05-10,San Francisco Giants,Cincinnati Reds,2,4
2024-05-11,Toronto Blue Jays,Minnesota Twins,10,8
2024-05-11,Baltimore Orioles,Arizona Diamondbacks,5,4
2024-05-11,Pittsburgh Pirates,Chicago Cubs,10,9
2024-05-11,Boston Red Sox,Washington Nationals,4,2
2024-05-11,New York Mets,Atlanta Braves,1,4
2024-05-11,Miami Marlins,Philadelphia Phillies,3,8
2024-05-11,Tampa Bay Rays,New York Yankees,7,2
2024-05-11,Detroit Tigers,Houston Astros,8,2
2024-05-11,Chicago White Sox,Cleveland Guardians,3,1
2024-05-11,San Francisco Giants,Cincinnati Reds,5,1
2024-05-11,Milwaukee Brewers,St. Louis Cardinals,5,3
2024-05-11,Colorado Rockies,Texas Rangers,8,3
2024-05-11,San Diego Padres,Los Angeles Dodgers,0,5
2024-05-11,Los Angeles Angels,Kansas City Royals,9,3
2024-05-11,Seattle Mariners,Oakland Athletics,1,8
2024-05-12,Baltimore Orioles,Arizona Diamondbacks,2,9
2024-05-12,Boston Red Sox,Washington Nationals,3,2
2024-05-12,Pittsburgh Pirates,Chicago Cubs,4,5
2024-05-12,Toronto Blue Jays,Minnesota Twins,1,5
2024-05-12,Detroit Tigers,Houston Astros,3,9
2024-05-12,Miami Marlins,Philadelphia Phillies,7,6
2024-05-12,Tampa Bay Rays,New York Yankees,6,10
2024-05-12,Chicago White Sox,Cleveland Guardians,0,7
2024-05-12,Milwaukee Brewers,St. Louis Cardinals,3,4
2024-05-12,Colorado Rockies,Texas Rangers,3,1
2024-05-12,San Francisco Giants,Cincinnati Reds,6,5
2024-05-12,Los Angeles Angels,Kansas City Royals,2,4
2024-05-12,San Diego Padres,Los Angeles Dodgers,4,0
2024-05-12,Seattle Mariners,Oakland Athletics,8,4
2024-05-12,New York Mets,Atlanta Braves,4,3
2024-05-13,Baltimore Orioles,Toronto Blue Jays,2,3
2024-05-13,Detroit Tigers,Miami Marlins,6,5
2024-05-13,Boston Red Sox,Tampa Bay Rays,3,5
2024-05-13,New York Mets,Philadelphia Phillies,4,5
2024-05-13,Atlanta Braves,Chicago Cubs,2,0
2024-05-13,Milwaukee Brewers,Pittsburgh Pirates,6,8
2024-05-13,Texas Rangers,Cleveland Guardians,0,7
2024-05-13,Houston Astros,Oakland Athletics,9,2
2024-05-13,Los Angeles Angels,St. Louis Cardinals,5,10
2024-05-13,Arizona Diamondbacks,Cincinnati Reds,6,5
2024-05-13,San Diego Padres,Colorado Rockies,4,5
2024-05-13,Seattle Mariners,Kansas City Royals,6,2
2024-05-13,San Francisco Giants,Los Angeles Dodgers,4,6
2024-05-14,New York Mets,Philadelphia Phillies,0,4
2024-05-14,Chicago White Sox,Washington Nationals,3,6
2024-05-14,Chicago White Sox,Washington Nationals,4,0
2024-05-14,Detroit Tigers,Miami Marlins,0,1
2024-05-14,Boston Red Sox,Tampa Bay Rays,5,4
2024-05-14,Atlanta Braves,Chicago Cubs,7,0
2024-05-14,Minnesota Twins,New York Yankees,1,5
2024-05-14,Milwaukee Brewers,Pittsburgh Pirates,4,3
2024-05-14,Texas Rangers,Cleveland Guardians,4,7
2024-05-14,Houston Astros,Oakland Athletics,2,1
2024-05-14,Los Angeles Angels,St. Louis Cardinals,6,7
2024-05-14,Arizona Diamondbacks,Cincinnati Reds,2,6
2024-05-14,San Diego Padres,Colorado Rockies,3,6
2024-05-14,Seattle Mariners,Kansas City Royals,2,4
2024-05-14,San Francisco Giants,Los Angeles Dodgers,2,10
2024-05-15,Baltimore Orioles,Toronto Blue Jays,3,2
2024-05-15,Detroit Tigers,Miami Marlins,0,2
2024-05-15,Milwaukee Brewers,Pittsburgh Pirates,10,2
2024-05-15,Chicago White Sox,Washington Nationals,2,0
2024-05-15,Arizona Diamondbacks,Cincinnati Reds,2,1
2024-05-15,San Diego Padres,Colorado Rockies,0,8
2024-05-15,Seattle Mariners,Kansas City Royals,4,2
2024-05-15,Philadelphia Phillies,New York Mets,10,5
2024-05-15,Boston Red Sox,Tampa Bay Rays,3,4
2024-05-15,Atlanta Braves,Chicago Cubs,1,7
2024-05-15,Minnesota Twins,New York Yankees,0,4
2024-05-15,Texas Rangers,Cleveland Guardians,4,0
2024-05-15,Houston Astros,Oakland Athletics,3,0
2024-05-15,Los Angeles Angels,St. Louis Cardinals,7,2
2024-05-15,San Francisco Giants,Los Angeles Dodgers,4,1
2024-05-16,Minnesota Twins,New York Yankees,0,5
2024-05-16,Philadelphia Phillies,New York Mets,5,6
2024-05-16,Boston Red Sox,Tampa Bay Rays,5,7
2024-05-16,Chicago Cubs,Pittsburgh Pirates,4,5
2024-05-16,Houston Astros,Oakland Athletics,8,1
2024-05-16,Los Angeles Dodgers,Cincinnati Reds,2,7
2024-05-17,Chicago Cubs,Pittsburgh Pirates,3,9
2024-05-17,Philadelphia Phillies,Washington Nationals,4,2
2024-05-17,Baltimore Orioles,Seattle Mariners,9,2
2024-05-17,New York Yankees,Chicago White Sox,4,2
2024-05-17,Toronto Blue Jays,Tampa Bay Rays,3,4
2024-05-17,Cleveland Guardians,Minnesota Twins,3,2
2024-05-17,Miami Marlins,New York Mets,8,0
2024-05-17,Atlanta Braves,San Diego Padres,1,3
2024-05-17,Kansas City Royals,Oakland Athletics,6,2
2024-05-17,Texas Rangers,Los Angeles Angels,3,9
2024-05-17,Houston Astros,Milwaukee Brewers,5,4
2024-05-17,St. Louis Cardinals,Boston Red Sox,10,6
2024-05-17,Arizona Diamondbacks,Detroit Tigers,0,13
2024-05-17,Los Angeles Dodgers,Cincinnati Reds,7,3
2024-05-17,San Francisco Giants,Colorado Rockies,10,5
2024-05-18,New York Yankees,Chicago White Sox,6,1
2024-05-18,Chicago Cubs,Pittsburgh Pirates,1,0
2024-05-18,Toronto Blue Jays,Tampa Bay Rays,4,5
2024-05-18,Baltimore Orioles,Seattle Mariners,3,4
2024-05-18,San Francisco Giants,Colorado Rockies,14,4
2024-05-18,Miami Marlins,New York Mets,10,9
2024-05-18,Philadelphia Phillies,Washington Nationals,4,3
2024-05-18,Cleveland Guardians,Minnesota Twins,11,4
2024-05-18,Kansas City Royals,Oakland Athletics,5,3
2024-05-18,Houston Astros,Milwaukee Brewers,2,4
2024-05-18,St. Louis Cardinals,Boston Red Sox,7,2
2024-05-18,Texas Rangers,Los Angeles Angels,3,2
2024-05-18,Arizona Diamondbacks,Detroit Tigers,3,8
2024-05-18,Los Angeles Dodgers,Cincinnati Reds,4,0
2024-05-19,St. Louis Cardinals,Boston Red Sox,3,11
2024-05-19,Baltimore Orioles,Seattle Mariners,6,3
2024-05-19,Philadelphia Phillies,Washington Nationals,11,5
2024-05-19,New York Yankees,Chicago White Sox,7,2
2024-05-19,Toronto Blue Jays,Tampa Bay Rays,5,2
2024-05-19,Cleveland Guardians,Minnesota Twins,5,2
2024-05-19,Miami Marlins,New York Mets,3,7
2024-05-19,Kansas City Royals,Oakland Athletics,8,4
2024-05-19,Houston Astros,Milwaukee Brewers,9,4
2024-05-19,Chicago Cubs,Pittsburgh Pirates,2,3
2024-05-19,Texas Rangers,Los Angeles Angels,1,4
2024-05-19,San Francisco Giants,Colorado Rockies,4,1
2024-05-19,Arizona Diamondbacks,Detroit Tigers,6,4
2024-05-19,Los Angeles Dodgers,Cincinnati Reds,3,2
2024-05-19,Atlanta Braves,San Diego Padres,1,9
2024-05-20,Atlanta Braves,San Diego Padres,5,6
2024-05-20,Atlanta Braves,San Diego Padres,3,0
2024-05-20,Toronto Blue Jays,Chicago White Sox,9,3
2024-05-20,Cleveland Guardians,New York Mets,3,1
2024-05-20,Miami Marlins,Milwaukee Brewers,3,2
2024-05-20,Washington Nationals,Minnesota Twins,12,3
2024-05-20,Tampa Bay Rays,Boston Red Sox,0,5
2024-05-20,New York Yankees,Seattle Mariners,4,5
2024-05-20,Kansas City Royals,Detroit Tigers,8,3
2024-05-20,St. Louis Cardinals,Baltimore Orioles,6,3
2024-05-20,Houston Astros,Los Angeles Angels,7,9
2024-05-20,Los Angeles Dodgers,Arizona Diamondbacks,6,4
2024-05-21,Cleveland Guardians,New York Mets,7,6
2024-05-21,Cincinnati Reds,San Diego Padres,2,0
2024-05-21,Pittsburgh Pirates,San Francisco Giants,7,6
2024-05-21,Philadelphia Phillies,Texas Rangers,5,2
2024-05-21,Miami Marlins,Milwaukee Brewers,5,7
2024-05-21,Washington Nationals,Minnesota Twins,0,10
2024-05-21,Tampa Bay Rays,Boston Red Sox,2,5
2024-05-21,New York Yankees,Seattle Mariners,3,6
2024-05-21,Toronto Blue Jays,Chicago White Sox,0,5
2024-05-21,Kansas City Royals,Detroit Tigers,10,3
2024-05-21,Chicago Cubs,Atlanta Braves,4,3
2024-05-21,St. Louis Cardinals,Baltimore Orioles,3,1
2024-05-21,Houston Astros,Los Angeles Angels,6,5
2024-05-21,Oakland Athletics,Colorado Rockies,5,4
2024-05-21,Los Angeles Dodgers,Arizona Diamondbacks,3,7
2024-05-21,St. Louis Cardinals,Baltimore Orioles,3,1
2024-05-22,Washington Nationals,Minnesota Twins,2,3
2024-05-22,Cleveland Guardians,New York Mets,6,3
2024-05-22,St. Louis Cardinals,Baltimore Orioles,5,4
2024-05-22,Houston Astros,Los Angeles Angels,1,2
2024-05-22,Kansas City Royals,Detroit Tigers,8,3
2024-05-22,Cincinnati Reds,San Diego Padres,3,7
2024-05-22,Pittsburgh Pirates,San Francisco Giants,5,9
2024-05-22,Philadelphia Phillies,Texas Rangers,11,4
2024-05-22,Miami Marlins,Milwaukee Brewers,1,0
2024-05-22,Tampa Bay Rays,Boston Red Sox,5,8
2024-05-22,New York Yankees,Seattle Mariners,7,3
2024-05-22,Toronto Blue Jays,Chicago White Sox,9,2
2024-05-22,Chicago Cubs,Atlanta Braves,2,9
2024-05-22,Oakland Athletics,Colorado Rockies,3,4
2024-05-22,Los Angeles Dodgers,Arizona Diamondbacks,0,6
2024-05-23,Pittsburgh Pirates,San Francisco Giants,6,7
2024-05-23,New York Yankees,Seattle Mariners,5,0
2024-05-23,Philadelphia Phillies,Texas Rangers,5,2
2024-05-23,Cincinnati Reds,San Diego Padres,4,6
2024-05-23,Chicago Cubs,Atlanta Braves,0,3
2024-05-23,Oakland Athletics,Colorado Rockies,10,9
2024-05-23,Detroit Tigers,Toronto Blue Jays,1,9
2024-05-23,Chicago White Sox,Baltimore Orioles,6,8
2024-05-24,Detroit Tigers,Toronto Blue Jays,6,2
2024-05-24,Pittsburgh Pirates,Atlanta Braves,11,5
2024-05-24,Washington Nationals,Seattle Mariners,6,1
2024-05-24,Tampa Bay Rays,Kansas City Royals,1,8
2024-05-24,Cincinnati Reds,Los Angeles Dodgers,9,6
2024-05-24,New York Mets,San Francisco Giants,7,8
2024-05-24,Minnesota Twins,Texas Rangers,3,2
2024-05-24,Boston Red Sox,Milwaukee Brewers,2,7
2024-05-24,Chicago White Sox,Baltimore Orioles,4,6
2024-05-24,Colorado Rockies,Philadelphia Phillies,3,2
2024-05-24,Los Angeles Angels,Cleveland Guardians,4,10
2024-05-24,Oakland Athletics,Houston Astros,3,6
2024-05-24,Arizona Diamondbacks,Miami Marlins,0,3
2024-05-24,San Diego Padres,New York Yankees,0,8
2024-05-25,Detroit Tigers,Toronto Blue Jays,2,1
2024-05-25,New York Mets,San Francisco Giants,2,7
2024-05-25,Minnesota Twins,Texas Rangers,5,3
2024-05-25,Chicago White Sox,Baltimore Orioles,3,5
2024-05-25,Washington Nationals,Seattle Mariners,3,1
2024-05-25,Pittsburgh Pirates,Atlanta Braves,4,1
2024-05-25,Oakland Athletics,Houston Astros,3,1
2024-05-25,Tampa Bay Rays,Kansas City Royals,4,7
2024-05-25,Boston Red Sox,Milwaukee Brewers,3,6
2024-05-25,Cincinnati Reds,Los Angeles Dodgers,3,1
2024-05-25,St. Louis Cardinals,Chicago Cubs,7,6
2024-05-25,Colorado Rockies,Philadelphia Phillies,4,8
2024-05-25,Los Angeles Angels,Cleveland Guardians,3,4
2024-05-25,San Diego Padres,New York Yankees,1,4
2024-05-25,Arizona Diamondbacks,Miami Marlins,3,2
2024-05-26,Detroit Tigers,Toronto Blue Jays,14,11
2024-05-26,Cincinnati Reds,Los Angeles Dodgers,4,1
2024-05-26,Washington Nationals,Seattle Mariners,5,9
2024-05-26,Pittsburgh Pirates,Atlanta Braves,1,8
2024-05-26,Boston Red Sox,Milwaukee Brewers,2,1
2024-05-26,New York Mets,San Francisco Giants,4,3
2024-05-26,Tampa Bay Rays,Kansas City Royals,4,1
2024-05-26,Minnesota Twins,Texas Rangers,2,6
2024-05-26,Chicago White Sox,Baltimore Orioles,1,4
2024-05-26,Colorado Rockies,Philadelphia Phillies,5,2
2024-05-26,Los Angeles Angels,Cleveland Guardians,4,5
2024-05-26,Oakland Athletics,Houston Astros,2,5
2024-05-26,Arizona Diamondbacks,Miami Marlins,1,3
2024-05-26,San Diego Padres,New York Yankees,5,2
2024-05-26,St. Louis Cardinals,Chicago Cubs,4,3
2024-05-27,Baltimore Orioles,Boston Red Sox,11,3
2024-05-27,Minnesota Twins,Kansas City Royals,6,5
2024-05-27,Chicago White Sox,Toronto Blue Jays,1,5
2024-05-27,Colorado Rockies,Cleveland Guardians,8,6
2024-05-27,Cincinnati Reds,St. Louis Cardinals,3,1
2024-05-27,Atlanta Braves,Washington Nationals,4,8
2024-05-27,Milwaukee Brewers,Chicago Cubs,5,1
2024-05-27,San Francisco Giants,Philadelphia Phillies,8,4
2024-05-27,San Diego Padres,Miami Marlins,2,1
2024-05-27,Seattle Mariners,Houston Astros,3,2
2024-05-28,New York Mets,Los Angeles Dodgers,2,5
2024-05-28,New York Mets,Los Angeles Dodgers,0,3
2024-05-28,Baltimore Orioles,Boston Red Sox,3,8
2024-05-28,Cincinnati Reds,St. Louis Cardinals,1,7
2024-05-28,Tampa Bay Rays,Oakland Athletics,0,3
2024-05-28,Atlanta Braves,Washington Nationals,2,0
2024-05-28,Minnesota Twins,Kansas City Royals,4,2
2024-05-28,Chicago White Sox,Toronto Blue Jays,2,7
2024-05-28,Milwaukee Brewers,Chicago Cubs,3,6
2024-05-28,Texas Rangers,Arizona Diamondbacks,4,2
2024-05-28,Colorado Rockies,Cleveland Guardians,7,13
2024-05-28,Los Angeles Angels,New York Yankees,4,3
2024-05-28,Seattle Mariners,Houston Astros,4,2
2024-05-28,San Diego Padres,Miami Marlins,4,0
2024-05-28,San Francisco Giants,Philadelphia Phillies,1,0
2024-05-29,Detroit Tigers,Pittsburgh Pirates,8,0
2024-05-29,Detroit Tigers,Pittsburgh Pirates,2,10
2024-05-29,Cincinnati Reds,St. Louis Cardinals,3,5
2024-05-29,Texas Rangers,Arizona Diamondbacks,6,1
2024-05-29,San Francisco Giants,Philadelphia Phillies,1,6
2024-05-29,New York Mets,Los Angeles Dodgers,3,10
2024-05-29,San Diego Padres,Miami Marlins,1,9
2024-05-29,Baltimore Orioles,Boston Red Sox,6,1
2024-05-29,Tampa Bay Rays,Oakland Athletics,4,3
2024-05-29,Atlanta Braves,Washington Nationals,2,7
2024-05-29,Minnesota Twins,Kansas City Royals,1,6
2024-05-29,Chicago White Sox,Toronto Blue Jays,1,3
2024-05-29,Milwaukee Brewers,Chicago Cubs,10,6
2024-05-29,Colorado Rockies,Cleveland Guardians,7,4
2024-05-29,Los Angeles Angels,New York Yankees,1,2
2024-05-29,Seattle Mariners,Houston Astros,2,1
2024-05-30,Tampa Bay Rays,Oakland Athletics,6,5
2024-05-30,Minnesota Twins,Kansas City Royals,7,6
2024-05-30,Milwaukee Brewers,Chicago Cubs,6,4
2024-05-30,Seattle Mariners,Houston Astros,0,4
2024-05-30,Boston Red Sox,Detroit Tigers,0,5
2024-05-30,New York Mets,Arizona Diamondbacks,3,2
2024-05-30,Atlanta Braves,Washington Nationals,1,3
2024-05-30,Los Angeles Angels,New York Yankees,3,8
2024-05-31,Chicago Cubs,Cincinnati Reds,4,5
2024-05-31,Philadelphia Phillies,St. Louis Cardinals,4,2
2024-05-31,Baltimore Orioles,Tampa Bay Rays,3,1
2024-05-31,Toronto Blue Jays,Pittsburgh Pirates,5,3
2024-05-31,Boston Red Sox,Detroit Tigers,7,3
2024-05-31,Cleveland Guardians,Washington Nationals,7,1
2024-05-31,New York Mets,Arizona Diamondbacks,10,9
2024-05-31,Miami Marlins,Texas Rangers,8,2
2024-05-31,Atlanta Braves,Oakland Athletics,4,2
2024-05-31,Kansas City Royals,San Diego Padres,8,11
2024-05-31,Houston Astros,Minnesota Twins,1,6
2024-05-31,Milwaukee Brewers,Chicago White Sox,12,5
2024-05-31,Los Angeles Dodgers,Colorado Rockies,1,4
2024-05-31,Seattle Mariners,Los Angeles Angels,5,4
2024-05-31,San Francisco Giants,New York Yankees,2,6
2024-06-01,Toronto Blue Jays,Pittsburgh Pirates,1,8
2024-06-01,Baltimore Orioles,Tampa Bay Rays,9,5
2024-06-01,Boston Red Sox,Detroit Tigers,6,3
2024-06-01,Cleveland Guardians,Washington Nationals,3,2
2024-06-01,New York Mets,Arizona Diamondbacks,5,10
2024-06-01,Kansas City Royals,San Diego Padres,3,7
2024-06-01,Houston Astros,Minnesota Twins,5,2
2024-06-01,Atlanta Braves,Oakland Athletics,9,11
2024-06-01,Miami Marlins,Texas Rangers,0,7
2024-06-01,Milwaukee Brewers,Chicago White Sox,4,3
2024-06-01,Chicago Cubs,Cincinnati Reds,7,5
2024-06-01,Seattle Mariners,Los Angeles Angels,9,0
2024-06-01,Philadelphia Phillies,St. Louis Cardinals,6,1
2024-06-01,San Francisco Giants,New York Yankees,3,7
2024-06-01,Los Angeles Dodgers,Colorado Rockies,4,1
2024-06-02,Houston Astros,Minnesota Twins,3,4
2024-06-02,Boston Red Sox,Detroit Tigers,4,8
2024-06-02,Baltimore Orioles,Tampa Bay Rays,3,4
2024-06-02,Atlanta Braves,Oakland Athletics,3,1
2024-06-02,Toronto Blue Jays,Pittsburgh Pirates,5,4
2024-06-02,Cleveland Guardians,Washington Nationals,2,5
2024-06-02,New York Mets,Arizona Diamondbacks,4,5
2024-06-02,Miami Marlins,Texas Rangers,0,6
2024-06-02,Kansas City Royals,San Diego Padres,4,3
2024-06-02,Milwaukee Brewers,Chicago White Sox,6,3
2024-06-02,Chicago Cubs,Cincinnati Reds,2,5
2024-06-02,San Francisco Giants,New York Yankees,5,7
2024-06-02,Los Angeles Dodgers,Colorado Rockies,4,0
2024-06-02,Seattle Mariners,Los Angeles Angels,5,1
2024-06-02,Philadelphia Phillies,St. Louis Cardinals,4,5
2024-06-03,Philadelphia Phillies,Milwaukee Brewers,3,1
2024-06-03,Washington Nationals,New York Mets,7,8
2024-06-03,Toronto Blue Jays,Baltimore Orioles,2,7
2024-06-03,Texas Rangers,Detroit Tigers,1,2
2024-06-03,Houston Astros,St. Louis Cardinals,7,4
2024-06-03,Colorado Rockies,Cincinnati Reds,3,13
2024-06-03,Los Angeles Angels,San Diego Padres,2,1
2024-06-03,Arizona Diamondbacks,San Francisco Giants,4,2
2024-06-04,Cleveland Guardians,Kansas City Royals,8,5
2024-06-04,Pittsburgh Pirates,Los Angeles Dodgers,1,0
2024-06-04,Miami Marlins,Tampa Bay Rays,5,9
2024-06-04,Philadelphia Phillies,Milwaukee Brewers,2,1
2024-06-04,Washington Nationals,New York Mets,3,6
2024-06-04,New York Yankees,Minnesota Twins,5,1
2024-06-04,Toronto Blue Jays,Baltimore Orioles,1,10
2024-06-04,Boston Red Sox,Atlanta Braves,3,8
2024-06-04,Texas Rangers,Detroit Tigers,1,3
2024-06-04,Chicago Cubs,Chicago White Sox,7,6
2024-06-04,Houston Astros,St. Louis Cardinals,8,5
2024-06-04,Colorado Rockies,Cincinnati Reds,1,4
2024-06-04,Los Angeles Angels,San Diego Padres,4,2
2024-06-04,Oakland Athletics,Seattle Mariners,3,4
2024-06-04,Arizona Diamondbacks,San Francisco Giants,8,5
2024-06-05,Boston Red Sox,Atlanta Braves,9,0
2024-06-05,Houston Astros,St. Louis Cardinals,2,4
2024-06-05,Colorado Rockies,Cincinnati Reds,7,12
2024-06-05,Arizona Diamondbacks,San Francisco Giants,3,9
2024-06-05,Washington Nationals,New York Mets,1,9
2024-06-05,Philadelphia Phillies,Milwaukee Brewers,2,0
2024-06-05,Pittsburgh Pirates,Los Angeles Dodgers,10,6
2024-06-05,Miami Marlins,Tampa Bay Rays,3,5
2024-06-05,New York Yankees,Minnesota Twins,9,5
2024-06-05,Toronto Blue Jays,Baltimore Orioles,3,2
2024-06-05,Texas Rangers,Detroit Tigers,9,1
2024-06-05,Chicago Cubs,Chicago White Sox,7,6
2024-06-05,Los Angeles Angels,San Diego Padres,3,2
2024-06-05,Oakland Athletics,Seattle Mariners,2,1
2024-06-06,Toronto Blue Jays,Baltimore Orioles,6,5
2024-06-06,Cleveland Guardians,Kansas City Royals,3,4
2024-06-06,Oakland Athletics,Seattle Mariners,0,3
2024-06-06,Pittsburgh Pirates,Los Angeles Dodgers,7,11
2024-06-06,Washington Nationals,Atlanta Braves,2,5
2024-06-06,New York Yankees,Minnesota Twins,8,5
2024-06-06,Cincinnati Reds,Chicago Cubs,8,4
2024-06-06,St. Louis Cardinals,Colorado Rockies,2,3
2024-06-06,Chicago White Sox,Boston Red Sox,2,14
2024-06-06,San Diego Padres,Arizona Diamondbacks,3,4
2024-06-07,St. Louis Cardinals,Colorado Rockies,8,5
2024-06-07,Pittsburgh Pirates,Minnesota Twins,3,0
2024-06-07,Detroit Tigers,Milwaukee Brewers,0,10
2024-06-07,Washington Nationals,Atlanta Braves,2,1
2024-06-07,Tampa Bay Rays,Baltimore Orioles,3,6
2024-06-07,New York Yankees,Los Angeles Dodgers,1,2
2024-06-07,Cincinnati Reds,Chicago Cubs,3,2
2024-06-07,Miami Marlins,Cleveland Guardians,3,2
2024-06-07,Texas Rangers,San Francisco Giants,2,5
2024-06-07,Kansas City Royals,Seattle Mariners,10,9
2024-06-07,Chicago White Sox,Boston Red Sox,7,2
2024-06-07,Los Angeles Angels,Houston Astros,1,7
2024-06-07,San Diego Padres,Arizona Diamondbacks,10,3
2024-06-07,Oakland Athletics,Toronto Blue Jays,2,1
2024-06-08,New York Mets,Philadelphia Phillies,2,7
2024-06-08,Texas Rangers,San Francisco Giants,1,3
2024-06-08,Pittsburgh Pirates,Minnesota Twins,4,0
2024-06-08,Washington Nationals,Atlanta Braves,7,3
2024-06-08,Oakland Athletics,Toronto Blue Jays,0,7
2024-06-08,Cincinnati Reds,Chicago Cubs,4,3
2024-06-08,Kansas City Royals,Seattle Mariners,8,4
2024-06-08,Tampa Bay Rays,Baltimore Orioles,0,5
2024-06-08,Chicago White Sox,Boston Red Sox,6,1
2024-06-08,Detroit Tigers,Milwaukee Brewers,4,5
2024-06-08,St. Louis Cardinals,Colorado Rockies,5,6
2024-06-08,Miami Marlins,Cleveland Guardians,0,8
2024-06-08,New York Yankees,Los Angeles Dodgers,3,11
2024-06-08,San Diego Padres,Arizona Diamondbacks,13,1
2024-06-08,Los Angeles Angels,Houston Astros,1,6
2024-06-09,Philadelphia Phillies,New York Mets,5,6
2024-06-09,Texas Rangers,San Francisco Giants,7,2
2024-06-09,Pittsburgh Pirates,Minnesota Twins,5,11
2024-06-09,Washington Nationals,Atlanta Braves,8,5
2024-06-09,Cincinnati Reds,Chicago Cubs,2,4
2024-06-09,Tampa Bay Rays,Baltimore Orioles,2,9
2024-06-09,Miami Marlins,Cleveland Guardians,3,6
2024-06-09,Detroit Tigers,Milwaukee Brewers,10,2
2024-06-09,Kansas City Royals,Seattle Mariners,5,6
2024-06-09,Chicago White Sox,Boston Red Sox,4,6
2024-06-09,St. Louis Cardinals,Colorado Rockies,5,1
2024-06-09,Los Angeles Angels,Houston Astros,9,7
2024-06-09,Oakland Athletics,Toronto Blue Jays,4,6
2024-06-09,San Diego Padres,Arizona Diamondbacks,3,9
2024-06-09,New York Yankees,Los Angeles Dodgers,6,4
2024-06-10,Tampa Bay Rays,Baltimore Orioles,2,5
2024-06-10,Minnesota Twins,Colorado Rockies,5,0
2024-06-10,Kansas City Royals,New York Yankees,2,4
2024-06-10,Milwaukee Brewers,Toronto Blue Jays,3,1
2024-06-10,San Diego Padres,Oakland Athletics,6,1
2024-06-10,Seattle Mariners,Chicago White Sox,8,4
2024-06-10,San Francisco Giants,Houston Astros,4,3
2024-06-11,Baltimore Orioles,Atlanta Braves,4,0
2024-06-11,Detroit Tigers,Washington Nationals,4,5
2024-06-11,Tampa Bay Rays,Chicago Cubs,5,2
2024-06-11,Cincinnati Reds,Cleveland Guardians,3,5
2024-06-11,Boston Red Sox,Philadelphia Phillies,1,4
2024-06-11,New York Mets,Miami Marlins,2,4
2024-06-11,Minnesota Twins,Colorado Rockies,4,5
2024-06-11,St. Louis Cardinals,Pittsburgh Pirates,1,2
2024-06-11,Kansas City Royals,New York Yankees,1,10
2024-06-11,Milwaukee Brewers,Toronto Blue Jays,0,3
2024-06-11,Arizona Diamondbacks,Los Angeles Angels,9,4
2024-06-11,San Diego Padres,Oakland Athletics,4,3
2024-06-11,Seattle Mariners,Chicago White Sox,4,3
2024-06-11,San Francisco Giants,Houston Astros,1,3
2024-06-11,Los Angeles Dodgers,Texas Rangers,15,2
2024-06-12,Minnesota Twins,Colorado Rockies,17,9
2024-06-12,Milwaukee Brewers,Toronto Blue Jays,5,4
2024-06-12,San Francisco Giants,Houston Astros,5,3
2024-06-12,San Diego Padres,Oakland Athletics,5,4
2024-06-12,Baltimore Orioles,Atlanta Braves,4,2
2024-06-12,Detroit Tigers,Washington Nationals,5,7
2024-06-12,Tampa Bay Rays,Chicago Cubs,3,4
2024-06-12,Cincinnati Reds,Cleveland Guardians,4,2
2024-06-12,Boston Red Sox,Philadelphia Phillies,8,6
2024-06-12,New York Mets,Miami Marlins,10,4
2024-06-12,St. Louis Cardinals,Pittsburgh Pirates,4,2
2024-06-12,Kansas City Royals,New York Yankees,5,11
2024-06-12,Arizona Diamondbacks,Los Angeles Angels,3,8
2024-06-12,Seattle Mariners,Chicago White Sox,2,1
2024-06-12,Los Angeles Dodgers,Texas Rangers,2,3
2024-06-13,Baltimore Orioles,Atlanta Braves,3,6
2024-06-13,Detroit Tigers,Washington Nationals,7,2
2024-06-13,Kansas City Royals,New York Yankees,4,3
2024-06-13,St. Louis Cardinals,Pittsburgh Pirates,4,3
2024-06-13,Tampa Bay Rays,Chicago Cubs,3,2
2024-06-13,Boston Red Sox,Philadelphia Phillies,9,3
2024-06-13,New York Mets,Miami Marlins,3,2
2024-06-13,Minnesota Twins,Oakland Athletics,6,2
2024-06-13,Arizona Diamondbacks,Los Angeles Angels,11,1
2024-06-13,Seattle Mariners,Chicago White Sox,2,3
2024-06-13,Los Angeles Dodgers,Texas Rangers,1,3
2024-06-14,Chicago Cubs,St. Louis Cardinals,0,3
2024-06-14,Boston Red Sox,New York Yankees,1,8
2024-06-14,Washington Nationals,Miami Marlins,8,1
2024-06-14,Baltimore Orioles,Philadelphia Phillies,3,5
2024-06-14,Toronto Blue Jays,Cleveland Guardians,1,3
2024-06-14,New York Mets,San Diego Padres,2,1
2024-06-14,Atlanta Braves,Tampa Bay Rays,7,3
2024-06-14,Houston Astros,Detroit Tigers,4,0
2024-06-14,Minnesota Twins,Oakland Athletics,6,5
2024-06-14,Milwaukee Brewers,Cincinnati Reds,5,6
2024-06-14,Colorado Rockies,Pittsburgh Pirates,2,5
2024-06-14,Arizona Diamondbacks,Chicago White Sox,7,1
2024-06-14,Los Angeles Dodgers,Kansas City Royals,4,3
2024-06-14,Seattle Mariners,Texas Rangers,3,2
2024-06-14,San Francisco Giants,Los Angeles Angels,6,8
2024-06-15,Chicago Cubs,St. Louis Cardinals,5,1
2024-06-15,Toronto Blue Jays,Cleveland Guardians,5,0
2024-06-15,San Francisco Giants,Los Angeles Angels,3,4
2024-06-15,Baltimore Orioles,Philadelphia Phillies,6,2
2024-06-15,Washington Nationals,Miami Marlins,4,0
2024-06-15,Houston Astros,Detroit Tigers,5,13
2024-06-15,New York Mets,San Diego Padres,5,1
2024-06-15,Atlanta Braves,Tampa Bay Rays,9,2
2024-06-15,Milwaukee Brewers,Cincinnati Reds,3,1
2024-06-15,Seattle Mariners,Texas Rangers,7,5
2024-06-15,Boston Red Sox,New York Yankees,8,4
2024-06-15,Los Angeles Dodgers,Kansas City Royals,2,7
2024-06-15,Colorado Rockies,Pittsburgh Pirates,16,4
2024-06-15,Arizona Diamondbacks,Chicago White Sox,2,9
2024-06-16,Chicago Cubs,St. Louis Cardinals,1,2
2024-06-16,Baltimore Orioles,Philadelphia Phillies,8,3
2024-06-16,Atlanta Braves,Tampa Bay Rays,6,8
2024-06-16,Washington Nationals,Miami Marlins,3,1
2024-06-16,Toronto Blue Jays,Cleveland Guardians,7,6
2024-06-16,New York Mets,San Diego Padres,11,6
2024-06-16,Houston Astros,Detroit Tigers,4,1
2024-06-16,Minnesota Twins,Oakland Athletics,6,2
2024-06-16,Minnesota Twins,Oakland Athletics,8,7
2024-06-16,Milwaukee Brewers,Cincinnati Reds,5,4
2024-06-16,Colorado Rockies,Pittsburgh Pirates,2,8
2024-06-16,San Francisco Giants,Los Angeles Angels,13,6
2024-06-16,Los Angeles Dodgers,Kansas City Royals,3,0
2024-06-16,Seattle Mariners,Texas Rangers,5,0
2024-06-16,Arizona Diamondbacks,Chicago White Sox,12,5
2024-06-16,Boston Red Sox,New York Yankees,9,3
2024-06-17,Pittsburgh Pirates,Cincinnati Reds,4,1
2024-06-17,Philadelphia Phillies,San Diego Padres,9,2
2024-06-17,Miami Marlins,St. Louis Cardinals,6,7
2024-06-17,Toronto Blue Jays,Boston Red Sox,3,7
2024-06-17,Atlanta Braves,Detroit Tigers,2,1
2024-06-17,Chicago Cubs,San Francisco Giants,6,7
2024-06-17,Texas Rangers,New York Mets,2,14
2024-06-17,Colorado Rockies,Los Angeles Dodgers,5,9
2024-06-17,Los Angeles Angels,Milwaukee Brewers,5,3
2024-06-18,Miami Marlins,St. Louis Cardinals,9,8
2024-06-18,Pittsburgh Pirates,Cincinnati Reds,1,2
2024-06-18,Cleveland Guardians,Seattle Mariners,5,8
2024-06-18,Philadelphia Phillies,San Diego Padres,4,3
2024-06-18,Washington Nationals,Arizona Diamondbacks,0,5
2024-06-18,New York Yankees,Baltimore Orioles,4,2
2024-06-18,Toronto Blue Jays,Boston Red Sox,3,4
2024-06-18,Atlanta Braves,Detroit Tigers,2,1
2024-06-18,Minnesota Twins,Tampa Bay Rays,7,6
2024-06-18,Chicago Cubs,San Francisco Giants,5,2
2024-06-18,Texas Rangers,New York Mets,6,7
2024-06-18,Chicago White Sox,Houston Astros,2,0
2024-06-18,Colorado Rockies,Los Angeles Dodgers,9,11
2024-06-18,Los Angeles Angels,Milwaukee Brewers,3,6
2024-06-18,Oakland Athletics,Kansas City Royals,7,5
2024-06-19,Atlanta Braves,Detroit Tigers,7,0
2024-06-19,Pittsburgh Pirates,Cincinnati Reds,1,0
2024-06-19,Miami Marlins,St. Louis Cardinals,4,3
2024-06-19,Philadelphia Phillies,San Diego Padres,2,5
2024-06-19,Chicago Cubs,San Francisco Giants,6,5
2024-06-19,Washington Nationals,Arizona Diamondbacks,3,1
2024-06-19,Cleveland Guardians,Seattle Mariners,8,0
2024-06-19,New York Yankees,Baltimore Orioles,6,7
2024-06-19,Toronto Blue Jays,Boston Red Sox,3,7
2024-06-19,Minnesota Twins,Tampa Bay Rays,2,3
2024-06-19,Texas Rangers,New York Mets,5,3
2024-06-19,Chicago White Sox,Houston Astros,1,4
2024-06-19,Colorado Rockies,Los Angeles Dodgers,7,6
2024-06-19,Los Angeles Angels,Milwaukee Brewers,0,2
2024-06-19,Oakland Athletics,Kansas City Royals,5,1
2024-06-20,Washington Nationals,Arizona Diamondbacks,2,5
2024-06-20,Cleveland Guardians,Seattle Mariners,6,3
2024-06-20,Minnesota Twins,Tampa Bay Rays,6,7
2024-06-20,Chicago White Sox,Houston Astros,3,5
2024-06-20,Colorado Rockies,Los Angeles Dodgers,3,5
2024-06-20,Oakland Athletics,Kansas City Royals,2,3
2024-06-20,New York Yankees,Baltimore Orioles,5,17
2024-06-20,St. Louis Cardinals,San Francisco Giants,6,5
2024-06-20,San Diego Padres,Milwaukee Brewers,7,6
2024-06-21,Chicago Cubs,New York Mets,1,11
2024-06-21,Pittsburgh Pirates,Tampa Bay Rays,3,10
2024-06-21,Philadelphia Phillies,Arizona Diamondbacks,4,5
2024-06-21,Detroit Tigers,Chicago White Sox,2,1
2024-06-21,New York Yankees,Atlanta Braves,1,8
2024-06-21,Cincinnati Reds,Boston Red Sox,5,2
2024-06-21,Cleveland Guardians,Toronto Blue Jays,7,1
2024-06-21,Miami Marlins,Seattle Mariners,3,2
2024-06-21,Texas Rangers,Kansas City Royals,6,2
2024-06-21,Houston Astros,Baltimore Orioles,14,11
2024-06-21,Colorado Rockies,Washington Nationals,5,11
2024-06-21,Oakland Athletics,Minnesota Twins,6,5
2024-06-21,San Diego Padres,Milwaukee Brewers,9,5
2024-06-21,Los Angeles Dodgers,Los Angeles Angels,2,3
2024-06-22,Detroit Tigers,Chicago White Sox,1,5
2024-06-22,St. Louis Cardinals,San Francisco Giants,9,4
2024-06-22,Chicago Cubs,New York Mets,8,1
2024-06-22,Pittsburgh Pirates,Tampa Bay Rays,4,3
2024-06-22,Texas Rangers,Kansas City Royals,6,0
2024-06-22,Philadelphia Phillies,Arizona Diamondbacks,12,1
2024-06-22,Oakland Athletics,Minnesota Twins,2,10
2024-06-22,Cincinnati Reds,Boston Red Sox,3,4
2024-06-22,Houston Astros,Baltimore Orioles,5,1
2024-06-22,Cleveland Guardians,Toronto Blue Jays,6,3
2024-06-22,Miami Marlins,Seattle Mariners,0,9
2024-06-22,New York Yankees,Atlanta Braves,8,3
2024-06-22,San Diego Padres,Milwaukee Brewers,6,4
2024-06-22,Colorado Rockies,Washington Nationals,8,7
2024-06-22,Los Angeles Dodgers,Los Angeles Angels,7,2
2024-06-23,Philadelphia Phillies,Arizona Diamondbacks,4,1
2024-06-23,Pittsburgh Pirates,Tampa Bay Rays,1,3
2024-06-23,New York Yankees,Atlanta Braves,1,3
2024-06-23,Cincinnati Reds,Boston Red Sox,4,7
2024-06-23,Cleveland Guardians,Toronto Blue Jays,6,5
2024-06-23,Detroit Tigers,Chicago White Sox,11,2
2024-06-23,Miami Marlins,Seattle Mariners,6,4
2024-06-23,Houston Astros,Baltimore Orioles,8,1
2024-06-23,St. Louis Cardinals,San Francisco Giants,5,3
2024-06-23,Texas Rangers,Kansas City Royals,4,0
2024-06-23,Colorado Rockies,Washington Nationals,1,2
2024-06-23,Oakland Athletics,Minnesota Twins,0,3
2024-06-23,San Diego Padres,Milwaukee Brewers,2,6
2024-06-23,Chicago Cubs,New York Mets,2,5
2024-06-24,Baltimore Orioles,Cleveland Guardians,2,3
2024-06-24,Detroit Tigers,Philadelphia Phillies,1,8
2024-06-24,Tampa Bay Rays,Seattle Mariners,4,3
2024-06-24,Cincinnati Reds,Pittsburgh Pirates,11,5
2024-06-24,Boston Red Sox,Toronto Blue Jays,7,6
2024-06-24,St. Louis Cardinals,Atlanta Braves,4,3
2024-06-24,Chicago White Sox,Los Angeles Dodgers,0,3
2024-06-24,Kansas City Royals,Miami Marlins,4,1
2024-06-24,Milwaukee Brewers,Texas Rangers,6,3
2024-06-24,Los Angeles Angels,Oakland Athletics,5,1
2024-06-24,San Diego Padres,Washington Nationals,7,6
2024-06-24,San Francisco Giants,Chicago Cubs,5,4
2024-06-25,Baltimore Orioles,Cleveland Guardians,8,10
2024-06-25,Detroit Tigers,Philadelphia Phillies,4,1
2024-06-25,Tampa Bay Rays,Seattle Mariners,11,3
2024-06-25,Cincinnati Reds,Pittsburgh Pirates,5,9
2024-06-25,Boston Red Sox,Toronto Blue Jays,4,9
2024-06-25,New York Mets,New York Yankees,9,7
2024-06-25,Houston Astros,Colorado Rockies,5,2
2024-06-25,Chicago White Sox,Los Angeles Dodgers,3,4
2024-06-25,Kansas City Royals,Miami Marlins,1,2
2024-06-25,Milwaukee Brewers,Texas Rangers,3,1
2024-06-25,Los Angeles Angels,Oakland Athletics,7,5
2024-06-25,San Diego Padres,Washington Nationals,9,7
2024-06-25,Arizona Diamondbacks,Minnesota Twins,5,4
2024-06-25,San Francisco Giants,Chicago Cubs,5,1
2024-06-26,Tampa Bay Rays,Seattle Mariners,2,5
2024-06-26,Cincinnati Reds,Pittsburgh Pirates,1,6
2024-06-26,Detroit Tigers,Philadelphia Phillies,2,6
2024-06-26,St. Louis Cardinals,Atlanta Braves,2,6
2024-06-26,St. Louis Cardinals,Atlanta Braves,4,1
2024-06-26,Houston Astros,Colorado Rockies,7,1
2024-06-26,Kansas City Royals,Miami Marlins,5,1
2024-06-26,Milwaukee Brewers,Texas Rangers,6,5
2024-06-26,Los Angeles Angels,Oakland Athletics,5,2
2024-06-26,San Diego Padres,Washington Nationals,8,5
2024-06-26,Baltimore Orioles,Cleveland Guardians,4,2
2024-06-26,Boston Red Sox,Toronto Blue Jays,1,4
2024-06-26,New York Mets,New York Yankees,12,2
2024-06-26,Chicago White Sox,Los Angeles Dodgers,0,4
2024-06-26,Arizona Diamondbacks,Minnesota Twins,3,8
2024-06-26,San Francisco Giants,Chicago Cubs,4,3
2024-06-27,Arizona Diamondbacks,Minnesota Twins,6,13
2024-06-27,San Francisco Giants,Chicago Cubs,3,5
2024-06-27,Chicago White Sox,Atlanta Braves,1,0
2024-06-27,Philadelphia Phillies,Miami Marlins,4,7
2024-06-27,Baltimore Orioles,Texas Rangers,11,2
2024-06-27,Toronto Blue Jays,New York Yankees,9,2
2024-06-27,St. Louis Cardinals,Cincinnati Reds,4,11
2024-06-27,Kansas City Royals,Cleveland Guardians,2,1
2024-06-27,Los Angeles Angels,Detroit Tigers,5,0
2024-06-28,Philadelphia Phillies,Miami Marlins,2,0
2024-06-28,Tampa Bay Rays,Washington Nationals,3,1
2024-06-28,Baltimore Orioles,Texas Rangers,2,1
2024-06-28,Toronto Blue Jays,New York Yankees,5,16
2024-06-28,New York Mets,Houston Astros,7,2
2024-06-28,Boston Red Sox,San Diego Padres,2,9
2024-06-28,Chicago White Sox,Colorado Rockies,5,3
2024-06-28,Atlanta Braves,Pittsburgh Pirates,6,1
2024-06-28,Kansas City Royals,Cleveland Guardians,10,3
2024-06-28,Milwaukee Brewers,Chicago Cubs,4,2
2024-06-28,St. Louis Cardinals,Cincinnati Reds,1,0
2024-06-28,Los Angeles Angels,Detroit Tigers,5,2
2024-06-28,Arizona Diamondbacks,Oakland Athletics,4,9
2024-06-28,Seattle Mariners,Minnesota Twins,3,2
2024-06-28,San Francisco Giants,Los Angeles Dodgers,5,3
2024-06-29,Chicago White Sox,Colorado Rockies,11,3
2024-06-29,St. Louis Cardinals,Cincinnati Reds,4,9
2024-06-29,Toronto Blue Jays,New York Yankees,9,3
2024-06-29,Philadelphia Phillies,Miami Marlins,2,3
2024-06-29,Kansas City Royals,Cleveland Guardians,2,7
2024-06-29,New York Mets,Houston Astros,6,9
2024-06-29,Arizona Diamondbacks,Oakland Athletics,3,0
2024-06-29,Boston Red Sox,San Diego Padres,1,11
2024-06-29,Tampa Bay Rays,Washington Nationals,1,8
2024-06-29,Atlanta Braves,Pittsburgh Pirates,2,1
2024-06-29,Milwaukee Brewers,Chicago Cubs,3,5
2024-06-29,San Francisco Giants,Los Angeles Dodgers,7,14
2024-06-29,Baltimore Orioles,Texas Rangers,6,5
2024-06-29,Los Angeles Angels,Detroit Tigers,6,5
2024-06-29,Seattle Mariners,Minnesota Twins,1,5
2024-06-30,Atlanta Braves,Pittsburgh Pirates,2,4
2024-06-30,Boston Red Sox,San Diego Padres,4,1
2024-06-30,Philadelphia Phillies,Miami Marlins,7,6
2024-06-30,Toronto Blue Jays,New York Yankees,1,8
2024-06-30,New York Mets,Houston Astros,5,10
2024-06-30,Tampa Bay Rays,Washington Nationals,5,0
2024-06-30,Kansas City Royals,Cleveland Guardians,6,2
2024-06-30,Chicago White Sox,Colorado Rockies,4,5
2024-06-30,Milwaukee Brewers,Chicago Cubs,7,1
2024-06-30,St. Louis Cardinals,Cincinnati Reds,2,0
2024-06-30,San Francisco Giants,Los Angeles Dodgers,10,4
2024-06-30,Los Angeles Angels,Detroit Tigers,6,7
2024-06-30,Arizona Diamondbacks,Oakland Athletics,5,1
2024-06-30,Seattle Mariners,Minnesota Twins,3,5
2024-06-30,Baltimore Orioles,Texas Rangers,2,11
2024-07-01,Toronto Blue Jays,Houston Astros,1,3
2024-07-01,Washington Nationals,New York Mets,7,9
2024-07-01,Colorado Rockies,Milwaukee Brewers,8,7
2024-07-02,Pittsburgh Pirates,St. Louis Cardinals,4,7
2024-07-02,Cleveland Guardians,Chicago White Sox,7,6
2024-07-02,Miami Marlins,Boston Red Sox,3,8
2024-07-02,Washington Nationals,New York Mets,2,7
2024-07-02,New York Yankees,Cincinnati Reds,4,5
2024-07-02,Toronto Blue Jays,Houston Astros,7,6
2024-07-02,Atlanta Braves,San Francisco Giants,3,5
2024-07-02,Minnesota Twins,Detroit Tigers,5,3
2024-07-02,Texas Rangers,San Diego Padres,7,0
2024-07-02,Chicago Cubs,Philadelphia Phillies,4,6
2024-07-02,Kansas City Royals,Tampa Bay Rays,1,5
2024-07-02,Colorado Rockies,Milwaukee Brewers,3,4
2024-07-02,Oakland Athletics,Los Angeles Angels,7,5
2024-07-02,Seattle Mariners,Baltimore Orioles,0,2
2024-07-02,Los Angeles Dodgers,Arizona Diamondbacks,6,5
2024-07-03,Pittsburgh Pirates,St. Louis Cardinals,5,4
2024-07-03,Cleveland Guardians,Chicago White Sox,2,8
2024-07-03,Miami Marlins,Boston Red Sox,2,7
2024-07-03,Washington Nationals,New York Mets,7,5
2024-07-03,New York Yankees,Cincinnati Reds,2,3
2024-07-03,Toronto Blue Jays,Houston Astros,2,9
2024-07-03,Atlanta Braves,San Francisco Giants,3,1
2024-07-03,Texas Rangers,San Diego Padres,4,6
2024-07-03,Chicago Cubs,Philadelphia Phillies,3,5
2024-07-03,Kansas City Royals,Tampa Bay Rays,4,2
2024-07-03,Minnesota Twins,Detroit Tigers,2,9
2024-07-03,Colorado Rockies,Milwaukee Brewers,0,3
2024-07-03,Oakland Athletics,Los Angeles Angels,5,0
2024-07-03,Los Angeles Dodgers,Arizona Diamondbacks,4,12
2024-07-03,Seattle Mariners,Baltimore Orioles,1,4
2024-07-04,Washington Nationals,New York Mets,1,0
2024-07-04,Pittsburgh Pirates,St. Louis Cardinals,2,3
2024-07-04,New York Yankees,Cincinnati Reds,4,8
2024-07-04,Toronto Blue Jays,Houston Astros,3,5
2024-07-04,Minnesota Twins,Detroit Tigers,12,3
2024-07-04,Cleveland Guardians,Chicago White Sox,8,4
2024-07-04,Miami Marlins,Boston Red Sox,5,6
2024-07-04,Chicago Cubs,Philadelphia Phillies,10,2
2024-07-04,Texas Rangers,San Diego Padres,1,3
2024-07-04,Oakland Athletics,Los Angeles Angels,5,0
2024-07-04,Seattle Mariners,Baltimore Orioles,7,3
2024-07-04,Atlanta Braves,San Francisco Giants,2,4
2024-07-04,Kansas City Royals,Tampa Bay Rays,8,10
2024-07-04,Colorado Rockies,Milwaukee Brewers,4,3
2024-07-04,Los Angeles Dodgers,Arizona Diamondbacks,3,9
2024-07-05,Chicago Cubs,Los Angeles Angels,5,1
2024-07-05,Pittsburgh Pirates,New York Mets,14,2
2024-07-05,Washington Nationals,St. Louis Cardinals,6,7
2024-07-05,New York Yankees,Boston Red Sox,3,5
2024-07-05,Cincinnati Reds,Detroit Tigers,4,5
2024-07-05,Cleveland Guardians,San Francisco Giants,2,4
2024-07-05,Miami Marlins,Chicago White Sox,2,3
2024-07-05,Atlanta Braves,Philadelphia Phillies,6,8
2024-07-05,Texas Rangers,Tampa Bay Rays,3,0
2024-07-05,Colorado Rockies,Kansas City Royals,4,2
2024-07-05,Minnesota Twins,Houston Astros,12,13
2024-07-05,Oakland Athletics,Baltimore Orioles,2,3
2024-07-05,San Diego Padres,Arizona Diamondbacks,10,8
2024-07-05,Seattle Mariners,Toronto Blue Jays,2,1
2024-07-05,Los Angeles Dodgers,Milwaukee Brewers,8,5
2024-07-06,New York Yankees,Boston Red Sox,14,4
2024-07-06,Minnesota Twins,Houston Astros,9,3
2024-07-06,Chicago Cubs,Los Angeles Angels,0,7
2024-07-06,Pittsburgh Pirates,New York Mets,2,5
2024-07-06,Washington Nationals,St. Louis Cardinals,14,6
2024-07-06,Texas Rangers,Tampa Bay Rays,4,3
2024-07-06,Oakland Athletics,Baltimore Orioles,19,8
2024-07-06,Cincinnati Reds,Detroit Tigers,3,5
2024-07-06,Cleveland Guardians,San Francisco Giants,5,4
2024-07-06,Seattle Mariners,Toronto Blue Jays,4,5
2024-07-06,Miami Marlins,Chicago White Sox,4,3
2024-07-06,Atlanta Braves,Philadelphia Phillies,5,1
2024-07-06,Los Angeles Dodgers,Milwaukee Brewers,5,3
2024-07-06,Colorado Rockies,Kansas City Royals,3,1
2024-07-06,San Diego Padres,Arizona Diamondbacks,5,7
2024-07-07,Pittsburgh Pirates,New York Mets,2,3
2024-07-07,Washington Nationals,St. Louis Cardinals,3,8
2024-07-07,Atlanta Braves,Philadelphia Phillies,6,0
2024-07-07,Cincinnati Reds,Detroit Tigers,1,5
2024-07-07,Cleveland Guardians,San Francisco Giants,5,4
2024-07-07,Miami Marlins,Chicago White Sox,7,4
2024-07-07,Minnesota Twins,Houston Astros,3,2
2024-07-07,Chicago Cubs,Los Angeles Angels,5,0
2024-07-07,Texas Rangers,Tampa Bay Rays,13,2
2024-07-07,Colorado Rockies,Kansas City Royals,1,10
2024-07-07,Oakland Athletics,Baltimore Orioles,3,6
2024-07-07,San Diego Padres,Arizona Diamondbacks,1,9
2024-07-07,Seattle Mariners,Toronto Blue Jays,4,5
2024-07-07,Los Angeles Dodgers,Milwaukee Brewers,2,9
2024-07-07,New York Yankees,Boston Red Sox,0,3
2024-07-08,Pittsburgh Pirates,New York Mets,8,2
2024-07-08,Washington Nationals,St. Louis Cardinals,0,6
2024-07-08,Detroit Tigers,Cleveland Guardians,1,0
2024-07-08,Cincinnati Reds,Colorado Rockies,6,0
2024-07-08,Chicago White Sox,Minnesota Twins,6,8
2024-07-08,Los Angeles Angels,Texas Rangers,4,9
2024-07-08,Arizona Diamondbacks,Atlanta Braves,4,5
2024-07-09,Baltimore Orioles,Chicago Cubs,2,9
2024-07-09,Detroit Tigers,Cleveland Guardians,8,9
2024-07-09,Philadelphia Phillies,Los Angeles Dodgers,10,1
2024-07-09,Tampa Bay Rays,New York Yankees,5,3
2024-07-09,Cincinnati Reds,Colorado Rockies,12,6
2024-07-09,New York Mets,Washington Nationals,7,5
2024-07-09,Boston Red Sox,Oakland Athletics,12,9
2024-07-09,Houston Astros,Miami Marlins,4,3
2024-07-09,Milwaukee Brewers,Pittsburgh Pirates,2,12
2024-07-09,Los Angeles Angels,Texas Rangers,4,5
2024-07-09,San Diego Padres,Seattle Mariners,3,8
2024-07-09,Arizona Diamondbacks,Atlanta Braves,2,6
2024-07-09,San Francisco Giants,Toronto Blue Jays,4,3
2024-07-10,St. Louis Cardinals,Kansas City Royals,4,6
2024-07-10,St. Louis Cardinals,Kansas City Royals,5,8
2024-07-10,Chicago White Sox,Minnesota Twins,3,1
2024-07-10,Chicago White Sox,Minnesota Twins,2,3
2024-07-10,Baltimore Orioles,Chicago Cubs,0,4
2024-07-10,Detroit Tigers,Cleveland Guardians,5,4
2024-07-10,San Diego Padres,Seattle Mariners,0,2
2024-07-10,Tampa Bay Rays,New York Yankees,1,2
2024-07-10,Philadelphia Phillies,Los Angeles Dodgers,4,3
2024-07-10,Cincinnati Reds,Colorado Rockies,5,6
2024-07-10,New York Mets,Washington Nationals,6,2
2024-07-10,Boston Red Sox,Oakland Athletics,2,5
2024-07-10,Houston Astros,Miami Marlins,9,1
2024-07-10,Milwaukee Brewers,Pittsburgh Pirates,9,0
2024-07-10,Los Angeles Angels,Texas Rangers,7,2
2024-07-10,Arizona Diamondbacks,Atlanta Braves,7,5
2024-07-10,San Francisco Giants,Toronto Blue Jays,6,10
2024-07-11,Cincinnati Reds,Colorado Rockies,8,1
2024-07-11,Detroit Tigers,Cleveland Guardians,10,1
2024-07-11,New York Mets,Washington Nationals,7,0
2024-07-11,Milwaukee Brewers,Pittsburgh Pirates,0,1
2024-07-11,San Francisco Giants,Toronto Blue Jays,3,5
2024-07-11,Philadelphia Phillies,Los Angeles Dodgers,5,1
2024-07-11,Baltimore Orioles,Chicago Cubs,0,8
2024-07-11,Tampa Bay Rays,New York Yankees,5,4
2024-07-11,Boston Red Sox,Oakland Athletics,7,0
2024-07-11,Houston Astros,Miami Marlins,6,3
2024-07-11,Los Angeles Angels,Seattle Mariners,0,11
2024-07-11,Arizona Diamondbacks,Atlanta Braves,1,0
2024-07-12,Detroit Tigers,Los Angeles Dodgers,3,4
2024-07-12,Philadelphia Phillies,Oakland Athletics,2,6
2024-07-12,Tampa Bay Rays,Cleveland Guardians,2,0
2024-07-12,Baltimore Orioles,New York Yankees,1,4
2024-07-12,Boston Red Sox,Kansas City Royals,1,6
2024-07-12,New York Mets,Colorado Rockies,7,6
2024-07-12,Cincinnati Reds,Miami Marlins,7,4
2024-07-12,Houston Astros,Texas Rangers,6,3
2024-07-12,Chicago White Sox,Pittsburgh Pirates,1,4
2024-07-12,Milwaukee Brewers,Washington Nationals,2,5
2024-07-12,St. Louis Cardinals,Chicago Cubs,1,5
2024-07-12,Los Angeles Angels,Seattle Mariners,6,5
2024-07-12,Arizona Diamondbacks,Toronto Blue Jays,5,4
2024-07-12,San Diego Padres,Atlanta Braves,1,6
2024-07-12,San Francisco Giants,Minnesota Twins,7,1
2024-07-13,Detroit Tigers,Los Angeles Dodgers,11,9
2024-07-13,Chicago White Sox,Pittsburgh Pirates,2,6
2024-07-13,St. Louis Cardinals,Chicago Cubs,11,3
2024-07-13,St. Louis Cardinals,Chicago Cubs,5,4
2024-07-13,Philadelphia Phillies,Oakland Athletics,11,5
2024-07-13,Baltimore Orioles,New York Yankees,1,6
2024-07-13,Boston Red Sox,Kansas City Royals,5,0
2024-07-13,New York Mets,Colorado Rockies,7,3
2024-07-13,Tampa Bay Rays,Cleveland Guardians,2,4
2024-07-13,Houston Astros,Texas Rangers,1,2
2024-07-13,Cincinnati Reds,Miami Marlins,10,6
2024-07-13,Milwaukee Brewers,Washington Nationals,5,6
2024-07-13,San Francisco Giants,Minnesota Twins,2,4
2024-07-13,San Diego Padres,Atlanta Braves,4,0
2024-07-13,Los Angeles Angels,Seattle Mariners,2,1
2024-07-13,Arizona Diamondbacks,Toronto Blue Jays,12,1
2024-07-14,Baltimore Orioles,New York Yankees,6,5
2024-07-14,Boston Red Sox,Kansas City Royals,5,4
2024-07-14,Philadelphia Phillies,Oakland Athletics,3,18
2024-07-14,Detroit Tigers,Los Angeles Dodgers,4,3
2024-07-14,New York Mets,Colorado Rockies,5,8
2024-07-14,Tampa Bay Rays,Cleveland Guardians,2,0
2024-07-14,Cincinnati Reds,Miami Marlins,2,3
2024-07-14,Houston Astros,Texas Rangers,2,4
2024-07-14,Chicago White Sox,Pittsburgh Pirates,4,9
2024-07-14,Milwaukee Brewers,Washington Nationals,9,3
2024-07-14,St. Louis Cardinals,Chicago Cubs,3,8
2024-07-14,San Francisco Giants,Minnesota Twins,3,2
2024-07-14,Los Angeles Angels,Seattle Mariners,3,2
2024-07-14,Arizona Diamondbacks,Toronto Blue Jays,7,8
2024-07-14,San Diego Padres,Atlanta Braves,3,6
2024-07-19,Chicago Cubs,Arizona Diamondbacks,2,5
2024-07-19,Pittsburgh Pirates,Philadelphia Phillies,8,7
2024-07-19,Washington Nationals,Cincinnati Reds,8,5
2024-07-19,New York Yankees,Tampa Bay Rays,6,1
2024-07-19,Toronto Blue Jays,Detroit Tigers,4,5
2024-07-19,Cleveland Guardians,San Diego Padres,7,0
2024-07-19,Miami Marlins,New York Mets,6,4
2024-07-19,Texas Rangers,Baltimore Orioles,1,9
2024-07-19,Kansas City Royals,Chicago White Sox,7,1
2024-07-19,Colorado Rockies,San Francisco Giants,7,3
2024-07-19,Oakland Athletics,Los Angeles Angels,13,3
2024-07-19,Los Angeles Dodgers,Boston Red Sox,4,1
2024-07-19,Seattle Mariners,Houston Astros,0,3
2024-07-20,New York Yankees,Tampa Bay Rays,1,9
2024-07-20,Atlanta Braves,St. Louis Cardinals,3,2
2024-07-20,Atlanta Braves,St. Louis Cardinals,5,9
2024-07-20,Toronto Blue Jays,Detroit Tigers,3,7
2024-07-20,Oakland Athletics,Los Angeles Angels,8,2
2024-07-20,Miami Marlins,New York Mets,0,1
2024-07-20,Pittsburgh Pirates,Philadelphia Phillies,4,1
2024-07-20,Washington Nationals,Cincinnati Reds,5,4
2024-07-20,Texas Rangers,Baltimore Orioles,4,8
2024-07-20,Cleveland Guardians,San Diego Padres,0,7
2024-07-20,Kansas City Royals,Chicago White Sox,6,1
2024-07-20,Minnesota Twins,Milwaukee Brewers,4,8
2024-07-20,Chicago Cubs,Arizona Diamondbacks,0,3
2024-07-20,Los Angeles Dodgers,Boston Red Sox,7,6
2024-07-20,Colorado Rockies,San Francisco Giants,4,3
2024-07-20,Seattle Mariners,Houston Astros,2,4
2024-07-21,Minnesota Twins,Milwaukee Brewers,7,8
2024-07-21,Washington Nationals,Cincinnati Reds,5,2
2024-07-21,Pittsburgh Pirates,Philadelphia Phillies,0,6
2024-07-21,Atlanta Braves,St. Louis Cardinals,2,6
2024-07-21,New York Yankees,Tampa Bay Rays,4,6
2024-07-21,Toronto Blue Jays,Detroit Tigers,5,4
2024-07-21,Cleveland Guardians,San Diego Padres,1,2
2024-07-21,Miami Marlins,New York Mets,4,2
2024-07-21,Kansas City Royals,Chicago White Sox,4,1
2024-07-21,Chicago Cubs,Arizona Diamondbacks,2,1
2024-07-21,Texas Rangers,Baltimore Orioles,3,2
2024-07-21,Colorado Rockies,San Francisco Giants,2,3
2024-07-21,Oakland Athletics,Los Angeles Angels,5,8
2024-07-21,Seattle Mariners,Houston Astros,6,4
2024-07-21,Los Angeles Dodgers,Boston Red Sox,9,6
2024-07-22,New York Yankees,Tampa Bay Rays,9,1
2024-07-22,Cleveland Guardians,Detroit Tigers,2,8
2024-07-22,Pittsburgh Pirates,St. Louis Cardinals,2,1
2024-07-22,Miami Marlins,New York Mets,4,6
2024-07-22,Atlanta Braves,Cincinnati Reds,1,4
2024-07-22,Minnesota Twins,Philadelphia Phillies,7,2
2024-07-22,Texas Rangers,Chicago White Sox,4,3
2024-07-22,Chicago Cubs,Milwaukee Brewers,3,1
2024-07-22,Kansas City Royals,Arizona Diamondbacks,10,4
2024-07-22,Colorado Rockies,Boston Red Sox,9,8
2024-07-22,Oakland Athletics,Houston Astros,4,0
2024-07-22,Seattle Mariners,Los Angeles Angels,1,3
2024-07-22,Los Angeles Dodgers,San Francisco Giants,3,2
2024-07-23,Cleveland Guardians,Detroit Tigers,5,4
2024-07-23,Pittsburgh Pirates,St. Louis Cardinals,1,2
2024-07-23,Miami Marlins,Baltimore Orioles,6,3
2024-07-23,Washington Nationals,San Diego Padres,0,4
2024-07-23,New York Yankees,New York Mets,2,3
2024-07-23,Toronto Blue Jays,Tampa Bay Rays,2,4
2024-07-23,Minnesota Twins,Philadelphia Phillies,0,3
2024-07-23,Texas Rangers,Chicago White Sox,3,2
2024-07-23,Chicago Cubs,Milwaukee Brewers,0,1
2024-07-23,Kansas City Royals,Arizona Diamondbacks,2,6
2024-07-23,Colorado Rockies,Boston Red Sox,0,6
2024-07-23,Oakland Athletics,Houston Astros,8,2
2024-07-23,Seattle Mariners,Los Angeles Angels,1,5
2024-07-23,Los Angeles Dodgers,San Francisco Giants,5,2
2024-07-24,Atlanta Braves,Cincinnati Reds,4,9
2024-07-24,Pittsburgh Pirates,St. Louis Cardinals,5,0
2024-07-24,Minnesota Twins,Philadelphia Phillies,5,4
2024-07-24,Chicago Cubs,Milwaukee Brewers,2,3
2024-07-24,Colorado Rockies,Boston Red Sox,20,7
2024-07-24,Oakland Athletics,Houston Astros,1,8
2024-07-24,Seattle Mariners,Los Angeles Angels,1,2
2024-07-24,Cleveland Guardians,Detroit Tigers,2,1
2024-07-24,Miami Marlins,Baltimore Orioles,6,3
2024-07-24,Washington Nationals,San Diego Padres,3,12
2024-07-24,New York Yankees,New York Mets,3,12
2024-07-24,Toronto Blue Jays,Tampa Bay Rays,6,3
2024-07-24,Texas Rangers,Chicago White Sox,10,2
2024-07-24,Kansas City Royals,Arizona Diamondbacks,6,8
2024-07-24,Los Angeles Dodgers,San Francisco Giants,3,8
2024-07-25,Washington Nationals,San Diego Padres,0,3
2024-07-25,Miami Marlins,Baltimore Orioles,6,7
2024-07-25,Cleveland Guardians,Detroit Tigers,0,3
2024-07-25,Texas Rangers,Chicago White Sox,2,1
2024-07-25,Toronto Blue Jays,Tampa Bay Rays,0,13
2024-07-25,Los Angeles Dodgers,San Francisco Giants,6,4
2024-07-25,New York Mets,Atlanta Braves,3,2
2024-07-25,Los Angeles Angels,Oakland Athletics,5,6
2024-07-26,Detroit Tigers,Minnesota Twins,3,9
2024-07-26,Philadelphia Phillies,Cleveland Guardians,1,3
2024-07-26,Tampa Bay Rays,Cincinnati Reds,2,3
2024-07-26,Baltimore Orioles,San Diego Padres,4,6
2024-07-26,Toronto Blue Jays,Texas Rangers,6,5
2024-07-26,New York Mets,Atlanta Braves,8,4
2024-07-26,Boston Red Sox,New York Yankees,9,7
2024-07-26,Kansas City Royals,Chicago Cubs,6,0
2024-07-26,Houston Astros,Los Angeles Dodgers,5,0
2024-07-26,Chicago White Sox,Seattle Mariners,0,10
2024-07-26,Milwaukee Brewers,Miami Marlins,2,6
2024-07-26,St. Louis Cardinals,Washington Nationals,8,10
2024-07-26,Los Angeles Angels,Oakland Athletics,4,5
2024-07-26,Arizona Diamondbacks,Pittsburgh Pirates,4,3
2024-07-26,San Francisco Giants,Colorado Rockies,11,4
2024-07-27,Toronto Blue Jays,Texas Rangers,7,3
2024-07-27,Baltimore Orioles,San Diego Padres,4,9
2024-07-27,Tampa Bay Rays,Cincinnati Reds,4,0
2024-07-27,New York Mets,Atlanta Braves,0,4
2024-07-27,Philadelphia Phillies,Cleveland Guardians,8,0
2024-07-27,Detroit Tigers,Minnesota Twins,7,2
2024-07-27,San Francisco Giants,Colorado Rockies,4,1
2024-07-27,San Francisco Giants,Colorado Rockies,5,0
2024-07-27,Kansas City Royals,Chicago Cubs,4,9
2024-07-27,Houston Astros,Los Angeles Dodgers,7,6
2024-07-27,Milwaukee Brewers,Miami Marlins,3,7
2024-07-27,St. Louis Cardinals,Washington Nationals,3,14
2024-07-27,Chicago White Sox,Seattle Mariners,3,6
2024-07-27,Boston Red Sox,New York Yankees,8,11
2024-07-27,Arizona Diamondbacks,Pittsburgh Pirates,9,5
2024-07-27,Los Angeles Angels,Oakland Athletics,1,3
2024-07-28,Tampa Bay Rays,Cincinnati Reds,2,1
2024-07-28,Baltimore Orioles,San Diego Padres,8,6
2024-07-28,Philadelphia Phillies,Cleveland Guardians,3,4
2024-07-28,Toronto Blue Jays,Texas Rangers,7,3
2024-07-28,Detroit Tigers,Minnesota Twins,0,5
2024-07-28,New York Mets,Atlanta Braves,2,9
2024-07-28,Kansas City Royals,Chicago Cubs,3,7
2024-07-28,Houston Astros,Los Angeles Dodgers,2,6
2024-07-28,Chicago White Sox,Seattle Mariners,3,6
2024-07-28,Milwaukee Brewers,Miami Marlins,6,2
2024-07-28,St. Louis Cardinals,Washington Nationals,4,3
2024-07-28,San Francisco Giants,Colorado Rockies,5,4
2024-07-28,Los Angeles Angels,Oakland Athletics,8,6
2024-07-28,Arizona Diamondbacks,Pittsburgh Pirates,5,6
2024-07-28,Boston Red Sox,New York Yankees,2,8
2024-07-29,Baltimore Orioles,Toronto Blue Jays,11,5
2024-07-29,Baltimore Orioles,Toronto Blue Jays,4,8
2024-07-29,Detroit Tigers,Cleveland Guardians,4,8
2024-07-29,Philadelphia Phillies,New York Yankees,4,14
2024-07-29,Cincinnati Reds,Chicago Cubs,7,1
2024-07-29,Boston Red Sox,Seattle Mariners,14,7
2024-07-29,New York Mets,Minnesota Twins,15,2
2024-07-29,St. Louis Cardinals,Texas Rangers,3,6
2024-07-29,Houston Astros,Pittsburgh Pirates,3,5
2024-07-29,Chicago White Sox,Kansas City Royals,5,8
2024-07-29,Milwaukee Brewers,Atlanta Braves,8,3
2024-07-29,Arizona Diamondbacks,Washington Nationals,9,8
2024-07-30,Detroit Tigers,Cleveland Guardians,0,5
2024-07-30,Baltimore Orioles,Toronto Blue Jays,6,2
2024-07-30,Philadelphia Phillies,New York Yankees,6,7
2024-07-30,Tampa Bay Rays,Miami Marlins,9,3
2024-07-30,Cincinnati Reds,Chicago Cubs,6,3
2024-07-30,Boston Red Sox,Seattle Mariners,6,10
2024-07-30,New York Mets,Minnesota Twins,2,0
2024-07-30,St. Louis Cardinals,Texas Rangers,8,1
2024-07-30,Houston Astros,Pittsburgh Pirates,2,6
2024-07-30,Chicago White Sox,Kansas City Royals,3,4
2024-07-30,Milwaukee Brewers,Atlanta Braves,1,5
2024-07-30,Los Angeles Angels,Colorado Rockies,10,7
2024-07-30,Arizona Diamondbacks,Washington Nationals,17,0
2024-07-30,San Diego Padres,Los Angeles Dodgers,6,5
2024-07-30,San Francisco Giants,Oakland Athletics,2,5
2024-07-31,Tampa Bay Rays,Miami Marlins,2,6
2024-07-31,Baltimore Orioles,Toronto Blue Jays,10,4
2024-07-31,Philadelphia Phillies,New York Yankees,5,6
2024-07-31,New York Mets,Minnesota Twins,3,8
2024-07-31,Chicago White Sox,Kansas City Royals,3,10
2024-07-31,Milwaukee Brewers,Atlanta Braves,2,6
2024-07-31,St. Louis Cardinals,Texas Rangers,10,1
2024-07-31,Arizona Diamondbacks,Washington Nationals,5,4
2024-07-31,Boston Red Sox,Seattle Mariners,3,2
2024-07-31,Cincinnati Reds,Chicago Cubs,4,13
2024-07-31,Houston Astros,Pittsburgh Pirates,5,4
2024-07-31,San Diego Padres,Los Angeles Dodgers,8,1
2024-07-31,Los Angeles Angels,Colorado Rockies,1,2
2024-07-31,San Francisco Giants,Oakland Athletics,1,0
2024-08-01,Cleveland Guardians,Baltimore Orioles,10,3
2024-08-01,Detroit Tigers,Kansas City Royals,1,7
2024-08-01,Atlanta Braves,Miami Marlins,4,2
2024-08-01,Chicago Cubs,St. Louis Cardinals,5,4
2024-08-01,Los Angeles Angels,Colorado Rockies,4,5
2024-08-02,Chicago Cubs,St. Louis Cardinals,6,3
2024-08-02,Detroit Tigers,Kansas City Royals,2,9
2024-08-02,Pittsburgh Pirates,Arizona Diamondbacks,8,9
2024-08-02,Washington Nationals,Milwaukee Brewers,3,8
2024-08-02,New York Yankees,Toronto Blue Jays,5,8
2024-08-02,Cleveland Guardians,Baltimore Orioles,8,4
2024-08-02,Cincinnati Reds,San Francisco Giants,0,3
2024-08-02,Atlanta Braves,Miami Marlins,5,3
2024-08-02,Texas Rangers,Boston Red Sox,6,11
2024-08-02,Houston Astros,Tampa Bay Rays,3,2
2024-08-02,Minnesota Twins,Chicago White Sox,10,2
2024-08-02,Los Angeles Angels,New York Mets,1,5
2024-08-02,Oakland Athletics,Los Angeles Dodgers,6,5
2024-08-02,San Diego Padres,Colorado Rockies,2,5
2024-08-02,Seattle Mariners,Philadelphia Phillies,10,2
2024-08-03,New York Yankees,Toronto Blue Jays,8,3
2024-08-03,Chicago Cubs,St. Louis Cardinals,4,5
2024-08-03,Washington Nationals,Milwaukee Brewers,6,4
2024-08-03,Detroit Tigers,Kansas City Royals,6,5
2024-08-03,Pittsburgh Pirates,Arizona Diamondbacks,4,2
2024-08-03,Texas Rangers,Boston Red Sox,7,4
2024-08-03,Minnesota Twins,Chicago White Sox,6,2
2024-08-03,Cleveland Guardians,Baltimore Orioles,4,7
2024-08-03,Cincinnati Reds,San Francisco Giants,6,4
2024-08-03,Houston Astros,Tampa Bay Rays,1,6
2024-08-03,Atlanta Braves,Miami Marlins,3,4
2024-08-03,San Diego Padres,Colorado Rockies,3,2
2024-08-03,Oakland Athletics,Los Angeles Dodgers,0,10
2024-08-03,Los Angeles Angels,New York Mets,5,4
2024-08-03,Seattle Mariners,Philadelphia Phillies,6,5
2024-08-04,Cincinnati Reds,San Francisco Giants,2,8
2024-08-04,Pittsburgh Pirates,Arizona Diamondbacks,5,6
2024-08-04,Atlanta Braves,Miami Marlins,0,7
2024-08-04,New York Yankees,Toronto Blue Jays,4,3
2024-08-04,Washington Nationals,Milwaukee Brewers,4,3
2024-08-04,Cleveland Guardians,Baltimore Orioles,5,9
2024-08-04,Detroit Tigers,Kansas City Royals,2,3
2024-08-04,Houston Astros,Tampa Bay Rays,0,1
2024-08-04,Minnesota Twins,Chicago White Sox,13,7
2024-08-04,Texas Rangers,Boston Red Sox,2,7
2024-08-04,Los Angeles Angels,New York Mets,3,2
2024-08-04,Oakland Athletics,Los Angeles Dodgers,2,3
2024-08-04,San Diego Padres,Colorado Rockies,10,2
2024-08-04,Seattle Mariners,Philadelphia Phillies,0,6
2024-08-04,Chicago Cubs,St. Louis Cardinals,6,2
2024-08-05,St. Louis Cardinals,New York Mets,0,6
2024-08-05,Cleveland Guardians,Arizona Diamondbacks,6,7
2024-08-05,Miami Marlins,Cincinnati Reds,3,10
2024-08-05,Washington Nationals,San Francisco Giants,1,4
2024-08-05,Texas Rangers,Houston Astros,4,3
2024-08-05,Chicago Cubs,Minnesota Twins,0,3
2024-08-05,Kansas City Royals,Boston Red Sox,5,9
2024-08-05,Oakland Athletics,Chicago White Sox,5,1
2024-08-05,Los Angeles Dodgers,Philadelphia Phillies,5,3
2024-08-06,Pittsburgh Pirates,San Diego Padres,0,6
2024-08-06,Miami Marlins,Cincinnati Reds,2,8
2024-08-06,Washington Nationals,San Francisco Giants,11,5
2024-08-06,Toronto Blue Jays,Baltimore Orioles,5,2
2024-08-06,Atlanta Braves,Milwaukee Brewers,0,10
2024-08-06,St. Louis Cardinals,Tampa Bay Rays,4,3
2024-08-06,Texas Rangers,Houston Astros,2,4
2024-08-06,Chicago Cubs,Minnesota Twins,7,3
2024-08-06,Kansas City Royals,Boston Red Sox,5,6
2024-08-06,Colorado Rockies,New York Mets,6,3
2024-08-06,Seattle Mariners,Detroit Tigers,2,4
2024-08-06,Oakland Athletics,Chicago White Sox,1,5
2024-08-06,Los Angeles Dodgers,Philadelphia Phillies,2,6
2024-08-07,Cleveland Guardians,Arizona Diamondbacks,3,7
2024-08-07,Cleveland Guardians,Arizona Diamondbacks,3,5
2024-08-07,Chicago Cubs,Minnesota Twins,8,2
2024-08-07,Texas Rangers,Houston Astros,4,6
2024-08-07,Oakland Athletics,Chicago White Sox,3,2
2024-08-07,New York Yankees,Los Angeles Angels,5,2
2024-08-07,New York Yankees,Los Angeles Angels,2,8
2024-08-07,Pittsburgh Pirates,San Diego Padres,8,9
2024-08-07,Miami Marlins,Cincinnati Reds,6,4
2024-08-07,Washington Nationals,San Francisco Giants,4,7
2024-08-07,Toronto Blue Jays,Baltimore Orioles,3,7
2024-08-07,Atlanta Braves,Milwaukee Brewers,5,8
2024-08-07,St. Louis Cardinals,Tampa Bay Rays,5,2
2024-08-07,Kansas City Royals,Boston Red Sox,8,4
2024-08-07,Colorado Rockies,New York Mets,3,5
2024-08-07,Seattle Mariners,Detroit Tigers,2,6
2024-08-07,Los Angeles Dodgers,Philadelphia Phillies,4,9
2024-08-08,Washington Nationals,San Francisco Giants,5,9
2024-08-08,Atlanta Braves,Milwaukee Brewers,7,16
2024-08-08,Pittsburgh Pirates,San Diego Padres,6,7
2024-08-08,Colorado Rockies,New York Mets,1,9
2024-08-08,Miami Marlins,Cincinnati Reds,4,10
2024-08-08,New York Yankees,Los Angeles Angels,4,9
2024-08-08,Toronto Blue Jays,Baltimore Orioles,7,6
2024-08-08,St. Louis Cardinals,Tampa Bay Rays,4,6
2024-08-08,Seattle Mariners,Detroit Tigers,4,3
2024-08-08,Arizona Diamondbacks,Philadelphia Phillies,4,6
2024-08-09,Minnesota Twins,Cleveland Guardians,4,2
2024-08-09,Minnesota Twins,Cleveland Guardians,6,3
2024-08-09,Washington Nationals,Los Angeles Angels,3,2
2024-08-09,Tampa Bay Rays,Baltimore Orioles,1,4
2024-08-09,Toronto Blue Jays,Oakland Athletics,3,1
2024-08-09,Boston Red Sox,Houston Astros,4,8
2024-08-09,Miami Marlins,San Diego Padres,2,6
2024-08-09,Kansas City Royals,St. Louis Cardinals,5,8
2024-08-09,Chicago White Sox,Chicago Cubs,6,7
2024-08-09,Milwaukee Brewers,Cincinnati Reds,8,3
2024-08-09,Colorado Rockies,Atlanta Braves,6,5
2024-08-09,Arizona Diamondbacks,Philadelphia Phillies,3,2
2024-08-09,Los Angeles Dodgers,Pittsburgh Pirates,9,5
2024-08-09,Seattle Mariners,New York Mets,6,0
2024-08-09,San Francisco Giants,Detroit Tigers,3,2
2024-08-10,New York Yankees,Texas Rangers,8,0
2024-08-10,New York Yankees,Texas Rangers,4,9
2024-08-10,Toronto Blue Jays,Oakland Athletics,0,1
2024-08-10,San Francisco Giants,Detroit Tigers,3,1
2024-08-10,Boston Red Sox,Houston Astros,4,5
2024-08-10,Miami Marlins,San Diego Padres,8,9
2024-08-10,Washington Nationals,Los Angeles Angels,5,4
2024-08-10,Kansas City Royals,St. Louis Cardinals,8,3
2024-08-10,Minnesota Twins,Cleveland Guardians,1,2
2024-08-10,Milwaukee Brewers,Cincinnati Reds,1,0
2024-08-10,Tampa Bay Rays,Baltimore Orioles,5,7
2024-08-10,Chicago White Sox,Chicago Cubs,1,3
2024-08-10,Arizona Diamondbacks,Philadelphia Phillies,11,1
2024-08-10,Colorado Rockies,Atlanta Braves,8,11
2024-08-10,Los Angeles Dodgers,Pittsburgh Pirates,4,1
2024-08-10,Seattle Mariners,New York Mets,4,0
2024-08-11,Washington Nationals,Los Angeles Angels,4,6
2024-08-11,Boston Red Sox,Houston Astros,2,10
2024-08-11,New York Yankees,Texas Rangers,8,7
2024-08-11,Toronto Blue Jays,Oakland Athletics,4,8
2024-08-11,Tampa Bay Rays,Baltimore Orioles,2,1
2024-08-11,Miami Marlins,San Diego Padres,7,6
2024-08-11,Minnesota Twins,Cleveland Guardians,3,5
2024-08-11,Milwaukee Brewers,Cincinnati Reds,3,4
2024-08-11,Colorado Rockies,Atlanta Braves,9,8
2024-08-11,San Francisco Giants,Detroit Tigers,4,5
2024-08-11,Los Angeles Dodgers,Pittsburgh Pirates,6,5
2024-08-11,Arizona Diamondbacks,Philadelphia Phillies,12,5
2024-08-11,Seattle Mariners,New York Mets,12,1
2024-08-12,Cleveland Guardians,Chicago Cubs,9,8
2024-08-12,Cincinnati Reds,St. Louis Cardinals,6,1
2024-08-12,Tampa Bay Rays,Houston Astros,1,6
2024-08-12,Boston Red Sox,Texas Rangers,5,4
2024-08-12,Minnesota Twins,Kansas City Royals,8,3
2024-08-12,Chicago White Sox,New York Yankees,12,2
2024-08-12,Milwaukee Brewers,Los Angeles Dodgers,2,5
2024-08-12,Los Angeles Angels,Toronto Blue Jays,2,4
2024-08-12,Arizona Diamondbacks,Colorado Rockies,5,4
2024-08-12,San Diego Padres,Pittsburgh Pirates,2,1
2024-08-12,San Francisco Giants,Atlanta Braves,0,1
2024-08-13,Baltimore Orioles,Washington Nationals,3,9
2024-08-13,Cleveland Guardians,Chicago Cubs,2,1
2024-08-13,Detroit Tigers,Seattle Mariners,15,1
2024-08-13,Cincinnati Reds,St. Louis Cardinals,4,1
2024-08-13,Philadelphia Phillies,Miami Marlins,0,5
2024-08-13,Tampa Bay Rays,Houston Astros,2,3
2024-08-13,New York Mets,Oakland Athletics,4,9
2024-08-13,Boston Red Sox,Texas Rangers,9,4
2024-08-13,Minnesota Twins,Kansas City Royals,13,3
2024-08-13,Chicago White Sox,New York Yankees,1,4
2024-08-13,Milwaukee Brewers,Los Angeles Dodgers,2,7
2024-08-13,Los Angeles Angels,Toronto Blue Jays,1,6
2024-08-13,Arizona Diamondbacks,Colorado Rockies,4,3
2024-08-13,San Diego Padres,Pittsburgh Pirates,3,0
2024-08-13,San Francisco Giants,Atlanta Braves,3,4
2024-08-14,Minnesota Twins,Kansas City Royals,1,4
2024-08-14,Arizona Diamondbacks,Colorado Rockies,11,4
2024-08-14,San Diego Padres,Pittsburgh Pirates,8,2
2024-08-14,Boston Red Sox,Texas Rangers,7,9
2024-08-14,Baltimore Orioles,Washington Nationals,4,1
2024-08-14,Cleveland Guardians,Chicago Cubs,6,1
2024-08-14,Detroit Tigers,Seattle Mariners,3,2
2024-08-14,Cincinnati Reds,St. Louis Cardinals,9,2
2024-08-14,Philadelphia Phillies,Miami Marlins,9,5
2024-08-14,Tampa Bay Rays,Houston Astros,1,2
2024-08-14,New York Mets,Oakland Athletics,9,1
2024-08-14,Chicago White Sox,New York Yankees,2,10
2024-08-14,Milwaukee Brewers,Los Angeles Dodgers,5,4
2024-08-14,Los Angeles Angels,Toronto Blue Jays,2,9
2024-08-14,San Francisco Giants,Atlanta Braves,2,13
2024-08-15,New York Mets,Oakland Athletics,6,7
2024-08-15,Detroit Tigers,Seattle Mariners,2,1
2024-08-15,Milwaukee Brewers,Los Angeles Dodgers,6,4
2024-08-15,San Francisco Giants,Atlanta Braves,6,0
2024-08-15,Baltimore Orioles,Boston Red Sox,5,1
2024-08-15,Philadelphia Phillies,Washington Nationals,13,3
2024-08-15,Texas Rangers,Minnesota Twins,2,3
2024-08-16,Chicago Cubs,Toronto Blue Jays,6,5
2024-08-16,Cincinnati Reds,Kansas City Royals,1,7
2024-08-16,Pittsburgh Pirates,Seattle Mariners,5,3
2024-08-16,Philadelphia Phillies,Washington Nationals,3,2
2024-08-16,Detroit Tigers,New York Yankees,0,3
2024-08-16,Tampa Bay Rays,Arizona Diamondbacks,5,4
2024-08-16,Baltimore Orioles,Boston Red Sox,10,12
2024-08-16,New York Mets,Miami Marlins,7,3
2024-08-16,Texas Rangers,Minnesota Twins,3,4
2024-08-16,Houston Astros,Chicago White Sox,4,5
2024-08-16,Milwaukee Brewers,Cleveland Guardians,5,3
2024-08-16,St. Louis Cardinals,Los Angeles Dodgers,6,7
2024-08-16,Colorado Rockies,San Diego Padres,7,3
2024-08-16,Los Angeles Angels,Atlanta Braves,3,2
2024-08-17,Pittsburgh Pirates,Seattle Mariners,7,2
2024-08-17,Detroit Tigers,New York Yankees,4,0
2024-08-17,Chicago Cubs,Toronto Blue Jays,3,2
2024-08-17,Tampa Bay Rays,Arizona Diamondbacks,6,1
2024-08-17,New York Mets,Miami Marlins,4,0
2024-08-17,Philadelphia Phillies,Washington Nationals,5,1
2024-08-17,Cincinnati Reds,Kansas City Royals,1,13
2024-08-17,Baltimore Orioles,Boston Red Sox,1,5
2024-08-17,Texas Rangers,Minnesota Twins,2,5
2024-08-17,Oakland Athletics,San Francisco Giants,2,0
2024-08-17,Houston Astros,Chicago White Sox,6,1
2024-08-17,St. Louis Cardinals,Los Angeles Dodgers,5,2
2024-08-17,Milwaukee Brewers,Cleveland Guardians,2,1
2024-08-17,Colorado Rockies,San Diego Padres,3,8
2024-08-17,Los Angeles Angels,Atlanta Braves,3,11
2024-08-18,New York Mets,Miami Marlins,2,3
2024-08-18,Baltimore Orioles,Boston Red Sox,4,2
2024-08-18,Pittsburgh Pirates,Seattle Mariners,3,10
2024-08-18,Philadelphia Phillies,Washington Nationals,4,6
2024-08-18,Cincinnati Reds,Kansas City Royals,1,8
2024-08-18,Tampa Bay Rays,Arizona Diamondbacks,8,7
2024-08-18,Houston Astros,Chicago White Sox,2,0
2024-08-18,Milwaukee Brewers,Cleveland Guardians,2,0
2024-08-18,St. Louis Cardinals,Los Angeles Dodgers,1,2
2024-08-18,Chicago Cubs,Toronto Blue Jays,0,1
2024-08-18,Texas Rangers,Minnesota Twins,6,5
2024-08-18,Colorado Rockies,San Diego Padres,3,2
2024-08-18,Oakland Athletics,San Francisco Giants,2,4
2024-08-18,Los Angeles Angels,Atlanta Braves,1,3
2024-08-18,Detroit Tigers,New York Yankees,3,2
2024-08-19,Miami Marlins,Arizona Diamondbacks,6,9
2024-08-19,Toronto Blue Jays,Cincinnati Reds,3,6
2024-08-19,New York Mets,Baltimore Orioles,4,3
2024-08-19,Texas Rangers,Pittsburgh Pirates,4,3
2024-08-19,Houston Astros,Boston Red Sox,5,4
2024-08-19,Kansas City Royals,Los Angeles Angels,5,3
2024-08-19,Oakland Athletics,Tampa Bay Rays,3,0
2024-08-19,San Diego Padres,Minnesota Twins,5,3
2024-08-19,San Francisco Giants,Chicago White Sox,5,3
2024-08-19,Los Angeles Dodgers,Seattle Mariners,3,0
2024-08-20,Miami Marlins,Arizona Diamondbacks,1,3
2024-08-20,Washington Nationals,Colorado Rockies,1,3
2024-08-20,New York Yankees,Cleveland Guardians,5,9
2024-08-20,Toronto Blue Jays,Cincinnati Reds,10,3
2024-08-20,New York Mets,Baltimore Orioles,5,9
2024-08-20,Atlanta Braves,Philadelphia Phillies,3,1
2024-08-20,St. Louis Cardinals,Milwaukee Brewers,2,3
2024-08-20,Chicago Cubs,Detroit Tigers,3,1
2024-08-20,Texas Rangers,Pittsburgh Pirates,0,4
2024-08-20,Houston Astros,Boston Red Sox,5,6
2024-08-20,Kansas City Royals,Los Angeles Angels,5,9
2024-08-20,Oakland Athletics,Tampa Bay Rays,0,1
2024-08-20,San Diego Padres,Minnesota Twins,7,5
2024-08-20,San Francisco Giants,Chicago White Sox,4,1
2024-08-20,Los Angeles Dodgers,Seattle Mariners,6,3
2024-08-21,New York Mets,Baltimore Orioles,4,3
2024-08-21,Houston Astros,Boston Red Sox,1,4
2024-08-21,Texas Rangers,Pittsburgh Pirates,1,0
2024-08-21,San Francisco Giants,Chicago White Sox,2,6
2024-08-21,San Diego Padres,Minnesota Twins,4,11
2024-08-21,Miami Marlins,Arizona Diamondbacks,8,10
2024-08-21,Washington Nationals,Colorado Rockies,6,1
2024-08-21,New York Yankees,Cleveland Guardians,8,1
2024-08-21,Toronto Blue Jays,Cincinnati Reds,7,11
2024-08-21,Atlanta Braves,Philadelphia Phillies,2,3
2024-08-21,St. Louis Cardinals,Milwaukee Brewers,10,6
2024-08-21,Chicago Cubs,Detroit Tigers,2,8
2024-08-21,Kansas City Royals,Los Angeles Angels,3,0
2024-08-21,Oakland Athletics,Tampa Bay Rays,2,4
2024-08-21,Los Angeles Dodgers,Seattle Mariners,8,4
2024-08-22,Washington Nationals,Colorado Rockies,8,3
2024-08-22,New York Yankees,Cleveland Guardians,6,0
2024-08-22,St. Louis Cardinals,Milwaukee Brewers,3,0
2024-08-22,Chicago Cubs,Detroit Tigers,10,2
2024-08-22,Oakland Athletics,Tampa Bay Rays,3,1
2024-08-22,Pittsburgh Pirates,Cincinnati Reds,7,0
2024-08-22,Toronto Blue Jays,Los Angeles Angels,5,3
2024-08-22,Baltimore Orioles,Houston Astros,0,6
2024-08-22,Atlanta Braves,Philadelphia Phillies,3,2
2024-08-22,San Diego Padres,New York Mets,3,8
2024-08-23,Pittsburgh Pirates,Cincinnati Reds,6,5
2024-08-23,Baltimore Orioles,Houston Astros,7,5
2024-08-23,New York Yankees,Colorado Rockies,3,0
2024-08-23,Toronto Blue Jays,Los Angeles Angels,5,4
2024-08-23,Boston Red Sox,Arizona Diamondbacks,2,12
2024-08-23,Cleveland Guardians,Texas Rangers,3,5
2024-08-23,Miami Marlins,Chicago Cubs,3,6
2024-08-23,Atlanta Braves,Washington Nationals,3,2
2024-08-23,Minnesota Twins,St. Louis Cardinals,1,6
2024-08-23,Kansas City Royals,Philadelphia Phillies,7,4
2024-08-23,Chicago White Sox,Detroit Tigers,2,5
2024-08-23,San Diego Padres,New York Mets,7,0
2024-08-23,Oakland Athletics,Milwaukee Brewers,3,11
2024-08-23,Seattle Mariners,San Francisco Giants,6,5
2024-08-23,Los Angeles Dodgers,Tampa Bay Rays,7,3
2024-08-24,New York Yankees,Colorado Rockies,2,9
2024-08-24,Toronto Blue Jays,Los Angeles Angels,3,1
2024-08-24,Baltimore Orioles,Houston Astros,3,2
2024-08-24,Oakland Athletics,Milwaukee Brewers,5,9
2024-08-24,Boston Red Sox,Arizona Diamondbacks,1,4
2024-08-24,Seattle Mariners,San Francisco Giants,3,4
2024-08-24,Miami Marlins,Chicago Cubs,2,14
2024-08-24,Pittsburgh Pirates,Cincinnati Reds,2,10
2024-08-24,Cleveland Guardians,Texas Rangers,13,5
2024-08-24,Minnesota Twins,St. Louis Cardinals,6,0
2024-08-24,Kansas City Royals,Philadelphia Phillies,2,11
2024-08-24,Chicago White Sox,Detroit Tigers,4,13
2024-08-24,Atlanta Braves,Washington Nationals,4,2
2024-08-24,San Diego Padres,New York Mets,1,7
2024-08-24,Los Angeles Dodgers,Tampa Bay Rays,8,9
2024-08-25,Atlanta Braves,Washington Nationals,1,5
2024-08-25,Boston Red Sox,Arizona Diamondbacks,5,7
2024-08-25,Pittsburgh Pirates,Cincinnati Reds,4,3
2024-08-25,New York Yankees,Colorado Rockies,10,3
2024-08-25,Toronto Blue Jays,Los Angeles Angels,8,2
2024-08-25,Cleveland Guardians,Texas Rangers,4,2
2024-08-25,Miami Marlins,Chicago Cubs,7,2
2024-08-25,Minnesota Twins,St. Louis Cardinals,2,3
2024-08-25,Kansas City Royals,Philadelphia Phillies,3,11
2024-08-25,Chicago White Sox,Detroit Tigers,4,9
2024-08-25,Oakland Athletics,Milwaukee Brewers,4,3
2024-08-25,San Diego Padres,New York Mets,3,2
2024-08-25,Seattle Mariners,San Francisco Giants,4,3
2024-08-25,Los Angeles Dodgers,Tampa Bay Rays,3,1
2024-08-25,Baltimore Orioles,Houston Astros,3,6
2024-08-26,Cleveland Guardians,Kansas City Royals,3,4
2024-08-26,Cleveland Guardians,Kansas City Royals,4,9
2024-06-26,Boston Red Sox,Toronto Blue Jays,1,4
2024-08-26,Pittsburgh Pirates,Chicago Cubs,8,18
2024-08-26,Philadelphia Phillies,Houston Astros,3,2
2024-08-26,Washington Nationals,New York Yankees,2,5
2024-08-26,Boston Red Sox,Toronto Blue Jays,3,7
2024-08-26,Minnesota Twins,Atlanta Braves,6,10
2024-08-26,St. Louis Cardinals,San Diego Padres,4,7
2024-08-26,Chicago White Sox,Detroit Tigers,3,6
2024-08-26,Colorado Rockies,Miami Marlins,3,2
2024-08-26,Seattle Mariners,Tampa Bay Rays,5,1
2024-08-27,Detroit Tigers,Los Angeles Angels,6,2
2024-08-27,Cleveland Guardians,Kansas City Royals,1,6
2024-08-27,Cincinnati Reds,Oakland Athletics,4,5
2024-08-27,Pittsburgh Pirates,Chicago Cubs,5,9
2024-08-27,Philadelphia Phillies,Houston Astros,5,0
2024-08-27,Washington Nationals,New York Yankees,4,2
2024-08-27,Boston Red Sox,Toronto Blue Jays,6,3
2024-08-27,Minnesota Twins,Atlanta Braves,6,8
2024-08-27,St. Louis Cardinals,San Diego Padres,5,7
2024-08-27,Chicago White Sox,Texas Rangers,1,3
2024-08-27,Milwaukee Brewers,San Francisco Giants,4,5
2024-08-27,Colorado Rockies,Miami Marlins,8,9
2024-08-27,Arizona Diamondbacks,New York Mets,3,8
2024-08-27,Seattle Mariners,Tampa Bay Rays,2,3
2024-08-27,Los Angeles Dodgers,Baltimore Orioles,2,3
2024-08-28,Pittsburgh Pirates,Chicago Cubs,10,14
2024-08-28,Cleveland Guardians,Kansas City Royals,7,5
2024-08-28,Philadelphia Phillies,Houston Astros,0,10
2024-08-28,Seattle Mariners,Tampa Bay Rays,6,2
2024-08-27,Chicago White Sox,Texas Rangers,1,3
2024-08-28,Detroit Tigers,Los Angeles Angels,3,2
2024-08-28,Cincinnati Reds,Oakland Athletics,6,9
2024-08-28,Washington Nationals,New York Yankees,5,2
2024-08-28,Boston Red Sox,Toronto Blue Jays,3,0
2024-08-28,Minnesota Twins,Atlanta Braves,1,5
2024-08-28,St. Louis Cardinals,San Diego Padres,4,3
2024-08-28,Chicago White Sox,Texas Rangers,3,4
2024-08-28,Milwaukee Brewers,San Francisco Giants,5,3
2024-08-28,Colorado Rockies,Miami Marlins,8,2
2024-08-28,Arizona Diamondbacks,New York Mets,8,5
2024-08-28,Los Angeles Dodgers,Baltimore Orioles,6,4
2024-08-29,Detroit Tigers,Los Angeles Angels,0,3
2024-08-29,Chicago White Sox,Texas Rangers,1,2
2024-08-29,Milwaukee Brewers,San Francisco Giants,6,0
2024-08-29,St. Louis Cardinals,San Diego Padres,4,1
2024-08-29,Colorado Rockies,Miami Marlins,8,12
2024-08-29,Arizona Diamondbacks,New York Mets,2,3
2024-08-29,Cincinnati Reds,Oakland Athletics,10,9
2024-08-29,Philadelphia Phillies,Atlanta Braves,5,4
2024-08-29,Boston Red Sox,Toronto Blue Jays,0,2
2024-08-29,Houston Astros,Kansas City Royals,6,3
2024-08-29,Los Angeles Dodgers,Baltimore Orioles,6,3
2024-08-30,Cincinnati Reds,Milwaukee Brewers,4,5
2024-08-30,Cincinnati Reds,Milwaukee Brewers,0,14
2024-08-30,Detroit Tigers,Boston Red Sox,5,7
2024-08-30,Philadelphia Phillies,Atlanta Braves,2,7
2024-08-30,Washington Nationals,Chicago Cubs,6,7
2024-08-30,Tampa Bay Rays,San Diego Padres,5,13
2024-08-30,New York Yankees,St. Louis Cardinals,6,3
2024-08-30,Cleveland Guardians,Pittsburgh Pirates,10,8
2024-08-30,Texas Rangers,Oakland Athletics,2,9
2024-08-30,Houston Astros,Kansas City Royals,3,2
2024-08-30,Minnesota Twins,Toronto Blue Jays,2,0
2024-08-30,Chicago White Sox,New York Mets,1,5
2024-08-30,Colorado Rockies,Baltimore Orioles,3,5
2024-08-30,Los Angeles Angels,Seattle Mariners,5,9
2024-08-30,Arizona Diamondbacks,Los Angeles Dodgers,9,10
2024-08-30,San Francisco Giants,Miami Marlins,3,1
2024-08-31,New York Yankees,St. Louis Cardinals,5,6
2024-08-31,Washington Nationals,Chicago Cubs,3,5
2024-08-31,Tampa Bay Rays,San Diego Padres,11,4
2024-08-31,Detroit Tigers,Boston Red Sox,2,1
2024-08-31,Cleveland Guardians,Pittsburgh Pirates,0,3
2024-08-31,Texas Rangers,Oakland Athletics,3,2
2024-08-31,Houston Astros,Kansas City Royals,5,2
2024-08-31,Minnesota Twins,Toronto Blue Jays,0,15
2024-08-31,Chicago White Sox,New York Mets,3,5
2024-08-31,Philadelphia Phillies,Atlanta Braves,3,0
2024-08-31,Cincinnati Reds,Milwaukee Brewers,4,5
2024-08-31,Colorado Rockies,Baltimore Orioles,7,5
2024-08-31,Arizona Diamondbacks,Los Angeles Dodgers,6,8
2024-08-31,San Francisco Giants,Miami Marlins,3,4
2024-08-31,Los Angeles Angels,Seattle Mariners,5,4
2024-09-01,Cincinnati Reds,Milwaukee Brewers,4,3
2024-09-01,Washington Nationals,Chicago Cubs,1,14
2024-09-01,New York Yankees,St. Louis Cardinals,7,14
2024-09-01,Detroit Tigers,Boston Red Sox,4,1
2024-09-01,Cleveland Guardians,Pittsburgh Pirates,6,1
2024-09-01,Tampa Bay Rays,San Diego Padres,3,4
2024-09-01,Houston Astros,Kansas City Royals,7,2
2024-09-01,Minnesota Twins,Toronto Blue Jays,4,3
2024-09-01,Chicago White Sox,New York Mets,0,2
2024-09-01,Texas Rangers,Oakland Athletics,6,4
2024-09-01,Colorado Rockies,Baltimore Orioles,1,6
2024-09-01,San Francisco Giants,Miami Marlins,5,7
2024-09-01,Los Angeles Angels,Seattle Mariners,3,2
2024-09-01,Arizona Diamondbacks,Los Angeles Dodgers,14,3
2024-09-01,Philadelphia Phillies,Atlanta Braves,3,2
2024-09-02,Milwaukee Brewers,St. Louis Cardinals,9,3
2024-09-02,Baltimore Orioles,Chicago White Sox,13,3
2024-09-02,Cincinnati Reds,Houston Astros,5,3
2024-09-02,Kansas City Royals,Cleveland Guardians,2,4
2024-09-02,Arizona Diamondbacks,Los Angeles Dodgers,6,11
2024-09-02,San Diego Padres,Detroit Tigers,3,0
2024-09-02,Tampa Bay Rays,Minnesota Twins,4,5
2024-09-02,Oakland Athletics,Seattle Mariners,5,4
2024-09-02,New York Mets,Boston Red Sox,4,1
2024-09-02,Chicago Cubs,Pittsburgh Pirates,3,5
2024-09-02,Texas Rangers,New York Yankees,4,8
2024-09-03,Baltimore Orioles,Chicago White Sox,9,0
2024-09-03,Miami Marlins,Washington Nationals,2,6
2024-09-03,Tampa Bay Rays,Minnesota Twins,2,1
2024-09-03,Toronto Blue Jays,Philadelphia Phillies,9,10
2024-09-03,New York Mets,Boston Red Sox,7,2
2024-09-03,Atlanta Braves,Colorado Rockies,3,0
2024-09-03,Kansas City Royals,Cleveland Guardians,1,7
2024-09-03,Chicago Cubs,Pittsburgh Pirates,0,5
2024-09-03,Milwaukee Brewers,St. Louis Cardinals,4,7
2024-09-03,Texas Rangers,New York Yankees,7,4
2024-09-03,Los Angeles Angels,Los Angeles Dodgers,2,6
2024-09-03,Oakland Athletics,Seattle Mariners,3,2
2024-09-03,San Francisco Giants,Arizona Diamondbacks,7,8
2024-09-04,Toronto Blue Jays,Philadelphia Phillies,2,4
2024-09-04,Baltimore Orioles,Chicago White Sox,1,8
2024-09-04,Cincinnati Reds,Houston Astros,12,5
2024-09-04,Miami Marlins,Washington Nationals,4,3
2024-09-04,Tampa Bay Rays,Minnesota Twins,9,4
2024-09-04,New York Mets,Boston Red Sox,8,3
2024-09-04,Atlanta Braves,Colorado Rockies,5,2
2024-09-04,Kansas City Royals,Cleveland Guardians,4,1
2024-09-04,Chicago Cubs,Pittsburgh Pirates,12,0
2024-09-04,Milwaukee Brewers,St. Louis Cardinals,2,3
2024-09-04,Texas Rangers,New York Yankees,10,6
2024-09-04,Los Angeles Angels,Los Angeles Dodgers,10,1
2024-09-04,San Diego Padres,Detroit Tigers,6,5
2024-09-04,Oakland Athletics,Seattle Mariners,3,16
2024-09-04,San Francisco Giants,Arizona Diamondbacks,4,6
2024-09-05,Cincinnati Reds,Houston Astros,1,0
2024-09-05,Tampa Bay Rays,Minnesota Twins,3,4
2024-09-05,Oakland Athletics,Seattle Mariners,4,6
2024-09-05,San Francisco Giants,Arizona Diamondbacks,3,2
2024-09-05,Pittsburgh Pirates,Washington Nationals,9,4
2024-09-05,Miami Marlins,Philadelphia Phillies,2,5
2024-09-05,Atlanta Braves,Colorado Rockies,1,3
2024-09-05,Texas Rangers,Los Angeles Angels,3,1
2024-09-05,San Diego Padres,Detroit Tigers,3,4
2024-09-06,Chicago Cubs,New York Yankees,0,3
2024-09-06,Milwaukee Brewers,Colorado Rockies,2,3
2024-09-06,Baltimore Orioles,Tampa Bay Rays,2,0
2024-09-06,New York Mets,Cincinnati Reds,6,4
2024-09-06,Boston Red Sox,Chicago White Sox,3,1
2024-09-06,Miami Marlins,Philadelphia Phillies,2,16
2024-09-06,Atlanta Braves,Toronto Blue Jays,3,1
2024-09-06,Texas Rangers,Los Angeles Angels,1,5
2024-09-06,Houston Astros,Arizona Diamondbacks,8,0
2024-09-06,Kansas City Royals,Minnesota Twins,5,0
2024-09-06,St. Louis Cardinals,Seattle Mariners,1,6
2024-09-06,Oakland Athletics,Detroit Tigers,7,6
2024-09-06,San Diego Padres,San Francisco Giants,5,1
2024-09-06,Los Angeles Dodgers,Cleveland Guardians,1,3
2024-09-07,Pittsburgh Pirates,Washington Nationals,3,5
2024-09-07,Pittsburgh Pirates,Washington Nationals,6,8
2024-09-07,Chicago Cubs,New York Yankees,0,2
2024-09-07,Baltimore Orioles,Tampa Bay Rays,1,7
2024-09-07,Oakland Athletics,Detroit Tigers,1,2
2024-09-07,Houston Astros,Arizona Diamondbacks,11,5
2024-09-07,New York Mets,Cincinnati Reds,4,0
2024-09-07,Miami Marlins,Philadelphia Phillies,9,5
2024-09-07,Texas Rangers,Los Angeles Angels,6,4
2024-09-07,Milwaukee Brewers,Colorado Rockies,5,2
2024-09-07,St. Louis Cardinals,Seattle Mariners,2,0
2024-09-07,Kansas City Royals,Minnesota Twins,4,2
2024-09-07,Boston Red Sox,Chicago White Sox,7,5
2024-09-07,Atlanta Braves,Toronto Blue Jays,5,9
2024-09-07,San Diego Padres,San Francisco Giants,3,6
2024-09-07,Los Angeles Dodgers,Cleveland Guardians,7,2
2024-09-08,Baltimore Orioles,Tampa Bay Rays,0,2
2024-09-08,Pittsburgh Pirates,Washington Nationals,7,3
2024-09-08,Atlanta Braves,Toronto Blue Jays,4,3
2024-09-08,Boston Red Sox,Chicago White Sox,2,7
2024-09-08,New York Mets,Cincinnati Reds,1,3
2024-09-08,Miami Marlins,Philadelphia Phillies,10,1
2024-09-08,Kansas City Royals,Minnesota Twins,2,0
2024-09-08,Milwaukee Brewers,Colorado Rockies,1,4
2024-09-08,St. Louis Cardinals,Seattle Mariners,4,10
2024-09-08,Chicago Cubs,New York Yankees,2,1
2024-09-08,Texas Rangers,Los Angeles Angels,7,4
2024-09-08,Oakland Athletics,Detroit Tigers,1,9
2024-09-08,Los Angeles Dodgers,Cleveland Guardians,4,0
2024-09-08,San Diego Padres,San Francisco Giants,6,7
2024-09-08,Houston Astros,Arizona Diamondbacks,6,12
2024-09-09,Philadelphia Phillies,Tampa Bay Rays,2,1
2024-09-09,Atlanta Braves,Cincinnati Reds,0,1
2024-09-09,Pittsburgh Pirates,Miami Marlins,3,2
2024-09-09,New York Yankees,Kansas City Royals,10,4
2024-09-09,Toronto Blue Jays,New York Mets,2,3
2024-09-09,Boston Red Sox,Baltimore Orioles,12,3
2024-09-09,Minnesota Twins,Los Angeles Angels,2,6
2024-09-09,Chicago White Sox,Cleveland Guardians,3,5
2024-09-09,Los Angeles Dodgers,Chicago Cubs,4,10
2024-09-10,Detroit Tigers,Colorado Rockies,11,0
2024-09-10,Philadelphia Phillies,Tampa Bay Rays,9,4
2024-09-10,Pittsburgh Pirates,Miami Marlins,6,4
2024-09-10,Washington Nationals,Atlanta Braves,0,12
2024-09-10,New York Yankees,Kansas City Royals,0,5
2024-09-10,Toronto Blue Jays,New York Mets,6,2
2024-09-10,Boston Red Sox,Baltimore Orioles,3,5
2024-09-10,Minnesota Twins,Los Angeles Angels,10,5
2024-09-10,Chicago White Sox,Cleveland Guardians,0,5
2024-09-10,St. Louis Cardinals,Cincinnati Reds,0,3
2024-09-10,Houston Astros,Oakland Athletics,3,4
2024-09-10,Seattle Mariners,San Diego Padres,3,7
2024-09-10,Arizona Diamondbacks,Texas Rangers,6,0
2024-09-10,San Francisco Giants,Milwaukee Brewers,2,3
2024-09-10,Los Angeles Dodgers,Chicago Cubs,3,6
2024-09-11,Pittsburgh Pirates,Miami Marlins,3,1
2024-09-11,Chicago White Sox,Cleveland Guardians,4,6
2024-09-11,Toronto Blue Jays,New York Mets,2,6
2024-09-11,Arizona Diamondbacks,Texas Rangers,14,4
2024-09-11,Detroit Tigers,Colorado Rockies,7,4
2024-09-11,Philadelphia Phillies,Tampa Bay Rays,3,2
2024-09-11,Washington Nationals,Atlanta Braves,5,1
2024-09-11,New York Yankees,Kansas City Royals,4,3
2024-09-11,Boston Red Sox,Baltimore Orioles,5,3
2024-09-11,Minnesota Twins,Los Angeles Angels,6,4
2024-09-11,St. Louis Cardinals,Cincinnati Reds,2,1
2024-09-11,Houston Astros,Oakland Athletics,4,5
2024-09-11,Seattle Mariners,San Diego Padres,5,2
2024-09-11,San Francisco Giants,Milwaukee Brewers,13,2
2024-09-11,Los Angeles Dodgers,Chicago Cubs,10,8
2024-09-12,Detroit Tigers,Colorado Rockies,2,4
2024-09-12,St. Louis Cardinals,Cincinnati Reds,6,1
2024-09-12,Houston Astros,Oakland Athletics,6,3
2024-09-12,Washington Nationals,Miami Marlins,3,6
2024-09-12,Cleveland Guardians,Tampa Bay Rays,2,5
2024-09-12,New York Yankees,Boston Red Sox,2,1
2024-09-12,Seattle Mariners,Texas Rangers,4,5
2024-09-12,San Francisco Giants,Milwaukee Brewers,0,3
2024-09-13,Detroit Tigers,Baltimore Orioles,1,0
2024-09-13,Pittsburgh Pirates,Kansas City Royals,3,8
2024-09-13,Philadelphia Phillies,New York Mets,3,11
2024-09-13,Washington Nationals,Miami Marlins,4,1
2024-09-13,New York Yankees,Boston Red Sox,5,4
2024-09-13,Toronto Blue Jays,St. Louis Cardinals,4,3
2024-09-13,Cleveland Guardians,Tampa Bay Rays,1,3
2024-09-13,Atlanta Braves,Los Angeles Dodgers,6,2
2024-09-13,Chicago White Sox,Oakland Athletics,0,2
2024-09-13,Minnesota Twins,Cincinnati Reds,4,8
2024-09-13,Colorado Rockies,Chicago Cubs,9,5
2024-09-13,Los Angeles Angels,Houston Astros,3,5
2024-09-13,Arizona Diamondbacks,Milwaukee Brewers,1,2
2024-09-13,Seattle Mariners,Texas Rangers,5,4
2024-09-13,San Francisco Giants,San Diego Padres,0,5
2024-09-14,Pittsburgh Pirates,Kansas City Royals,1,5
2024-09-14,New York Yankees,Boston Red Sox,1,7
2024-09-14,Toronto Blue Jays,St. Louis Cardinals,7,2
2024-09-14,Philadelphia Phillies,New York Mets,6,4
2024-09-14,Washington Nationals,Miami Marlins,4,1
2024-09-14,Detroit Tigers,Baltimore Orioles,2,4
2024-09-14,Cleveland Guardians,Tampa Bay Rays,6,1
2024-09-14,Minnesota Twins,Cincinnati Reds,1,11
2024-09-14,Chicago White Sox,Oakland Athletics,7,6
2024-09-14,Atlanta Braves,Los Angeles Dodgers,10,1
2024-09-14,Colorado Rockies,Chicago Cubs,6,5
2024-09-14,Arizona Diamondbacks,Milwaukee Brewers,8,15
2024-09-14,San Francisco Giants,San Diego Padres,0,8
2024-09-14,Los Angeles Angels,Houston Astros,3,5
2024-09-14,Seattle Mariners,Texas Rangers,5,4
2024-09-15,Detroit Tigers,Baltimore Orioles,4,2
2024-09-15,Minnesota Twins,Cincinnati Reds,9,2
2024-09-15,Pittsburgh Pirates,Kansas City Royals,4,3
2024-09-15,Philadelphia Phillies,New York Mets,2,1
2024-09-15,Washington Nationals,Miami Marlins,4,3
2024-09-15,New York Yankees,Boston Red Sox,5,2
2024-09-15,Toronto Blue Jays,St. Louis Cardinals,3,2
2024-09-15,Cleveland Guardians,Tampa Bay Rays,2,0
2024-09-15,Chicago White Sox,Oakland Athletics,4,3
2024-09-15,Colorado Rockies,Chicago Cubs,2,6
2024-09-15,San Francisco Giants,San Diego Padres,3,4
2024-09-15,Los Angeles Angels,Houston Astros,4,6
2024-09-15,Seattle Mariners,Texas Rangers,7,0
2024-09-15,Arizona Diamondbacks,Milwaukee Brewers,11,10
2024-09-15,Atlanta Braves,Los Angeles Dodgers,2,9
2024-09-16,Cleveland Guardians,Minnesota Twins,4,3
2024-09-16,New York Mets,Washington Nationals,2,1
2024-09-16,Atlanta Braves,Los Angeles Dodgers,0,9
2024-09-16,Kansas City Royals,Detroit Tigers,6,7
2024-09-16,Chicago Cubs,Oakland Athletics,9,2
2024-09-16,Milwaukee Brewers,Philadelphia Phillies,6,2
2024-09-16,St. Louis Cardinals,Pittsburgh Pirates,4,0
2024-09-16,Colorado Rockies,Arizona Diamondbacks,3,2
2024-09-16,Los Angeles Angels,Chicago White Sox,4,8
2024-09-16,San Diego Padres,Houston Astros,3,1
2024-09-17,Baltimore Orioles,San Francisco Giants,0,10
2024-09-17,Cleveland Guardians,Minnesota Twins,1,4
2024-09-17,Cincinnati Reds,Atlanta Braves,6,5
2024-09-17,Miami Marlins,Los Angeles Dodgers,11,9
2024-09-17,Tampa Bay Rays,Boston Red Sox,8,3
2024-09-17,New York Mets,Washington Nationals,10,1
2024-09-17,Kansas City Royals,Detroit Tigers,1,3
2024-09-17,Chicago Cubs,Oakland Athletics,3,4
2024-09-17,Milwaukee Brewers,Philadelphia Phillies,1,5
2024-09-17,St. Louis Cardinals,Pittsburgh Pirates,3,1
2024-09-17,Texas Rangers,Toronto Blue Jays,13,8
2024-09-17,Colorado Rockies,Arizona Diamondbacks,8,2
2024-09-17,Los Angeles Angels,Chicago White Sox,5,0
2024-09-17,San Diego Padres,Houston Astros,3,4
2024-09-17,Seattle Mariners,New York Yankees,2,11
2024-09-18,Chicago Cubs,Oakland Athletics,3,5
2024-09-18,Colorado Rockies,Arizona Diamondbacks,4,9
2024-09-18,Los Angeles Angels,Chicago White Sox,4,3
2024-09-18,Baltimore Orioles,San Francisco Giants,3,5
2024-09-18,San Diego Padres,Houston Astros,4,0
2024-09-18,Cleveland Guardians,Minnesota Twins,5,4
2024-09-18,Cincinnati Reds,Atlanta Braves,1,7
2024-09-18,Miami Marlins,Los Angeles Dodgers,4,8
2024-09-18,Tampa Bay Rays,Boston Red Sox,1,2
2024-09-18,New York Mets,Washington Nationals,10,0
2024-09-18,Kansas City Royals,Detroit Tigers,2,4
2024-09-18,Milwaukee Brewers,Philadelphia Phillies,2,1
2024-09-18,St. Louis Cardinals,Pittsburgh Pirates,10,5
2024-09-18,Texas Rangers,Toronto Blue Jays,2,0
2024-09-18,Seattle Mariners,New York Yankees,1,2
2024-09-19,Baltimore Orioles,San Francisco Giants,5,3
2024-09-19,Cleveland Guardians,Minnesota Twins,3,2
2024-09-19,Cincinnati Reds,Atlanta Braves,3,15
2024-09-19,Texas Rangers,Toronto Blue Jays,0,4
2024-09-19,Seattle Mariners,New York Yankees,3,2
2024-09-19,Miami Marlins,Los Angeles Dodgers,4,20
2024-09-19,Tampa Bay Rays,Boston Red Sox,2,0
2024-09-19,St. Louis Cardinals,Pittsburgh Pirates,2,3
2024-09-19,New York Mets,Philadelphia Phillies,10,6
2024-09-19,Milwaukee Brewers,Arizona Diamondbacks,1,5
2024-09-19,Chicago Cubs,Washington Nationals,7,6
2024-09-19,Houston Astros,Los Angeles Angels,3,1
2024-09-20,Chicago Cubs,Washington Nationals,3,1
2024-09-20,Cincinnati Reds,Pittsburgh Pirates,8,3
2024-09-20,Tampa Bay Rays,Toronto Blue Jays,1,0
2024-09-20,Baltimore Orioles,Detroit Tigers,7,1
2024-09-20,Boston Red Sox,Minnesota Twins,2,4
2024-09-20,New York Mets,Philadelphia Phillies,2,12
2024-09-20,Miami Marlins,Atlanta Braves,4,3
2024-09-20,Texas Rangers,Seattle Mariners,2,8
2024-09-20,Houston Astros,Los Angeles Angels,9,7
2024-09-20,Kansas City Royals,San Francisco Giants,1,2
2024-09-20,Milwaukee Brewers,Arizona Diamondbacks,4,7
2024-09-20,St. Louis Cardinals,Cleveland Guardians,1,5
2024-09-20,San Diego Padres,Chicago White Sox,3,2
2024-09-20,Oakland Athletics,New York Yankees,2,4
2024-09-20,Los Angeles Dodgers,Colorado Rockies,6,4
2024-09-21,Cincinnati Reds,Pittsburgh Pirates,7,1
2024-09-21,Chicago Cubs,Washington Nationals,1,5
2024-09-21,Baltimore Orioles,Detroit Tigers,4,6
2024-09-21,Tampa Bay Rays,Toronto Blue Jays,3,2
2024-09-21,New York Mets,Philadelphia Phillies,6,3
2024-09-21,Miami Marlins,Atlanta Braves,2,6
2024-09-21,Kansas City Royals,San Francisco Giants,0,9
2024-09-21,Texas Rangers,Seattle Mariners,4,8
2024-09-21,Houston Astros,Los Angeles Angels,10,4
2024-09-21,Milwaukee Brewers,Arizona Diamondbacks,0,5
2024-09-21,St. Louis Cardinals,Cleveland Guardians,6,5
2024-09-21,San Diego Padres,Chicago White Sox,6,2
2024-09-21,Oakland Athletics,New York Yankees,0,10
2024-09-21,Los Angeles Dodgers,Colorado Rockies,3,6
2024-09-22,Boston Red Sox,Minnesota Twins,8,1
2024-09-22,Boston Red Sox,Minnesota Twins,9,3
2024-09-22,Cincinnati Reds,Pittsburgh Pirates,0,2
2024-09-22,Baltimore Orioles,Detroit Tigers,3,4
2024-09-22,Tampa Bay Rays,Toronto Blue Jays,4,3
2024-09-22,Miami Marlins,Atlanta Braves,4,5
2024-09-22,Houston Astros,Los Angeles Angels,8,9
2024-09-22,Kansas City Royals,San Francisco Giants,0,2
2024-09-22,Milwaukee Brewers,Arizona Diamondbacks,10,9
2024-09-22,St. Louis Cardinals,Cleveland Guardians,2,1
2024-09-22,Chicago Cubs,Washington Nationals,5,0
2024-09-22,Texas Rangers,Seattle Mariners,6,5
2024-09-22,Oakland Athletics,New York Yankees,4,7
2024-09-22,Los Angeles Dodgers,Colorado Rockies,6,5
2024-09-22,San Diego Padres,Chicago White Sox,4,2
2024-09-22,New York Mets,Philadelphia Phillies,2,1
2024-09-23,Philadelphia Phillies,Chicago Cubs,6,2
2024-09-23,Toronto Blue Jays,Boston Red Sox,1,4
2024-09-23,Houston Astros,Seattle Mariners,1,6
2024-09-23,Arizona Diamondbacks,San Francisco Giants,3,6
2024-09-24,Detroit Tigers,Tampa Bay Rays,2,1
2024-09-24,Cleveland Guardians,Cincinnati Reds,6,1
2024-09-24,Philadelphia Phillies,Chicago Cubs,4,10
2024-09-24,Pittsburgh Pirates,Milwaukee Brewers,2,7
2024-09-24,Washington Nationals,Kansas City Royals,0,1
2024-09-24,New York Yankees,Baltimore Orioles,3,5
2024-09-24,Toronto Blue Jays,Boston Red Sox,5,6
2024-09-24,Atlanta Braves,New York Mets,5,1
2024-09-24,Chicago White Sox,Los Angeles Angels,3,2
2024-09-24,Minnesota Twins,Miami Marlins,1,4
2024-09-24,Houston Astros,Seattle Mariners,4,3
2024-09-24,Colorado Rockies,St. Louis Cardinals,3,7
2024-09-24,Arizona Diamondbacks,San Francisco Giants,0,11
2024-09-24,Oakland Athletics,Texas Rangers,5,4
2024-09-24,Los Angeles Dodgers,San Diego Padres,2,4
2024-09-25,Houston Astros,Seattle Mariners,1,8
2024-09-25,Philadelphia Phillies,Chicago Cubs,9,6
2024-09-25,Cleveland Guardians,Cincinnati Reds,5,2
2024-09-25,Detroit Tigers,Tampa Bay Rays,7,1
2024-09-25,Pittsburgh Pirates,Milwaukee Brewers,2,1
2024-09-25,Washington Nationals,Kansas City Royals,0,3
2024-09-25,New York Yankees,Baltimore Orioles,7,9
2024-09-25,Toronto Blue Jays,Boston Red Sox,6,1
2024-09-25,Chicago White Sox,Los Angeles Angels,4,3
2024-09-25,Minnesota Twins,Miami Marlins,8,3
2024-09-25,Colorado Rockies,St. Louis Cardinals,2,5
2024-09-25,Arizona Diamondbacks,San Francisco Giants,8,2
2024-09-25,Oakland Athletics,Texas Rangers,1,5
2024-09-25,Los Angeles Dodgers,San Diego Padres,4,3
2024-09-26,Pittsburgh Pirates,Milwaukee Brewers,2,5
2024-09-26,Washington Nationals,Kansas City Royals,4,7
2024-09-26,Detroit Tigers,Tampa Bay Rays,4,3
2024-09-26,Chicago White Sox,Los Angeles Angels,7,0
2024-09-26,Colorado Rockies,St. Louis Cardinals,10,8
2024-09-26,Oakland Athletics,Texas Rangers,3,2
2024-09-26,New York Yankees,Baltimore Orioles,10,1
2024-09-26,Minnesota Twins,Miami Marlins,6,8
2024-09-26,Los Angeles Dodgers,San Diego Padres,7,2
2024-09-27,Chicago Cubs,Cincinnati Reds,1,0
2024-09-27,Detroit Tigers,Chicago White Sox,4,1
2024-09-27,Washington Nationals,Philadelphia Phillies,9,1
2024-09-27,New York Yankees,Pittsburgh Pirates,2,4
2024-09-27,Toronto Blue Jays,Miami Marlins,5,15
2024-09-27,Cleveland Guardians,Houston Astros,2,5
2024-09-27,Boston Red Sox,Tampa Bay Rays,1,2
2024-09-27,Atlanta Braves,Kansas City Royals,3,0
2024-09-27,Colorado Rockies,Los Angeles Dodgers,4,11
2024-09-27,Minnesota Twins,Baltimore Orioles,2,7
2024-09-27,Milwaukee Brewers,New York Mets,8,4
2024-09-27,Los Angeles Angels,Texas Rangers,2,5
2024-09-27,Arizona Diamondbacks,San Diego Padres,3,5
2024-09-27,Seattle Mariners,Oakland Athletics,2,0
2024-09-27,San Francisco Giants,St. Louis Cardinals,3,6
2024-09-28,New York Yankees,Pittsburgh Pirates,4,9
2024-09-28,Detroit Tigers,Chicago White Sox,0,4
2024-09-28,Chicago Cubs,Cincinnati Reds,3,0
2024-09-28,Toronto Blue Jays,Miami Marlins,1,8
2024-09-28,San Francisco Giants,St. Louis Cardinals,6,5
2024-09-28,Washington Nationals,Philadelphia Phillies,6,3
2024-09-28,Boston Red Sox,Tampa Bay Rays,2,7
2024-09-28,Cleveland Guardians,Houston Astros,3,4
2024-09-28,Minnesota Twins,Baltimore Orioles,2,9
2024-09-28,Milwaukee Brewers,New York Mets,6,0
2024-09-28,Atlanta Braves,Kansas City Royals,2,1
2024-09-28,Colorado Rockies,Los Angeles Dodgers,2,13
2024-09-28,Arizona Diamondbacks,San Diego Padres,0,5
2024-09-28,Los Angeles Angels,Texas Rangers,8,9
2024-09-28,Seattle Mariners,Oakland Athletics,7,6
2024-09-29,San Francisco Giants,St. Louis Cardinals,1,6
2024-09-29,Boston Red Sox,Tampa Bay Rays,3,1
2024-09-29,Washington Nationals,Philadelphia Phillies,3,6
2024-09-29,New York Yankees,Pittsburgh Pirates,6,4
2024-09-29,Los Angeles Angels,Texas Rangers,0,8
2024-09-29,Toronto Blue Jays,Miami Marlins,1,3
2024-09-29,Colorado Rockies,Los Angeles Dodgers,1,2
2024-09-29,Arizona Diamondbacks,San Diego Padres,11,2
2024-09-29,Seattle Mariners,Oakland Athletics,6,4
2024-09-29,Minnesota Twins,Baltimore Orioles,2,6
2024-09-29,Detroit Tigers,Chicago White Sox,5,9
2024-09-29,Milwaukee Brewers,New York Mets,0,5
2024-09-29,Chicago Cubs,Cincinnati Reds,0,3
2024-09-29,Atlanta Braves,Kansas City Royals,2,4
2024-09-30,Atlanta Braves,New York Mets,7,8
2024-09-30,Atlanta Braves,New York Mets,3,0
2024-10-01,Houston Astros,Detroit Tigers,1,3
2024-10-01,Baltimore Orioles,Kansas City Royals,0,1
2024-10-01,Milwaukee Brewers,New York Mets,4,8
2024-10-01,San Diego Padres,Atlanta Braves,4,0
2024-10-02,Houston Astros,Detroit Tigers,2,5
2024-10-02,Baltimore Orioles,Kansas City Royals,1,2
2024-10-02,Milwaukee Brewers,New York Mets,5,3
2024-10-02,San Diego Padres,Atlanta Braves,5,4
2024-10-03,Milwaukee Brewers,New York Mets,2,4
2024-10-05,Cleveland Guardians,Detroit Tigers,7,0
2024-10-05,Philadelphia Phillies,New York Mets,2,6
2024-10-05,New York Yankees,Kansas City Royals,6,5
2024-10-05,Los Angeles Dodgers,San Diego Padres,7,5
2024-10-06,Philadelphia Phillies,New York Mets,7,6
2024-10-06,Los Angeles Dodgers,San Diego Padres,2,10
2024-10-07,Cleveland Guardians,Detroit Tigers,0,3
2024-10-07,New York Yankees,Kansas City Royals,2,4
2024-10-08,New York Mets,Philadelphia Phillies,7,2
2024-10-08,San Diego Padres,Los Angeles Dodgers,6,5
2024-10-09,Detroit Tigers,Cleveland Guardians,3,0
2024-10-09,New York Mets,Philadelphia Phillies,4,1
2024-10-09,Kansas City Royals,New York Yankees,2,3
2024-10-09,San Diego Padres,Los Angeles Dodgers,0,8
2024-10-10,Detroit Tigers,Cleveland Guardians,4,5
2024-10-10,Kansas City Royals,New York Yankees,1,3
2024-10-11,Los Angeles Dodgers,San Diego Padres,2,0
2024-10-12,Cleveland Guardians,Detroit Tigers,7,3
2024-10-13,Los Angeles Dodgers,New York Mets,9,0
2024-10-14,Los Angeles Dodgers,New York Mets,3,7
2024-10-14,New York Yankees,Cleveland Guardians,5,2
2024-10-15,New York Yankees,Cleveland Guardians,6,3
2024-10-16,New York Mets,Los Angeles Dodgers,0,8
2024-10-17,Cleveland Guardians,New York Yankees,7,5
2024-10-17,New York Mets,Los Angeles Dodgers,2,10
2024-10-18,New York Mets,Los Angeles Dodgers,12,6
2024-10-18,Cleveland Guardians,New York Yankees,6,8
2024-10-19,Cleveland Guardians,New York Yankees,2,5
2024-10-20,Los Angeles Dodgers,New York Mets,10,5
2024-10-25,Los Angeles Dodgers,New York Yankees,6,3
2024-10-26,Los Angeles Dodgers,New York Yankees,4,2
2024-10-28,New York Yankees,Los Angeles Dodgers,2,4
2024-10-29,New York Yankees,Los Angeles Dodgers,11,4
2024-10-30,New York Yankees,Los Angeles Dodgers,6,7
