date,home,away,home_goals,away_goals,game_pk
2021-10-19,Milwaukee Bucks,Brooklyn Nets,127,104,401358773
2021-10-19,Los Angeles Lakers,Golden State Warriors,114,121,401358774
2021-10-20,New York Knicks,Boston Celtics,138,134,401358775
2021-10-20,Phoenix Suns,Denver Nuggets,98,110,401358776
2021-10-20,Charlotte Hornets,Indiana Pacers,123,122,401359833
2021-10-20,Detroit Pistons,Chicago Bulls,88,94,401359834
2021-10-20,Toronto Raptors,Washington Wizards,83,98,401359835
2021-10-20,Memphis Grizzlies,Cleveland Cavaliers,132,121,401359836
2021-10-20,Minnesota Timberwolves,Houston Rockets,124,106,401359837
2021-10-20,New Orleans Pelicans,Philadelphia 76ers,97,117,401359838
2021-10-20,San Antonio Spurs,Orlando Magic,123,97,401359839
2021-10-20,Utah Jazz,Oklahoma City Thunder,107,86,401359840
2021-10-20,Portland Trail Blazers,Sacramento Kings,121,124,401359841
2021-10-21,Atlanta Hawks,Dallas Mavericks,113,87,401358777
2021-10-21,Golden State Warriors,LA Clippers,115,113,401358778
2021-10-21,Miami Heat,Milwaukee Bucks,137,95,401359842
2021-10-22,Philadelphia 76ers,Brooklyn Nets,109,114,401358779
2021-10-22,Los Angeles Lakers,Phoenix Suns,105,115,401358780
2021-10-22,Cleveland Cavaliers,Charlotte Hornets,112,123,401359843
2021-10-22,Orlando Magic,New York Knicks,96,121,401359844
2021-10-22,Washington Wizards,Indiana Pacers,135,134,401359845
2021-10-22,Boston Celtics,Toronto Raptors,83,115,401359846
2021-10-22,Chicago Bulls,New Orleans Pelicans,128,112,401359847
2021-10-22,Houston Rockets,Oklahoma City Thunder,124,91,401359848
2021-10-22,Denver Nuggets,San Antonio Spurs,102,96,401359849
2021-10-22,Sacramento Kings,Utah Jazz,101,110,401359850
2021-10-23,Cleveland Cavaliers,Atlanta Hawks,101,95,401359851
2021-10-23,Indiana Pacers,Miami Heat,102,91,401359852
2021-10-23,Toronto Raptors,Dallas Mavericks,95,103,401359853
2021-10-23,Chicago Bulls,Detroit Pistons,97,82,401359854
2021-10-23,Minnesota Timberwolves,New Orleans Pelicans,96,89,401359855
2021-10-23,San Antonio Spurs,Milwaukee Bucks,111,121,401359856
2021-10-23,Portland Trail Blazers,Phoenix Suns,134,105,401359857
2021-10-23,LA Clippers,Memphis Grizzlies,114,120,401359858
2021-10-24,Brooklyn Nets,Charlotte Hornets,95,111,401359859
2021-10-24,New York Knicks,Orlando Magic,104,110,401359860
2021-10-24,Houston Rockets,Boston Celtics,97,107,401359861
2021-10-24,Oklahoma City Thunder,Philadelphia 76ers,103,115,401359862
2021-10-24,Sacramento Kings,Golden State Warriors,107,119,401359863
2021-10-24,Los Angeles Lakers,Memphis Grizzlies,121,118,401359864
2021-10-25,Charlotte Hornets,Boston Celtics,129,140,401359865
2021-10-25,Indiana Pacers,Milwaukee Bucks,109,119,401359866
2021-10-25,Atlanta Hawks,Detroit Pistons,122,104,401359867
2021-10-25,Brooklyn Nets,Washington Wizards,104,90,401359868
2021-10-25,Miami Heat,Orlando Magic,107,90,401359869
2021-10-25,Toronto Raptors,Chicago Bulls,108,111,401359870
2021-10-25,Minnesota Timberwolves,New Orleans Pelicans,98,107,401359871
2021-10-25,Denver Nuggets,Cleveland Cavaliers,87,99,401359872
2021-10-25,LA Clippers,Portland Trail Blazers,116,86,401359873
2021-10-26,New York Knicks,Philadelphia 76ers,112,99,401359874
2021-10-26,Oklahoma City Thunder,Golden State Warriors,98,106,401359875
2021-10-26,Dallas Mavericks,Houston Rockets,116,106,401359876
2021-10-26,San Antonio Spurs,Los Angeles Lakers,121,125,401359877
2021-10-26,Utah Jazz,Denver Nuggets,122,110,401359878
2021-10-27,Orlando Magic,Charlotte Hornets,111,120,401359879
2021-10-27,Boston Celtics,Washington Wizards,107,116,401359880
2021-10-27,Brooklyn Nets,Miami Heat,93,106,401359881
2021-10-27,Toronto Raptors,Indiana Pacers,118,100,401359882
2021-10-27,New Orleans Pelicans,Atlanta Hawks,99,102,401359883
2021-10-27,Milwaukee Bucks,Minnesota Timberwolves,108,113,401359884
2021-10-27,Oklahoma City Thunder,Los Angeles Lakers,123,115,401359885
2021-10-27,Phoenix Suns,Sacramento Kings,107,110,401359886
2021-10-27,Portland Trail Blazers,Memphis Grizzlies,116,96,401359887
2021-10-27,LA Clippers,Cleveland Cavaliers,79,92,401359888
2021-10-28,Philadelphia 76ers,Detroit Pistons,110,102,401359889
2021-10-28,Washington Wizards,Atlanta Hawks,122,111,401359890
2021-10-28,Chicago Bulls,New York Knicks,103,104,401359891
2021-10-28,Houston Rockets,Utah Jazz,91,122,401359892
2021-10-28,Dallas Mavericks,San Antonio Spurs,104,99,401359893
2021-10-28,Golden State Warriors,Memphis Grizzlies,101,104,401359894
2021-10-29,Toronto Raptors,Orlando Magic,110,109,401359895
2021-10-29,Brooklyn Nets,Indiana Pacers,105,98,401359896
2021-10-29,Miami Heat,Charlotte Hornets,114,99,401359897
2021-10-29,New Orleans Pelicans,Sacramento Kings,109,113,401359898
2021-10-29,Denver Nuggets,Dallas Mavericks,106,75,401359899
2021-10-29,Portland Trail Blazers,LA Clippers,111,92,401359900
2021-10-29,Los Angeles Lakers,Cleveland Cavaliers,113,101,401359901
2021-10-30,Washington Wizards,Boston Celtics,115,112,401359902
2021-10-30,Detroit Pistons,Orlando Magic,110,103,401359903
2021-10-30,New Orleans Pelicans,New York Knicks,117,123,401359904
2021-10-30,Indiana Pacers,Toronto Raptors,94,97,401359905
2021-10-30,Philadelphia 76ers,Atlanta Hawks,122,94,401359906
2021-10-30,Chicago Bulls,Utah Jazz,107,99,401359907
2021-10-30,Memphis Grizzlies,Miami Heat,103,129,401359908
2021-10-30,Milwaukee Bucks,San Antonio Spurs,93,102,401359909
2021-10-30,Golden State Warriors,Oklahoma City Thunder,103,82,401359910
2021-10-30,Minnesota Timberwolves,Denver Nuggets,91,93,401359911
2021-10-30,Phoenix Suns,Cleveland Cavaliers,101,92,401359912
2021-10-31,Dallas Mavericks,Sacramento Kings,105,99,401359913
2021-10-31,Charlotte Hornets,Portland Trail Blazers,125,113,401359914
2021-10-31,Milwaukee Bucks,Utah Jazz,95,107,401359915
2021-10-31,Brooklyn Nets,Detroit Pistons,117,91,401359916
2021-10-31,Los Angeles Lakers,Houston Rockets,95,85,401359917
2021-11-01,Charlotte Hornets,Cleveland Cavaliers,110,113,401359918
2021-11-01,Indiana Pacers,San Antonio Spurs,131,118,401359919
2021-11-01,Philadelphia 76ers,Portland Trail Blazers,113,103,401359920
2021-11-01,Atlanta Hawks,Washington Wizards,118,111,401359921
2021-11-01,Boston Celtics,Chicago Bulls,114,128,401359922
2021-11-01,New York Knicks,Toronto Raptors,104,113,401359923
2021-11-01,Memphis Grizzlies,Denver Nuggets,106,97,401359924
2021-11-01,Minnesota Timberwolves,Orlando Magic,97,115,401359925
2021-11-01,LA Clippers,Oklahoma City Thunder,99,94,401359926
2021-11-02,Detroit Pistons,Milwaukee Bucks,89,117,401359927
2021-11-02,Dallas Mavericks,Miami Heat,110,125,401359928
2021-11-02,Utah Jazz,Sacramento Kings,119,113,401359929
2021-11-02,Phoenix Suns,New Orleans Pelicans,112,100,401359930
2021-11-02,Los Angeles Lakers,Houston Rockets,119,117,401359931
2021-11-03,Cleveland Cavaliers,Portland Trail Blazers,107,104,401359932
2021-11-03,Indiana Pacers,New York Knicks,111,98,401359933
2021-11-03,Orlando Magic,Boston Celtics,79,92,401359934
2021-11-03,Philadelphia 76ers,Chicago Bulls,103,98,401359935
2021-11-03,Washington Wizards,Toronto Raptors,100,109,401359936
2021-11-03,Brooklyn Nets,Atlanta Hawks,117,108,401359937
2021-11-03,Memphis Grizzlies,Denver Nuggets,108,106,401359938
2021-11-03,Minnesota Timberwolves,LA Clippers,115,126,401359939
2021-11-03,San Antonio Spurs,Dallas Mavericks,108,109,401359940
2021-11-03,Golden State Warriors,Charlotte Hornets,114,92,401359941
2021-11-03,Sacramento Kings,New Orleans Pelicans,112,99,401359942
2021-11-04,Detroit Pistons,Philadelphia 76ers,98,109,401359943
2021-11-04,Atlanta Hawks,Utah Jazz,98,116,401359944
2021-11-04,Miami Heat,Boston Celtics,78,95,401359945
2021-11-04,Phoenix Suns,Houston Rockets,123,111,401359946
2021-11-04,Los Angeles Lakers,Oklahoma City Thunder,104,107,401359947
2021-11-05,Detroit Pistons,Brooklyn Nets,90,96,401359948
2021-11-05,Orlando Magic,San Antonio Spurs,89,102,401359949
2021-11-05,Washington Wizards,Memphis Grizzlies,115,87,401359950
2021-11-05,Toronto Raptors,Cleveland Cavaliers,101,102,401359951
2021-11-05,Milwaukee Bucks,New York Knicks,98,113,401359952
2021-11-05,Minnesota Timberwolves,LA Clippers,84,104,401359953
2021-11-05,Golden State Warriors,New Orleans Pelicans,126,85,401359954
2021-11-05,Portland Trail Blazers,Indiana Pacers,110,106,401359955
2021-11-05,Sacramento Kings,Charlotte Hornets,140,110,401359956
2021-11-06,Denver Nuggets,Houston Rockets,95,94,401359957
2021-11-06,Miami Heat,Utah Jazz,118,115,401359958
2021-11-06,Chicago Bulls,Philadelphia 76ers,105,114,401359959
2021-11-06,Dallas Mavericks,Boston Celtics,107,104,401359960
2021-11-06,Phoenix Suns,Atlanta Hawks,121,117,401359961
2021-11-06,Portland Trail Blazers,Los Angeles Lakers,105,90,401359962
2021-11-07,Toronto Raptors,Brooklyn Nets,103,116,401359963
2021-11-07,New York Knicks,Cleveland Cavaliers,109,126,401359964
2021-11-07,Orlando Magic,Utah Jazz,107,100,401359965
2021-11-07,Washington Wizards,Milwaukee Bucks,101,94,401359966
2021-11-07,Sacramento Kings,Indiana Pacers,91,94,401359967
2021-11-07,Oklahoma City Thunder,San Antonio Spurs,99,94,401359968
2021-11-07,Golden State Warriors,Houston Rockets,120,107,401359969
2021-11-07,LA Clippers,Charlotte Hornets,120,106,401359970
2021-11-08,Philadelphia 76ers,New York Knicks,96,103,401359971
2021-11-08,Chicago Bulls,Brooklyn Nets,118,95,401359972
2021-11-08,Memphis Grizzlies,Minnesota Timberwolves,125,118,401359973
2021-11-08,Dallas Mavericks,New Orleans Pelicans,108,92,401359974
2021-11-08,Denver Nuggets,Miami Heat,113,96,401359975
2021-11-08,Golden State Warriors,Atlanta Hawks,127,113,401359976
2021-11-08,Sacramento Kings,Phoenix Suns,104,109,401359977
2021-11-08,Los Angeles Lakers,Charlotte Hornets,126,123,401359978
2021-11-09,Philadelphia 76ers,Milwaukee Bucks,109,118,401359979
2021-11-09,Utah Jazz,Atlanta Hawks,110,98,401359980
2021-11-09,LA Clippers,Portland Trail Blazers,117,109,401359981
2021-11-10,Cleveland Cavaliers,Washington Wizards,94,97,401359982
2021-11-10,Orlando Magic,Brooklyn Nets,90,123,401359983
2021-11-10,Boston Celtics,Toronto Raptors,104,88,401359984
2021-11-10,New York Knicks,Milwaukee Bucks,100,112,401359985
2021-11-10,Houston Rockets,Detroit Pistons,104,112,401359986
2021-11-10,Chicago Bulls,Dallas Mavericks,117,107,401359987
2021-11-10,Memphis Grizzlies,Charlotte Hornets,108,118,401359988
2021-11-10,New Orleans Pelicans,Oklahoma City Thunder,100,108,401359989
2021-11-10,San Antonio Spurs,Sacramento Kings,136,117,401359990
2021-11-10,Denver Nuggets,Indiana Pacers,101,98,401359991
2021-11-10,Phoenix Suns,Portland Trail Blazers,119,109,401359992
2021-11-10,Golden State Warriors,Minnesota Timberwolves,123,110,401359993
2021-11-10,Los Angeles Lakers,Miami Heat,120,117,401359994
2021-11-11,Philadelphia 76ers,Toronto Raptors,109,115,401359995
2021-11-11,Utah Jazz,Indiana Pacers,100,111,401359996
2021-11-11,LA Clippers,Miami Heat,112,109,401359997
2021-11-12,Charlotte Hornets,New York Knicks,104,96,401359998
2021-11-12,Boston Celtics,Milwaukee Bucks,122,113,401359999
2021-11-12,Cleveland Cavaliers,Detroit Pistons,98,78,401360000
2021-11-12,Houston Rockets,Portland Trail Blazers,92,104,401360001
2021-11-12,Memphis Grizzlies,Phoenix Suns,94,119,401360002
2021-11-12,New Orleans Pelicans,Brooklyn Nets,112,120,401360003
2021-11-12,Oklahoma City Thunder,Sacramento Kings,105,103,401360004
2021-11-12,San Antonio Spurs,Dallas Mavericks,109,123,401360005
2021-11-12,Denver Nuggets,Atlanta Hawks,105,96,401360006
2021-11-12,Golden State Warriors,Chicago Bulls,119,93,401360007
2021-11-12,Los Angeles Lakers,Minnesota Timberwolves,83,107,401360008
2021-11-13,Utah Jazz,Miami Heat,105,111,401360009
2021-11-13,Indiana Pacers,Philadelphia 76ers,118,113,401360010
2021-11-13,Orlando Magic,Washington Wizards,92,104,401360011
2021-11-13,New Orleans Pelicans,Memphis Grizzlies,112,101,401360012
2021-11-13,Toronto Raptors,Detroit Pistons,121,127,401360013
2021-11-13,Cleveland Cavaliers,Boston Celtics,91,89,401360014
2021-11-13,LA Clippers,Minnesota Timberwolves,129,102,401360015
2021-11-14,Los Angeles Lakers,San Antonio Spurs,114,106,401360016
2021-11-14,Atlanta Hawks,Milwaukee Bucks,120,100,401360017
2021-11-14,Charlotte Hornets,Golden State Warriors,106,102,401360018
2021-11-14,Houston Rockets,Phoenix Suns,89,115,401360019
2021-11-14,Oklahoma City Thunder,Brooklyn Nets,96,120,401360020
2021-11-14,Denver Nuggets,Portland Trail Blazers,124,95,401360021
2021-11-14,LA Clippers,Chicago Bulls,90,100,401360022
2021-11-15,Cleveland Cavaliers,Boston Celtics,92,98,401360023
2021-11-15,Detroit Pistons,Sacramento Kings,107,129,401360024
2021-11-15,Washington Wizards,New Orleans Pelicans,105,100,401360025
2021-11-15,Atlanta Hawks,Orlando Magic,129,111,401360026
2021-11-15,New York Knicks,Indiana Pacers,92,84,401360027
2021-11-15,Dallas Mavericks,Denver Nuggets,111,101,401360028
2021-11-15,Memphis Grizzlies,Houston Rockets,136,102,401360029
2021-11-15,Minnesota Timberwolves,Phoenix Suns,96,99,401360030
2021-11-15,Oklahoma City Thunder,Miami Heat,90,103,401360031
2021-11-15,Portland Trail Blazers,Toronto Raptors,118,113,401360032
2021-11-15,Los Angeles Lakers,Chicago Bulls,103,121,401360033
2021-11-16,Brooklyn Nets,Golden State Warriors,99,117,401360034
2021-11-16,Utah Jazz,Philadelphia 76ers,120,85,401360035
2021-11-16,LA Clippers,San Antonio Spurs,106,92,401360036
2021-11-17,Charlotte Hornets,Washington Wizards,97,87,401360037
2021-11-17,Detroit Pistons,Indiana Pacers,97,89,401360038
2021-11-17,Atlanta Hawks,Boston Celtics,110,99,401360039
2021-11-17,Brooklyn Nets,Cleveland Cavaliers,109,99,401360040
2021-11-17,Miami Heat,New Orleans Pelicans,113,98,401360041
2021-11-17,New York Knicks,Orlando Magic,98,104,401360042
2021-11-17,Milwaukee Bucks,Los Angeles Lakers,109,102,401360043
2021-11-17,Minnesota Timberwolves,Sacramento Kings,107,97,401360044
2021-11-17,Oklahoma City Thunder,Houston Rockets,101,89,401360045
2021-11-17,Phoenix Suns,Dallas Mavericks,105,98,401360046
2021-11-17,Portland Trail Blazers,Chicago Bulls,112,107,401360047
2021-11-18,Cleveland Cavaliers,Golden State Warriors,89,104,401360048
2021-11-18,Miami Heat,Washington Wizards,112,97,401360049
2021-11-18,Memphis Grizzlies,LA Clippers,120,108,401360050
2021-11-18,Minnesota Timberwolves,San Antonio Spurs,115,90,401360051
2021-11-18,Denver Nuggets,Philadelphia 76ers,89,103,401360052
2021-11-18,Utah Jazz,Toronto Raptors,119,103,401360053
2021-11-19,Charlotte Hornets,Indiana Pacers,121,118,401360054
2021-11-19,Detroit Pistons,Golden State Warriors,102,105,401360055
2021-11-19,Boston Celtics,Los Angeles Lakers,130,108,401360056
2021-11-19,Brooklyn Nets,Orlando Magic,115,113,401360057
2021-11-19,Milwaukee Bucks,Oklahoma City Thunder,96,89,401360058
2021-11-19,New Orleans Pelicans,LA Clippers,94,81,401360059
2021-11-19,Denver Nuggets,Chicago Bulls,108,114,401360060
2021-11-19,Phoenix Suns,Dallas Mavericks,112,104,401360061
2021-11-19,Sacramento Kings,Toronto Raptors,89,108,401360062
2021-11-20,New York Knicks,Houston Rockets,106,99,401360063
2021-11-20,Indiana Pacers,New Orleans Pelicans,111,94,401360064
2021-11-20,Washington Wizards,Miami Heat,103,100,401360065
2021-11-20,Atlanta Hawks,Charlotte Hornets,115,105,401360066
2021-11-20,Boston Celtics,Oklahoma City Thunder,111,105,401360067
2021-11-20,Milwaukee Bucks,Orlando Magic,117,108,401360068
2021-11-20,Minnesota Timberwolves,Memphis Grizzlies,138,95,401360069
2021-11-20,Portland Trail Blazers,Philadelphia 76ers,118,111,401360070
2021-11-20,Sacramento Kings,Utah Jazz,105,123,401360071
2021-11-21,LA Clippers,Dallas Mavericks,97,91,401360072
2021-11-21,Detroit Pistons,Los Angeles Lakers,116,121,401360073
2021-11-21,Chicago Bulls,New York Knicks,109,103,401360074
2021-11-21,Phoenix Suns,Denver Nuggets,126,97,401360075
2021-11-21,Golden State Warriors,Toronto Raptors,119,104,401360076
2021-11-22,Cleveland Cavaliers,Brooklyn Nets,112,117,401360077
2021-11-22,Washington Wizards,Charlotte Hornets,103,109,401360078
2021-11-22,Atlanta Hawks,Oklahoma City Thunder,113,101,401360079
2021-11-22,Boston Celtics,Houston Rockets,108,90,401360080
2021-11-22,Chicago Bulls,Indiana Pacers,77,109,401360081
2021-11-22,Milwaukee Bucks,Orlando Magic,123,92,401360082
2021-11-22,New Orleans Pelicans,Minnesota Timberwolves,96,110,401360083
2021-11-22,San Antonio Spurs,Phoenix Suns,111,115,401360084
2021-11-22,Utah Jazz,Memphis Grizzlies,118,119,401360085
2021-11-22,Sacramento Kings,Philadelphia 76ers,94,102,401360086
2021-11-23,Detroit Pistons,Miami Heat,92,100,401360087
2021-11-23,New York Knicks,Los Angeles Lakers,106,100,401360088
2021-11-23,Portland Trail Blazers,Denver Nuggets,119,100,401360089
2021-11-23,LA Clippers,Dallas Mavericks,104,112,401360090
2021-11-24,Cleveland Cavaliers,Phoenix Suns,115,120,401360091
2021-11-24,Indiana Pacers,Los Angeles Lakers,116,124,401360092
2021-11-24,Orlando Magic,Charlotte Hornets,99,106,401360093
2021-11-24,Boston Celtics,Brooklyn Nets,104,123,401360094
2021-11-24,Houston Rockets,Chicago Bulls,118,113,401360095
2021-11-24,Memphis Grizzlies,Toronto Raptors,113,126,401360096
2021-11-24,Milwaukee Bucks,Detroit Pistons,114,93,401360097
2021-11-24,Minnesota Timberwolves,Miami Heat,113,101,401360098
2021-11-24,New Orleans Pelicans,Washington Wizards,127,102,401360099
2021-11-24,Oklahoma City Thunder,Utah Jazz,104,110,401360100
2021-11-24,San Antonio Spurs,Atlanta Hawks,106,124,401360101
2021-11-24,Golden State Warriors,Philadelphia 76ers,116,96,401360102
2021-11-24,Sacramento Kings,Portland Trail Blazers,125,121,401360103
2021-11-26,LA Clippers,Detroit Pistons,107,96,401360104
2021-11-26,Charlotte Hornets,Minnesota Timberwolves,133,115,401360105
2021-11-26,New York Knicks,Phoenix Suns,97,118,401360106
2021-11-26,Orlando Magic,Chicago Bulls,88,123,401360107
2021-11-26,Indiana Pacers,Toronto Raptors,114,97,401360108
2021-11-26,Memphis Grizzlies,Atlanta Hawks,100,132,401360109
2021-11-26,Oklahoma City Thunder,Washington Wizards,99,101,401360110
2021-11-26,San Antonio Spurs,Boston Celtics,96,88,401360111
2021-11-26,Denver Nuggets,Milwaukee Bucks,109,120,401360112
2021-11-26,Utah Jazz,New Orleans Pelicans,97,98,401360113
2021-11-26,Golden State Warriors,Portland Trail Blazers,118,103,401360114
2021-11-26,Los Angeles Lakers,Sacramento Kings,137,141,401360115
2021-11-27,Philadelphia 76ers,Minnesota Timberwolves,120,121,401360116
2021-11-27,Atlanta Hawks,New York Knicks,90,99,401360117
2021-11-27,Brooklyn Nets,Phoenix Suns,107,113,401360118
2021-11-27,Cleveland Cavaliers,Orlando Magic,105,92,401360119
2021-11-27,Chicago Bulls,Miami Heat,104,107,401360120
2021-11-27,Houston Rockets,Charlotte Hornets,146,143,401360121
2021-11-27,Dallas Mavericks,Washington Wizards,114,120,401360122
2021-11-27,Utah Jazz,New Orleans Pelicans,127,105,401360123
2021-11-28,LA Clippers,Golden State Warriors,90,105,401360124
2021-11-28,Indiana Pacers,Milwaukee Bucks,100,118,401360125
2021-11-28,Toronto Raptors,Boston Celtics,97,109,401360126
2021-11-28,Memphis Grizzlies,Sacramento Kings,128,101,401360127
2021-11-28,Los Angeles Lakers,Detroit Pistons,110,106,401360128
2021-11-29,Philadelphia 76ers,Orlando Magic,101,96,401360129
2021-11-29,Miami Heat,Denver Nuggets,111,120,401360130
2021-11-29,Chicago Bulls,Charlotte Hornets,133,119,401360131
2021-11-29,Houston Rockets,Oklahoma City Thunder,102,89,401360132
2021-11-29,Minnesota Timberwolves,Indiana Pacers,100,98,401360133
2021-11-29,Dallas Mavericks,Cleveland Cavaliers,96,114,401360134
2021-11-29,San Antonio Spurs,Washington Wizards,116,99,401360135
2021-11-29,Utah Jazz,Portland Trail Blazers,129,107,401360136
2021-11-29,LA Clippers,New Orleans Pelicans,104,123,401360137
2021-11-30,Brooklyn Nets,New York Knicks,112,110,401360138
2021-11-30,Toronto Raptors,Memphis Grizzlies,91,98,401360139
2021-11-30,Phoenix Suns,Golden State Warriors,104,96,401360140
2021-11-30,Portland Trail Blazers,Detroit Pistons,110,92,401360141
2021-11-30,Sacramento Kings,Los Angeles Lakers,92,117,401360142
2021-12-01,Indiana Pacers,Atlanta Hawks,111,114,401360143
2021-12-01,Orlando Magic,Denver Nuggets,108,103,401360144
2021-12-01,Washington Wizards,Minnesota Timberwolves,115,107,401360145
2021-12-01,Boston Celtics,Philadelphia 76ers,88,87,401360146
2021-12-01,Miami Heat,Cleveland Cavaliers,85,111,401360147
2021-12-01,Milwaukee Bucks,Charlotte Hornets,127,125,401360148
2021-12-01,New Orleans Pelicans,Dallas Mavericks,107,139,401360149
2021-12-01,Oklahoma City Thunder,Houston Rockets,110,114,401360150
2021-12-01,LA Clippers,Sacramento Kings,115,124,401360151
2021-12-02,New York Knicks,Chicago Bulls,115,119,401360152
2021-12-02,Toronto Raptors,Milwaukee Bucks,97,93,401360153
2021-12-02,Memphis Grizzlies,Oklahoma City Thunder,152,79,401360154
2021-12-02,Phoenix Suns,Detroit Pistons,114,103,401360155
2021-12-02,Portland Trail Blazers,San Antonio Spurs,83,114,401360156
2021-12-03,Indiana Pacers,Miami Heat,104,113,401360157
2021-12-03,Washington Wizards,Cleveland Cavaliers,101,116,401360158
2021-12-03,Atlanta Hawks,Philadelphia 76ers,96,98,401360159
2021-12-03,Brooklyn Nets,Minnesota Timberwolves,110,105,401360160
2021-12-03,Houston Rockets,Orlando Magic,118,116,401360161
2021-12-03,Dallas Mavericks,New Orleans Pelicans,91,107,401360162
2021-12-03,Utah Jazz,Boston Celtics,137,130,401360163
2021-12-03,Golden State Warriors,Phoenix Suns,118,96,401360164
2021-12-03,Los Angeles Lakers,LA Clippers,115,119,401360165
2021-12-04,New York Knicks,Denver Nuggets,99,113,401360166
2021-12-04,Brooklyn Nets,Chicago Bulls,107,111,401360167
2021-12-04,Milwaukee Bucks,Miami Heat,124,102,401360168
2021-12-04,Dallas Mavericks,Memphis Grizzlies,90,97,401360169
2021-12-04,Golden State Warriors,San Antonio Spurs,107,112,401360170
2021-12-04,Portland Trail Blazers,Boston Celtics,117,145,401360171
2021-12-04,Sacramento Kings,LA Clippers,104,99,401360172
2021-12-05,Cleveland Cavaliers,Utah Jazz,108,109,401360173
2021-12-05,Atlanta Hawks,Charlotte Hornets,127,130,401360174
2021-12-05,Toronto Raptors,Washington Wizards,102,90,401360175
2021-12-05,Houston Rockets,New Orleans Pelicans,118,108,401360176
2021-12-06,Charlotte Hornets,Philadelphia 76ers,124,127,401360177
2021-12-06,Detroit Pistons,Oklahoma City Thunder,103,114,401360178
2021-12-06,Indiana Pacers,Washington Wizards,116,110,401360179
2021-12-06,Miami Heat,Memphis Grizzlies,90,105,401360180
2021-12-06,Chicago Bulls,Denver Nuggets,109,97,401360181
2021-12-06,Milwaukee Bucks,Cleveland Cavaliers,112,104,401360182
2021-12-06,Minnesota Timberwolves,Atlanta Hawks,110,121,401360183
2021-12-06,Phoenix Suns,San Antonio Spurs,108,104,401360184
2021-12-06,Golden State Warriors,Orlando Magic,126,95,401360185
2021-12-06,Portland Trail Blazers,LA Clippers,90,102,401360186
2021-12-07,Dallas Mavericks,Brooklyn Nets,99,102,401360187
2021-12-07,San Antonio Spurs,New York Knicks,109,121,401360188
2021-12-07,Los Angeles Lakers,Boston Celtics,117,102,401360189
2021-12-08,Charlotte Hornets,Philadelphia 76ers,106,110,401360190
2021-12-08,Cleveland Cavaliers,Chicago Bulls,115,92,401360191
2021-12-08,Detroit Pistons,Washington Wizards,116,119,401360192
2021-12-08,Indiana Pacers,New York Knicks,122,102,401360193
2021-12-08,Miami Heat,Milwaukee Bucks,113,104,401360194
2021-12-08,Toronto Raptors,Oklahoma City Thunder,109,110,401360195
2021-12-08,Houston Rockets,Brooklyn Nets,114,104,401360196
2021-12-08,Memphis Grizzlies,Dallas Mavericks,96,104,401360197
2021-12-08,Minnesota Timberwolves,Utah Jazz,104,136,401360198
2021-12-08,New Orleans Pelicans,Denver Nuggets,114,120,401360199
2021-12-08,Golden State Warriors,Portland Trail Blazers,104,94,401360200
2021-12-08,Sacramento Kings,Orlando Magic,142,130,401360201
2021-12-08,LA Clippers,Boston Celtics,114,111,401360202
2021-12-09,Philadelphia 76ers,Utah Jazz,96,118,401360203
2021-12-09,Memphis Grizzlies,Los Angeles Lakers,108,95,401360204
2021-12-09,San Antonio Spurs,Denver Nuggets,123,111,401360205
2021-12-10,Charlotte Hornets,Sacramento Kings,124,123,401360206
2021-12-10,Indiana Pacers,Dallas Mavericks,106,93,401360207
2021-12-10,Atlanta Hawks,Brooklyn Nets,105,113,401360208
2021-12-10,Toronto Raptors,New York Knicks,90,87,401360209
2021-12-10,Houston Rockets,Milwaukee Bucks,114,123,401360210
2021-12-10,Minnesota Timberwolves,Cleveland Cavaliers,106,123,401360211
2021-12-10,New Orleans Pelicans,Detroit Pistons,109,93,401360212
2021-12-10,Oklahoma City Thunder,Los Angeles Lakers,95,116,401360213
2021-12-10,Phoenix Suns,Boston Celtics,111,90,401360214
2021-12-11,LA Clippers,Orlando Magic,106,104,401360215
2021-12-11,Washington Wizards,Utah Jazz,98,123,401360216
2021-12-11,Cleveland Cavaliers,Sacramento Kings,117,103,401360217
2021-12-11,Miami Heat,Chicago Bulls,118,92,401360218
2021-12-11,Memphis Grizzlies,Houston Rockets,113,106,401360219
2021-12-11,Philadelphia 76ers,Golden State Warriors,102,93,401360220
2021-12-11,San Antonio Spurs,Denver Nuggets,112,127,401360221
2021-12-12,New York Knicks,Milwaukee Bucks,97,112,401360222
2021-12-12,Detroit Pistons,Brooklyn Nets,104,116,401360223
2021-12-12,Oklahoma City Thunder,Dallas Mavericks,84,103,401360224
2021-12-12,San Antonio Spurs,New Orleans Pelicans,112,97,401360225
2021-12-12,Portland Trail Blazers,Minnesota Timberwolves,111,116,401360226
2021-12-12,Los Angeles Lakers,Orlando Magic,106,94,401360227
2021-12-13,Cleveland Cavaliers,Miami Heat,105,94,401360228
2021-12-13,Indiana Pacers,Golden State Warriors,100,102,401360229
2021-12-13,Toronto Raptors,Sacramento Kings,124,101,401360230
2021-12-13,Atlanta Hawks,Houston Rockets,126,132,401360231
2021-12-13,Boston Celtics,Milwaukee Bucks,117,103,401360232
2021-12-13,Memphis Grizzlies,Philadelphia 76ers,126,91,401360233
2021-12-13,Dallas Mavericks,Charlotte Hornets,120,96,401360234
2021-12-13,Denver Nuggets,Washington Wizards,113,107,401360235
2021-12-13,LA Clippers,Phoenix Suns,111,95,401360236
2021-12-14,Brooklyn Nets,Toronto Raptors,131,129,401360237
2021-12-14,New York Knicks,Golden State Warriors,96,105,401360238
2021-12-14,Portland Trail Blazers,Phoenix Suns,107,111,401360240
2021-12-15,Cleveland Cavaliers,Houston Rockets,124,89,401360241
2021-12-15,Orlando Magic,Atlanta Hawks,99,111,401360242
2021-12-15,Philadelphia 76ers,Miami Heat,96,101,401360243
2021-12-15,Dallas Mavericks,Los Angeles Lakers,104,107,401360244
2021-12-15,Milwaukee Bucks,Indiana Pacers,114,99,401360245
2021-12-15,Oklahoma City Thunder,New Orleans Pelicans,110,113,401360246
2021-12-15,San Antonio Spurs,Charlotte Hornets,115,131,401360247
2021-12-15,Denver Nuggets,Minnesota Timberwolves,107,124,401360248
2021-12-15,Utah Jazz,LA Clippers,124,103,401360249
2021-12-15,Portland Trail Blazers,Memphis Grizzlies,103,113,401360250
2021-12-15,Sacramento Kings,Washington Wizards,119,105,401360251
2021-12-16,Indiana Pacers,Detroit Pistons,122,113,401360252
2021-12-16,Brooklyn Nets,Philadelphia 76ers,114,105,401360253
2021-12-16,Houston Rockets,New York Knicks,103,116,401360255
2021-12-16,Phoenix Suns,Washington Wizards,118,98,401360256
2021-12-17,Orlando Magic,Miami Heat,105,115,401360257
2021-12-17,Atlanta Hawks,Denver Nuggets,115,133,401360258
2021-12-17,Boston Celtics,Golden State Warriors,107,111,401360259
2021-12-17,Minnesota Timberwolves,Los Angeles Lakers,110,92,401360260
2021-12-17,Utah Jazz,San Antonio Spurs,126,128,401360261
2021-12-17,New Orleans Pelicans,Milwaukee Bucks,116,112,401360262
2021-12-17,Portland Trail Blazers,Charlotte Hornets,125,116,401360263
2021-12-17,Sacramento Kings,Memphis Grizzlies,105,124,401360264
2021-12-18,Detroit Pistons,Houston Rockets,107,116,401360265
2021-12-18,Brooklyn Nets,Orlando Magic,93,100,401360266
2021-12-18,Toronto Raptors,Golden State Warriors,119,100,401360267
2021-12-18,Oklahoma City Thunder,LA Clippers,104,103,401360268
2021-12-18,Boston Celtics,New York Knicks,114,107,401360269
2021-12-18,Milwaukee Bucks,Cleveland Cavaliers,90,119,401360270
2021-12-18,Utah Jazz,Washington Wizards,103,109,401360271
2021-12-19,Chicago Bulls,Los Angeles Lakers,115,110,401360272
2021-12-19,Detroit Pistons,Miami Heat,100,90,401360273
2021-12-19,Memphis Grizzlies,Portland Trail Blazers,100,105,401360274
2021-12-19,Sacramento Kings,San Antonio Spurs,121,114,401360275
2021-12-19,Minnesota Timberwolves,Dallas Mavericks,111,105,401360279
2021-12-19,Phoenix Suns,Charlotte Hornets,137,106,401360280
2021-12-20,Boston Celtics,Philadelphia 76ers,103,108,401360281
2021-12-20,Chicago Bulls,Houston Rockets,133,118,401360283
2021-12-20,Memphis Grizzlies,Oklahoma City Thunder,99,102,401360284
2021-12-20,Utah Jazz,Charlotte Hornets,112,102,401360285
2021-12-20,Golden State Warriors,Sacramento Kings,113,98,401360286
2021-12-20,LA Clippers,San Antonio Spurs,92,116,401360287
2021-12-21,Miami Heat,Indiana Pacers,125,96,401360289
2021-12-21,New York Knicks,Detroit Pistons,105,91,401360290
2021-12-21,New Orleans Pelicans,Portland Trail Blazers,111,97,401360291
2021-12-21,Dallas Mavericks,Minnesota Timberwolves,114,102,401360292
2021-12-21,Los Angeles Lakers,Phoenix Suns,90,108,401360293
2021-12-22,Atlanta Hawks,Orlando Magic,98,104,401360294
2021-12-22,Boston Celtics,Cleveland Cavaliers,111,101,401360295
2021-12-22,Milwaukee Bucks,Houston Rockets,126,106,401360297
2021-12-22,Oklahoma City Thunder,Denver Nuggets,108,94,401360298
2021-12-22,Sacramento Kings,LA Clippers,89,105,401360299
2021-12-23,Indiana Pacers,Houston Rockets,118,106,401360300
2021-12-23,Orlando Magic,New Orleans Pelicans,104,110,401360301
2021-12-23,Philadelphia 76ers,Atlanta Hawks,96,98,401360302
2021-12-23,Miami Heat,Detroit Pistons,115,112,401360303
2021-12-23,New York Knicks,Washington Wizards,117,124,401360304
2021-12-23,Dallas Mavericks,Milwaukee Bucks,95,102,401360305
2021-12-23,Denver Nuggets,Charlotte Hornets,107,115,401360306
2021-12-23,Phoenix Suns,Oklahoma City Thunder,113,101,401360307
2021-12-23,Utah Jazz,Minnesota Timberwolves,128,116,401360308
2021-12-23,Golden State Warriors,Memphis Grizzlies,113,104,401360309
2021-12-23,Los Angeles Lakers,San Antonio Spurs,110,138,401360311
2021-12-25,New York Knicks,Atlanta Hawks,101,87,401358781
2021-12-25,Milwaukee Bucks,Boston Celtics,117,113,401358782
2021-12-25,Phoenix Suns,Golden State Warriors,107,116,401358783
2021-12-25,Los Angeles Lakers,Brooklyn Nets,115,122,401358784
2021-12-25,Utah Jazz,Dallas Mavericks,120,116,401358785
2021-12-26,Miami Heat,Orlando Magic,93,83,401360312
2021-12-26,Cleveland Cavaliers,Toronto Raptors,144,99,401360313
2021-12-26,Washington Wizards,Philadelphia 76ers,96,117,401360314
2021-12-26,Sacramento Kings,Memphis Grizzlies,102,127,401360315
2021-12-26,Oklahoma City Thunder,New Orleans Pelicans,117,112,401360316
2021-12-26,San Antonio Spurs,Detroit Pistons,144,109,401360317
2021-12-26,Chicago Bulls,Indiana Pacers,113,105,401360318
2021-12-26,LA Clippers,Denver Nuggets,100,103,401360319
2021-12-27,Charlotte Hornets,Houston Rockets,123,99,401360320
2021-12-27,Atlanta Hawks,Chicago Bulls,118,130,401360321
2021-12-27,Minnesota Timberwolves,Boston Celtics,108,103,401360322
2021-12-27,San Antonio Spurs,Utah Jazz,104,110,401360323
2021-12-27,Phoenix Suns,Memphis Grizzlies,113,114,401360324
2021-12-27,Portland Trail Blazers,Dallas Mavericks,117,132,401360325
2021-12-27,LA Clippers,Brooklyn Nets,108,124,401360326
2021-12-28,Orlando Magic,Milwaukee Bucks,110,127,401360327
2021-12-28,Miami Heat,Washington Wizards,119,112,401360328
2021-12-28,Toronto Raptors,Philadelphia 76ers,109,114,401360329
2021-12-28,Houston Rockets,Los Angeles Lakers,123,132,401360330
2021-12-28,Minnesota Timberwolves,New York Knicks,88,96,401360331
2021-12-28,New Orleans Pelicans,Cleveland Cavaliers,108,104,401360332
2021-12-28,Golden State Warriors,Denver Nuggets,86,89,401360333
2021-12-28,Sacramento Kings,Oklahoma City Thunder,117,111,401360334
2021-12-29,Detroit Pistons,New York Knicks,85,94,401360335
2021-12-29,Indiana Pacers,Charlotte Hornets,108,116,401360336
2021-12-29,Boston Celtics,LA Clippers,82,91,401360337
2021-12-29,Chicago Bulls,Atlanta Hawks,131,117,401360338
2021-12-29,Memphis Grizzlies,Los Angeles Lakers,104,99,401360339
2021-12-29,Phoenix Suns,Oklahoma City Thunder,115,97,401360341
2021-12-29,Portland Trail Blazers,Utah Jazz,105,120,401360342
2021-12-29,Sacramento Kings,Dallas Mavericks,95,94,401360343
2021-12-30,Brooklyn Nets,Philadelphia 76ers,102,110,401360344
2021-12-30,Orlando Magic,Milwaukee Bucks,118,136,401360345
2021-12-30,Washington Wizards,Cleveland Cavaliers,110,93,401360346
2021-12-31,Boston Celtics,Phoenix Suns,123,108,401360348
2021-12-31,Indiana Pacers,Chicago Bulls,106,108,401360349
2021-12-31,Sacramento Kings,Dallas Mavericks,96,112,401360350
2021-12-31,Houston Rockets,Miami Heat,110,120,401360351
2021-12-31,Cleveland Cavaliers,Atlanta Hawks,118,121,401360352
2021-12-31,Toronto Raptors,LA Clippers,116,108,401360353
2021-12-31,Memphis Grizzlies,San Antonio Spurs,118,105,401360354
2021-12-31,Oklahoma City Thunder,New York Knicks,95,80,401360355
2021-12-31,Utah Jazz,Minnesota Timberwolves,120,108,401360356
2021-12-31,Los Angeles Lakers,Portland Trail Blazers,139,106,401360357
2022-01-01,Milwaukee Bucks,New Orleans Pelicans,136,113,401360358
2022-01-01,Detroit Pistons,San Antonio Spurs,117,116,401360359
2022-01-01,Washington Wizards,Chicago Bulls,119,120,401360360
2022-01-01,Brooklyn Nets,LA Clippers,116,120,401360361
2022-01-01,Houston Rockets,Denver Nuggets,111,124,401360362
2022-01-01,Utah Jazz,Golden State Warriors,116,123,401360363
2022-01-02,Toronto Raptors,New York Knicks,120,105,401360364
2022-01-02,Boston Celtics,Orlando Magic,116,111,401360365
2022-01-02,Cleveland Cavaliers,Indiana Pacers,108,104,401360366
2022-01-02,Sacramento Kings,Miami Heat,115,113,401360367
2022-01-02,Charlotte Hornets,Phoenix Suns,99,133,401360368
2022-01-02,Oklahoma City Thunder,Dallas Mavericks,86,95,401360369
2022-01-02,Los Angeles Lakers,Minnesota Timberwolves,108,103,401360370
2022-01-03,Philadelphia 76ers,Houston Rockets,133,113,401360371
2022-01-03,Washington Wizards,Charlotte Hornets,124,121,401360372
2022-01-03,Brooklyn Nets,Memphis Grizzlies,104,118,401360373
2022-01-03,Chicago Bulls,Orlando Magic,102,98,401360374
2022-01-03,Milwaukee Bucks,Detroit Pistons,106,115,401360375
2022-01-03,New Orleans Pelicans,Utah Jazz,104,115,401360376
2022-01-03,Dallas Mavericks,Denver Nuggets,103,89,401360377
2022-01-03,Golden State Warriors,Miami Heat,115,108,401360378
2022-01-03,Portland Trail Blazers,Atlanta Hawks,136,131,401360379
2022-01-03,LA Clippers,Minnesota Timberwolves,104,122,401360380
2022-01-04,Cleveland Cavaliers,Memphis Grizzlies,106,110,401360381
2022-01-04,Toronto Raptors,San Antonio Spurs,129,104,401360382
2022-01-04,New York Knicks,Indiana Pacers,104,94,401360383
2022-01-04,New Orleans Pelicans,Phoenix Suns,110,123,401360384
2022-01-04,Los Angeles Lakers,Sacramento Kings,122,114,401360385
2022-01-05,Charlotte Hornets,Detroit Pistons,140,111,401360386
2022-01-05,Orlando Magic,Philadelphia 76ers,106,116,401360387
2022-01-05,Washington Wizards,Houston Rockets,111,114,401360388
2022-01-05,Boston Celtics,San Antonio Spurs,97,99,401360389
2022-01-05,Indiana Pacers,Brooklyn Nets,121,129,401360390
2022-01-05,Dallas Mavericks,Golden State Warriors,99,82,401360391
2022-01-05,Milwaukee Bucks,Toronto Raptors,111,117,401360392
2022-01-05,Minnesota Timberwolves,Oklahoma City Thunder,98,90,401360393
2022-01-05,Denver Nuggets,Utah Jazz,109,115,401360394
2022-01-05,Portland Trail Blazers,Miami Heat,109,115,401360395
2022-01-05,Sacramento Kings,Atlanta Hawks,102,108,401360396
2022-01-06,New York Knicks,Boston Celtics,108,105,401360397
2022-01-06,Memphis Grizzlies,Detroit Pistons,118,88,401360398
2022-01-06,New Orleans Pelicans,Golden State Warriors,101,96,401360399
2022-01-06,Phoenix Suns,LA Clippers,106,89,401360400
2022-01-07,Philadelphia 76ers,San Antonio Spurs,119,100,401360401
2022-01-07,Brooklyn Nets,Milwaukee Bucks,109,121,401360402
2022-01-07,Toronto Raptors,Utah Jazz,122,108,401360403
2022-01-07,Chicago Bulls,Washington Wizards,130,122,401360404
2022-01-07,Houston Rockets,Dallas Mavericks,106,130,401360405
2022-01-07,Oklahoma City Thunder,Minnesota Timberwolves,105,135,401360406
2022-01-07,Denver Nuggets,Sacramento Kings,121,111,401360407
2022-01-07,Los Angeles Lakers,Atlanta Hawks,134,118,401360408
2022-01-07,Portland Trail Blazers,Cleveland Cavaliers,101,114,401360409
2022-01-08,LA Clippers,Memphis Grizzlies,108,123,401360410
2022-01-08,Charlotte Hornets,Milwaukee Bucks,114,106,401360411
2022-01-08,Detroit Pistons,Orlando Magic,97,92,401360412
2022-01-08,Indiana Pacers,Utah Jazz,125,113,401360413
2022-01-08,Boston Celtics,New York Knicks,99,75,401360414
2022-01-08,Phoenix Suns,Miami Heat,100,123,401360415
2022-01-09,LA Clippers,Atlanta Hawks,106,93,401360416
2022-01-09,Orlando Magic,Washington Wizards,100,102,401360417
2022-01-09,Toronto Raptors,New Orleans Pelicans,105,101,401360418
2022-01-09,Houston Rockets,Minnesota Timberwolves,123,141,401360419
2022-01-09,Oklahoma City Thunder,Denver Nuggets,95,99,401360420
2022-01-09,Brooklyn Nets,San Antonio Spurs,121,119,401360421
2022-01-09,Dallas Mavericks,Chicago Bulls,113,99,401360422
2022-01-09,Golden State Warriors,Cleveland Cavaliers,96,82,401360423
2022-01-09,Portland Trail Blazers,Sacramento Kings,103,88,401360424
2022-01-09,Los Angeles Lakers,Memphis Grizzlies,119,127,401360425
2022-01-10,Charlotte Hornets,Milwaukee Bucks,103,99,401360426
2022-01-10,Detroit Pistons,Utah Jazz,126,116,401360427
2022-01-10,Boston Celtics,Indiana Pacers,101,98,401360428
2022-01-10,New York Knicks,San Antonio Spurs,111,96,401360429
2022-01-10,Sacramento Kings,Cleveland Cavaliers,108,109,401360430
2022-01-10,Houston Rockets,Philadelphia 76ers,91,111,401360530
2022-01-10,Portland Trail Blazers,Brooklyn Nets,114,108,401401133
2022-01-11,Washington Wizards,Oklahoma City Thunder,122,118,401360431
2022-01-11,Toronto Raptors,Phoenix Suns,95,99,401360432
2022-01-11,Memphis Grizzlies,Golden State Warriors,116,108,401360433
2022-01-11,New Orleans Pelicans,Minnesota Timberwolves,128,125,401360434
2022-01-11,LA Clippers,Denver Nuggets,87,85,401360435
2022-01-11,Chicago Bulls,Detroit Pistons,133,87,401401138
2022-01-12,Indiana Pacers,Boston Celtics,100,119,401360437
2022-01-12,Philadelphia 76ers,Charlotte Hornets,98,109,401360438
2022-01-12,Washington Wizards,Orlando Magic,112,106,401360439
2022-01-12,Atlanta Hawks,Miami Heat,91,115,401360440
2022-01-12,New York Knicks,Dallas Mavericks,108,85,401360441
2022-01-12,San Antonio Spurs,Houston Rockets,124,128,401360442
2022-01-12,Utah Jazz,Cleveland Cavaliers,91,111,401360443
2022-01-12,Chicago Bulls,Brooklyn Nets,112,138,401360444
2022-01-12,Sacramento Kings,Los Angeles Lakers,125,116,401360445
2022-01-13,Milwaukee Bucks,Golden State Warriors,118,99,401360446
2022-01-13,Memphis Grizzlies,Minnesota Timberwolves,116,108,401360447
2022-01-13,New Orleans Pelicans,LA Clippers,113,89,401360448
2022-01-13,Brooklyn Nets,Oklahoma City Thunder,109,130,401360449
2022-01-13,Denver Nuggets,Portland Trail Blazers,140,108,401360450
2022-01-14,Charlotte Hornets,Orlando Magic,109,116,401360451
2022-01-14,Detroit Pistons,Toronto Raptors,103,87,401360452
2022-01-14,Indiana Pacers,Phoenix Suns,94,112,401360453
2022-01-14,Philadelphia 76ers,Boston Celtics,111,99,401360454
2022-01-14,Miami Heat,Atlanta Hawks,124,118,401360455
2022-01-14,Chicago Bulls,Golden State Warriors,96,138,401360456
2022-01-14,San Antonio Spurs,Cleveland Cavaliers,109,114,401360457
2022-01-14,Memphis Grizzlies,Dallas Mavericks,85,112,401360458
2022-01-14,Sacramento Kings,Houston Rockets,126,114,401360459
2022-01-15,Milwaukee Bucks,Toronto Raptors,96,103,401360460
2022-01-15,Washington Wizards,Portland Trail Blazers,110,115,401360461
2022-01-15,Atlanta Hawks,New York Knicks,108,117,401360462
2022-01-15,Brooklyn Nets,New Orleans Pelicans,120,105,401360463
2022-01-15,Miami Heat,Philadelphia 76ers,98,109,401360464
2022-01-15,Oklahoma City Thunder,Cleveland Cavaliers,102,107,401360465
2022-01-15,Boston Celtics,Chicago Bulls,114,112,401360466
2022-01-15,San Antonio Spurs,LA Clippers,101,94,401360467
2022-01-15,Denver Nuggets,Los Angeles Lakers,133,96,401360468
2022-01-15,Dallas Mavericks,Orlando Magic,108,92,401360469
2022-01-16,Detroit Pistons,Phoenix Suns,108,135,401360436
2022-01-16,Sacramento Kings,Houston Rockets,112,118,401360470
2022-01-16,Minnesota Timberwolves,Golden State Warriors,119,99,401360471
2022-01-16,Denver Nuggets,Utah Jazz,102,125,401360472
2022-01-17,Boston Celtics,New Orleans Pelicans,104,92,401360473
2022-01-17,New York Knicks,Charlotte Hornets,87,97,401360474
2022-01-17,Washington Wizards,Philadelphia 76ers,117,98,401360475
2022-01-17,Cleveland Cavaliers,Brooklyn Nets,114,107,401360476
2022-01-17,Memphis Grizzlies,Chicago Bulls,119,106,401360477
2022-01-17,LA Clippers,Indiana Pacers,139,133,401360478
2022-01-17,Atlanta Hawks,Milwaukee Bucks,121,114,401360479
2022-01-17,Orlando Magic,Portland Trail Blazers,88,98,401360480
2022-01-17,Miami Heat,Toronto Raptors,104,99,401360481
2022-01-17,Dallas Mavericks,Oklahoma City Thunder,104,102,401360482
2022-01-17,San Antonio Spurs,Phoenix Suns,107,121,401360483
2022-01-17,Los Angeles Lakers,Utah Jazz,101,95,401360484
2022-01-18,New York Knicks,Minnesota Timberwolves,110,112,401360485
2022-01-18,Golden State Warriors,Detroit Pistons,102,86,401360486
2022-01-19,Philadelphia 76ers,Orlando Magic,123,110,401360487
2022-01-19,Washington Wizards,Brooklyn Nets,118,119,401360488
2022-01-19,Atlanta Hawks,Minnesota Timberwolves,134,122,401360489
2022-01-19,Boston Celtics,Charlotte Hornets,102,111,401360490
2022-01-19,Miami Heat,Portland Trail Blazers,104,92,401360491
2022-01-19,Chicago Bulls,Cleveland Cavaliers,117,104,401360492
2022-01-19,Milwaukee Bucks,Memphis Grizzlies,126,114,401360493
2022-01-19,Dallas Mavericks,Toronto Raptors,102,98,401360494
2022-01-19,San Antonio Spurs,Oklahoma City Thunder,118,96,401360495
2022-01-19,Utah Jazz,Houston Rockets,111,116,401360496
2022-01-19,Denver Nuggets,LA Clippers,130,128,401360497
2022-01-19,Sacramento Kings,Detroit Pistons,131,133,401360498
2022-01-19,Los Angeles Lakers,Indiana Pacers,104,111,401360499
2022-01-20,New York Knicks,New Orleans Pelicans,91,102,401360500
2022-01-20,Dallas Mavericks,Phoenix Suns,101,109,401360501
2022-01-20,Golden State Warriors,Indiana Pacers,117,121,401360502
2022-01-21,Charlotte Hornets,Oklahoma City Thunder,121,98,401360503
2022-01-21,Orlando Magic,Los Angeles Lakers,105,116,401360504
2022-01-21,Philadelphia 76ers,LA Clippers,101,102,401360505
2022-01-21,Atlanta Hawks,Miami Heat,110,108,401360506
2022-01-21,Boston Celtics,Portland Trail Blazers,105,109,401360507
2022-01-21,Washington Wizards,Toronto Raptors,105,109,401360508
2022-01-21,Milwaukee Bucks,Chicago Bulls,94,90,401360509
2022-01-21,San Antonio Spurs,Brooklyn Nets,102,117,401360510
2022-01-21,Denver Nuggets,Memphis Grizzlies,118,122,401360511
2022-01-21,Utah Jazz,Detroit Pistons,111,101,401360512
2022-01-21,Golden State Warriors,Houston Rockets,105,103,401360513
2022-01-22,Cleveland Cavaliers,Oklahoma City Thunder,94,87,401360514
2022-01-22,Milwaukee Bucks,Sacramento Kings,133,127,401360515
2022-01-22,Phoenix Suns,Indiana Pacers,113,103,401360516
2022-01-23,New York Knicks,LA Clippers,110,102,401360517
2022-01-23,Washington Wizards,Boston Celtics,87,116,401360518
2022-01-23,Miami Heat,Los Angeles Lakers,113,107,401360519
2022-01-23,Orlando Magic,Chicago Bulls,114,95,401360520
2022-01-23,Toronto Raptors,Portland Trail Blazers,105,114,401360521
2022-01-23,Charlotte Hornets,Atlanta Hawks,91,113,401360522
2022-01-23,San Antonio Spurs,Philadelphia 76ers,109,115,401360523
2022-01-23,Dallas Mavericks,Memphis Grizzlies,104,91,401360524
2022-01-23,Minnesota Timberwolves,Brooklyn Nets,136,125,401360525
2022-01-23,Denver Nuggets,Detroit Pistons,117,111,401360526
2022-01-23,Golden State Warriors,Utah Jazz,94,92,401360527
2022-01-24,Cleveland Cavaliers,New York Knicks,95,93,401360528
2022-01-24,New Orleans Pelicans,Indiana Pacers,117,113,401360531
2022-01-24,Phoenix Suns,Utah Jazz,115,109,401360532
2022-01-24,Oklahoma City Thunder,Chicago Bulls,110,111,401360549
2022-01-25,Detroit Pistons,Denver Nuggets,105,110,401360533
2022-01-25,Toronto Raptors,Charlotte Hornets,125,113,401360534
2022-01-25,Washington Wizards,LA Clippers,115,116,401360535
2022-01-25,Boston Celtics,Sacramento Kings,128,75,401360536
2022-01-25,Brooklyn Nets,Los Angeles Lakers,96,106,401360537
2022-01-25,Houston Rockets,San Antonio Spurs,104,134,401360538
2022-01-25,Golden State Warriors,Dallas Mavericks,130,92,401360539
2022-01-25,Portland Trail Blazers,Minnesota Timberwolves,107,109,401360540
2022-01-25,Philadelphia 76ers,New Orleans Pelicans,117,107,401401137
2022-01-26,Cleveland Cavaliers,Milwaukee Bucks,115,99,401360541
2022-01-26,Indiana Pacers,Charlotte Hornets,126,158,401360542
2022-01-26,Orlando Magic,LA Clippers,102,111,401360543
2022-01-26,Atlanta Hawks,Sacramento Kings,121,104,401360544
2022-01-26,Miami Heat,New York Knicks,110,96,401360546
2022-01-26,San Antonio Spurs,Memphis Grizzlies,110,118,401360547
2022-01-26,Utah Jazz,Phoenix Suns,97,105,401360550
2022-01-26,Portland Trail Blazers,Dallas Mavericks,112,132,401360551
2022-01-26,Brooklyn Nets,Denver Nuggets,118,124,401401134
2022-01-26,Chicago Bulls,Toronto Raptors,111,105,401401140
2022-01-27,Philadelphia 76ers,Los Angeles Lakers,105,87,401360552
2022-01-27,Golden State Warriors,Minnesota Timberwolves,124,115,401360553
2022-01-28,New Orleans Pelicans,Denver Nuggets,105,116,401360548
2022-01-28,Charlotte Hornets,Los Angeles Lakers,117,114,401360554
2022-01-28,Orlando Magic,Detroit Pistons,119,103,401360555
2022-01-28,Atlanta Hawks,Boston Celtics,108,92,401360556
2022-01-28,Miami Heat,LA Clippers,121,114,401360557
2022-01-28,Houston Rockets,Portland Trail Blazers,110,125,401360558
2022-01-28,Memphis Grizzlies,Utah Jazz,119,109,401360559
2022-01-28,Oklahoma City Thunder,Indiana Pacers,110,113,401360560
2022-01-28,San Antonio Spurs,Chicago Bulls,131,122,401360561
2022-01-28,Phoenix Suns,Minnesota Timberwolves,134,124,401360562
2022-01-28,Milwaukee Bucks,New York Knicks,123,108,401360563
2022-01-29,New Orleans Pelicans,Boston Celtics,97,107,401360564
2022-01-29,Dallas Mavericks,Indiana Pacers,132,105,401360565
2022-01-29,Philadelphia 76ers,Sacramento Kings,103,101,401360566
2022-01-29,Miami Heat,Toronto Raptors,120,124,401360567
2022-01-29,Memphis Grizzlies,Washington Wizards,115,95,401360568
2022-01-29,Golden State Warriors,Brooklyn Nets,110,106,401360569
2022-01-30,Atlanta Hawks,Los Angeles Lakers,129,121,401360570
2022-01-30,Charlotte Hornets,LA Clippers,90,115,401360571
2022-01-30,Chicago Bulls,Portland Trail Blazers,130,116,401360572
2022-01-30,Detroit Pistons,Cleveland Cavaliers,115,105,401360573
2022-01-30,Orlando Magic,Dallas Mavericks,110,108,401360574
2022-01-30,Milwaukee Bucks,Denver Nuggets,100,136,401360575
2022-01-30,Minnesota Timberwolves,Utah Jazz,126,106,401360576
2022-01-30,Phoenix Suns,San Antonio Spurs,115,110,401360577
2022-01-31,Cleveland Cavaliers,New Orleans Pelicans,93,90,401360578
2022-01-31,Indiana Pacers,LA Clippers,122,116,401360579
2022-01-31,Philadelphia 76ers,Memphis Grizzlies,122,119,401360580
2022-01-31,Boston Celtics,Miami Heat,122,92,401360581
2022-01-31,New York Knicks,Sacramento Kings,116,96,401360582
2022-01-31,Houston Rockets,Golden State Warriors,108,122,401360583
2022-01-31,Oklahoma City Thunder,Portland Trail Blazers,98,81,401360584
2022-01-31,Atlanta Hawks,Toronto Raptors,100,106,401360586
2022-02-01,Detroit Pistons,New Orleans Pelicans,101,111,401360585
2022-02-01,Milwaukee Bucks,Washington Wizards,112,98,401360587
2022-02-01,Chicago Bulls,Orlando Magic,126,115,401360588
2022-02-01,Minnesota Timberwolves,Denver Nuggets,130,115,401360589
2022-02-01,San Antonio Spurs,Golden State Warriors,120,124,401360590
2022-02-01,Phoenix Suns,Brooklyn Nets,121,111,401360591
2022-02-01,Toronto Raptors,Miami Heat,110,106,401360603
2022-02-02,Indiana Pacers,Orlando Magic,118,119,401360592
2022-02-02,Philadelphia 76ers,Washington Wizards,103,106,401360593
2022-02-02,Boston Celtics,Charlotte Hornets,113,107,401360594
2022-02-02,New York Knicks,Memphis Grizzlies,108,120,401360595
2022-02-02,Houston Rockets,Cleveland Cavaliers,115,104,401360596
2022-02-02,Dallas Mavericks,Oklahoma City Thunder,114,120,401360597
2022-02-02,Utah Jazz,Denver Nuggets,108,104,401360598
2022-02-02,Sacramento Kings,Brooklyn Nets,112,101,401360599
2022-02-02,Los Angeles Lakers,Portland Trail Blazers,99,94,401360600
2022-02-03,Detroit Pistons,Minnesota Timberwolves,117,128,401360601
2022-02-03,Atlanta Hawks,Phoenix Suns,124,115,401360602
2022-02-03,Golden State Warriors,Sacramento Kings,126,114,401360604
2022-02-03,LA Clippers,Los Angeles Lakers,111,110,401360605
2022-02-03,Toronto Raptors,Chicago Bulls,127,120,401401141
2022-02-03,San Antonio Spurs,Miami Heat,95,112,401401143
2022-02-04,Charlotte Hornets,Cleveland Cavaliers,101,102,401360606
2022-02-04,Detroit Pistons,Boston Celtics,93,102,401360607
2022-02-04,Indiana Pacers,Chicago Bulls,115,122,401360608
2022-02-04,Toronto Raptors,Atlanta Hawks,125,114,401360609
2022-02-04,Dallas Mavericks,Philadelphia 76ers,107,98,401360610
2022-02-04,San Antonio Spurs,Houston Rockets,131,106,401360611
2022-02-04,Utah Jazz,Brooklyn Nets,125,102,401360612
2022-02-04,Denver Nuggets,New Orleans Pelicans,105,113,401360613
2022-02-04,Portland Trail Blazers,Oklahoma City Thunder,93,96,401360614
2022-02-05,Orlando Magic,Memphis Grizzlies,115,135,401360615
2022-02-05,Charlotte Hornets,Miami Heat,86,104,401360616
2022-02-05,Washington Wizards,Phoenix Suns,80,95,401360617
2022-02-05,Los Angeles Lakers,New York Knicks,122,115,401360618
2022-02-05,Portland Trail Blazers,Milwaukee Bucks,108,137,401360619
2022-02-05,Sacramento Kings,Oklahoma City Thunder,113,103,401360620
2022-02-06,Chicago Bulls,Philadelphia 76ers,108,119,401360621
2022-02-06,Minnesota Timberwolves,Detroit Pistons,118,105,401360622
2022-02-06,Denver Nuggets,Brooklyn Nets,124,104,401360623
2022-02-06,Cleveland Cavaliers,Indiana Pacers,98,85,401360624
2022-02-06,Orlando Magic,Boston Celtics,83,116,401360625
2022-02-06,Dallas Mavericks,Atlanta Hawks,103,94,401360626
2022-02-06,Houston Rockets,New Orleans Pelicans,107,120,401360627
2022-02-06,LA Clippers,Milwaukee Bucks,113,137,401360628
2022-02-07,Charlotte Hornets,Toronto Raptors,101,116,401360629
2022-02-07,Washington Wizards,Miami Heat,100,121,401360630
2022-02-07,Chicago Bulls,Phoenix Suns,124,127,401360631
2022-02-07,Oklahoma City Thunder,Golden State Warriors,98,110,401360632
2022-02-07,Utah Jazz,New York Knicks,113,104,401360633
2022-02-08,Philadelphia 76ers,Phoenix Suns,109,114,401360634
2022-02-08,Atlanta Hawks,Indiana Pacers,133,112,401360635
2022-02-08,Brooklyn Nets,Boston Celtics,91,126,401360636
2022-02-08,Memphis Grizzlies,LA Clippers,135,109,401360637
2022-02-08,New Orleans Pelicans,Houston Rockets,110,97,401360638
2022-02-08,Dallas Mavericks,Detroit Pistons,116,86,401360639
2022-02-08,Denver Nuggets,New York Knicks,132,115,401360640
2022-02-08,Los Angeles Lakers,Milwaukee Bucks,116,131,401360641
2022-02-08,Portland Trail Blazers,Orlando Magic,95,113,401360642
2022-02-08,Sacramento Kings,Minnesota Timberwolves,114,134,401360643
2022-02-09,Cleveland Cavaliers,San Antonio Spurs,105,92,401360644
2022-02-09,Charlotte Hornets,Chicago Bulls,109,121,401360645
2022-02-09,Oklahoma City Thunder,Toronto Raptors,98,117,401360646
2022-02-09,Utah Jazz,Golden State Warriors,111,85,401360647
2022-02-09,Portland Trail Blazers,Los Angeles Lakers,107,105,401360648
2022-02-09,Sacramento Kings,Minnesota Timberwolves,132,119,401360649
2022-02-10,Detroit Pistons,Memphis Grizzlies,107,132,401360650
2022-02-10,Washington Wizards,Brooklyn Nets,113,112,401360651
2022-02-10,New Orleans Pelicans,Miami Heat,97,112,401360652
2022-02-10,Houston Rockets,Toronto Raptors,120,139,401360653
2022-02-10,Dallas Mavericks,LA Clippers,112,105,401360654
2022-02-10,Phoenix Suns,Milwaukee Bucks,131,107,401360655
2022-02-10,Golden State Warriors,New York Knicks,114,116,401360656
2022-02-11,Detroit Pistons,Charlotte Hornets,119,141,401360657
2022-02-11,Indiana Pacers,Cleveland Cavaliers,113,120,401360658
2022-02-11,Philadelphia 76ers,Oklahoma City Thunder,100,87,401360659
2022-02-11,Atlanta Hawks,San Antonio Spurs,121,136,401360660
2022-02-11,Boston Celtics,Denver Nuggets,108,102,401360661
2022-02-11,Chicago Bulls,Minnesota Timberwolves,134,122,401360662
2022-02-11,Utah Jazz,Orlando Magic,114,99,401360663
2022-02-12,Portland Trail Blazers,New York Knicks,112,103,401360664
2022-02-12,Charlotte Hornets,Memphis Grizzlies,118,125,401360665
2022-02-12,Washington Wizards,Sacramento Kings,110,123,401360666
2022-02-12,New Orleans Pelicans,San Antonio Spurs,114,124,401360667
2022-02-12,Philadelphia 76ers,Cleveland Cavaliers,103,93,401360668
2022-02-12,Toronto Raptors,Denver Nuggets,109,110,401360669
2022-02-12,Miami Heat,Brooklyn Nets,115,111,401360670
2022-02-12,Chicago Bulls,Oklahoma City Thunder,106,101,401360671
2022-02-12,Dallas Mavericks,LA Clippers,97,99,401360672
2022-02-12,Golden State Warriors,Los Angeles Lakers,117,115,401360673
2022-02-12,Phoenix Suns,Orlando Magic,132,105,401360674
2022-02-13,Boston Celtics,Atlanta Hawks,105,95,401360675
2022-02-13,Indiana Pacers,Minnesota Timberwolves,120,129,401360676
2022-02-14,Washington Wizards,Detroit Pistons,103,94,401360677
2022-02-14,Brooklyn Nets,Sacramento Kings,109,85,401360678
2022-02-14,New York Knicks,Oklahoma City Thunder,123,127,401360679
2022-02-14,Chicago Bulls,San Antonio Spurs,120,109,401360680
2022-02-14,Milwaukee Bucks,Portland Trail Blazers,107,122,401360681
2022-02-14,New Orleans Pelicans,Toronto Raptors,120,90,401360682
2022-02-14,Denver Nuggets,Orlando Magic,121,111,401360683
2022-02-14,Utah Jazz,Houston Rockets,135,101,401360684
2022-02-14,LA Clippers,Golden State Warriors,119,104,401360685
2022-02-15,Atlanta Hawks,Cleveland Cavaliers,124,116,401360686
2022-02-15,Miami Heat,Dallas Mavericks,99,107,401360687
2022-02-15,Philadelphia 76ers,Boston Celtics,87,135,401360688
2022-02-15,Milwaukee Bucks,Indiana Pacers,128,119,401360689
2022-02-15,Minnesota Timberwolves,Charlotte Hornets,126,120,401360690
2022-02-15,New Orleans Pelicans,Memphis Grizzlies,109,121,401360691
2022-02-15,Phoenix Suns,LA Clippers,103,96,401360692
2022-02-16,Orlando Magic,Atlanta Hawks,109,130,401360693
2022-02-16,Boston Celtics,Detroit Pistons,111,112,401360694
2022-02-16,Indiana Pacers,Washington Wizards,113,108,401360695
2022-02-16,New York Knicks,Brooklyn Nets,106,111,401360696
2022-02-16,Chicago Bulls,Sacramento Kings,125,118,401360697
2022-02-16,Memphis Grizzlies,Portland Trail Blazers,119,123,401360698
2022-02-16,Minnesota Timberwolves,Toronto Raptors,91,103,401360699
2022-02-16,Oklahoma City Thunder,San Antonio Spurs,106,114,401360700
2022-02-16,Phoenix Suns,Houston Rockets,124,121,401360701
2022-02-16,Golden State Warriors,Denver Nuggets,116,117,401360702
2022-02-16,Los Angeles Lakers,Utah Jazz,106,101,401360703
2022-02-17,Charlotte Hornets,Miami Heat,107,111,401360704
2022-02-17,New Orleans Pelicans,Dallas Mavericks,118,125,401360705
2022-02-17,Milwaukee Bucks,Philadelphia 76ers,120,123,401360706
2022-02-17,LA Clippers,Houston Rockets,142,111,401360707
2022-02-17,Brooklyn Nets,Washington Wizards,103,117,401401136
2022-02-20,Team LeBron,Team Durant,163,160,401410564
2022-02-24,Detroit Pistons,Cleveland Cavaliers,106,103,401360708
2022-02-24,Brooklyn Nets,Boston Celtics,106,129,401360709
2022-02-24,Chicago Bulls,Atlanta Hawks,112,108,401360710
2022-02-24,Minnesota Timberwolves,Memphis Grizzlies,119,114,401360711
2022-02-24,Oklahoma City Thunder,Phoenix Suns,104,124,401360712
2022-02-24,Portland Trail Blazers,Golden State Warriors,95,132,401360713
2022-02-24,Sacramento Kings,Denver Nuggets,110,128,401360714
2022-02-25,Charlotte Hornets,Toronto Raptors,125,93,401360715
2022-02-25,Indiana Pacers,Oklahoma City Thunder,125,129,401360716
2022-02-25,Orlando Magic,Houston Rockets,119,111,401360717
2022-02-25,Washington Wizards,San Antonio Spurs,153,157,401360718
2022-02-25,New York Knicks,Miami Heat,100,115,401360719
2022-02-25,Minnesota Timberwolves,Philadelphia 76ers,102,133,401360720
2022-02-25,Phoenix Suns,New Orleans Pelicans,102,117,401360721
2022-02-25,Utah Jazz,Dallas Mavericks,114,109,401360722
2022-02-25,Los Angeles Lakers,LA Clippers,102,105,401360723
2022-02-26,Detroit Pistons,Boston Celtics,104,113,401360724
2022-02-26,Atlanta Hawks,Toronto Raptors,127,100,401360725
2022-02-26,Cleveland Cavaliers,Washington Wizards,92,86,401360726
2022-02-26,Miami Heat,San Antonio Spurs,133,129,401360727
2022-02-26,Chicago Bulls,Memphis Grizzlies,110,116,401360728
2022-02-26,Milwaukee Bucks,Brooklyn Nets,123,126,401360729
2022-02-26,Denver Nuggets,Sacramento Kings,115,110,401360730
2022-02-27,New York Knicks,Philadelphia 76ers,109,125,401360731
2022-02-27,Phoenix Suns,Utah Jazz,114,118,401360732
2022-02-27,Indiana Pacers,Boston Celtics,128,107,401360733
2022-02-27,Charlotte Hornets,Detroit Pistons,126,127,401360734
2022-02-27,Houston Rockets,LA Clippers,98,99,401360735
2022-02-27,Golden State Warriors,Dallas Mavericks,101,107,401360736
2022-02-27,Portland Trail Blazers,Denver Nuggets,92,124,401360737
2022-02-27,Los Angeles Lakers,New Orleans Pelicans,95,123,401360738
2022-02-28,Brooklyn Nets,Toronto Raptors,97,133,401360545
2022-02-28,Cleveland Cavaliers,Minnesota Timberwolves,122,127,401360739
2022-02-28,Orlando Magic,Indiana Pacers,119,103,401360740
2022-02-28,Miami Heat,Chicago Bulls,112,99,401360741
2022-02-28,Memphis Grizzlies,San Antonio Spurs,118,105,401360742
2022-02-28,Milwaukee Bucks,Charlotte Hornets,130,106,401360743
2022-02-28,Oklahoma City Thunder,Sacramento Kings,110,131,401360744
2022-03-01,Washington Wizards,Detroit Pistons,116,113,401360745
2022-03-01,Boston Celtics,Atlanta Hawks,107,98,401360746
2022-03-01,Toronto Raptors,Brooklyn Nets,109,108,401360747
2022-03-01,Houston Rockets,LA Clippers,100,113,401360748
2022-03-01,Minnesota Timberwolves,Golden State Warriors,129,114,401360749
2022-03-01,Los Angeles Lakers,Dallas Mavericks,104,109,401360750
2022-03-02,Cleveland Cavaliers,Charlotte Hornets,98,119,401360751
2022-03-02,Orlando Magic,Indiana Pacers,114,122,401360752
2022-03-02,Philadelphia 76ers,New York Knicks,123,108,401360753
2022-03-02,Houston Rockets,Utah Jazz,127,132,401360754
2022-03-02,Milwaukee Bucks,Miami Heat,120,119,401360755
2022-03-02,New Orleans Pelicans,Sacramento Kings,125,95,401360756
2022-03-02,Denver Nuggets,Oklahoma City Thunder,107,119,401360757
2022-03-02,Phoenix Suns,Portland Trail Blazers,120,90,401360758
2022-03-03,Atlanta Hawks,Chicago Bulls,130,124,401360529
2022-03-03,Boston Celtics,Memphis Grizzlies,120,107,401360759
2022-03-03,Brooklyn Nets,Miami Heat,107,113,401360760
2022-03-03,Toronto Raptors,Detroit Pistons,106,108,401360761
2022-03-03,Dallas Mavericks,Golden State Warriors,122,113,401360762
2022-03-03,San Antonio Spurs,Sacramento Kings,112,115,401360763
2022-03-03,LA Clippers,Los Angeles Lakers,132,111,401360764
2022-03-04,Detroit Pistons,Indiana Pacers,111,106,401360765
2022-03-04,Philadelphia 76ers,Cleveland Cavaliers,125,119,401360766
2022-03-04,Washington Wizards,Atlanta Hawks,114,117,401360767
2022-03-04,Chicago Bulls,Milwaukee Bucks,112,118,401360768
2022-03-04,New Orleans Pelicans,Utah Jazz,124,90,401360769
2022-03-04,Oklahoma City Thunder,Minnesota Timberwolves,101,138,401360770
2022-03-04,Denver Nuggets,Houston Rockets,116,101,401360771
2022-03-04,Phoenix Suns,New York Knicks,115,114,401360772
2022-03-04,Toronto Raptors,Orlando Magic,97,103,401401142
2022-03-05,Dallas Mavericks,Sacramento Kings,114,113,401360773
2022-03-05,Charlotte Hornets,San Antonio Spurs,123,117,401360774
2022-03-05,Miami Heat,Philadelphia 76ers,99,82,401360775
2022-03-05,Memphis Grizzlies,Orlando Magic,124,96,401360776
2022-03-05,Minnesota Timberwolves,Portland Trail Blazers,135,121,401360777
2022-03-05,Los Angeles Lakers,Golden State Warriors,124,116,401360778
2022-03-06,Boston Celtics,Brooklyn Nets,126,120,401360779
2022-03-06,Milwaukee Bucks,Phoenix Suns,132,122,401360780
2022-03-06,Cleveland Cavaliers,Toronto Raptors,104,96,401360781
2022-03-06,Washington Wizards,Indiana Pacers,133,123,401360782
2022-03-06,Houston Rockets,Memphis Grizzlies,123,112,401360783
2022-03-06,Oklahoma City Thunder,Utah Jazz,103,116,401360784
2022-03-06,LA Clippers,New York Knicks,93,116,401360785
2022-03-06,Denver Nuggets,New Orleans Pelicans,138,130,401360786
2022-03-07,Detroit Pistons,Atlanta Hawks,113,110,401360787
2022-03-07,Philadelphia 76ers,Chicago Bulls,121,106,401360788
2022-03-07,Miami Heat,Houston Rockets,123,106,401360789
2022-03-07,Minnesota Timberwolves,Portland Trail Blazers,124,81,401360790
2022-03-07,Dallas Mavericks,Utah Jazz,111,103,401360791
2022-03-07,San Antonio Spurs,Los Angeles Lakers,117,110,401360792
2022-03-07,Sacramento Kings,New York Knicks,115,131,401360793
2022-03-07,Denver Nuggets,Golden State Warriors,131,124,401401144
2022-03-08,Charlotte Hornets,Brooklyn Nets,121,132,401360794
2022-03-08,Indiana Pacers,Cleveland Cavaliers,124,127,401360795
2022-03-08,Orlando Magic,Phoenix Suns,99,102,401360796
2022-03-08,Memphis Grizzlies,New Orleans Pelicans,132,111,401360797
2022-03-08,Oklahoma City Thunder,Milwaukee Bucks,115,142,401360798
2022-03-08,Golden State Warriors,LA Clippers,112,97,401360799
2022-03-09,Charlotte Hornets,Boston Celtics,101,115,401360800
2022-03-09,Detroit Pistons,Chicago Bulls,108,114,401360801
2022-03-09,Miami Heat,Phoenix Suns,90,111,401360802
2022-03-09,Milwaukee Bucks,Atlanta Hawks,124,115,401360803
2022-03-09,Houston Rockets,Los Angeles Lakers,139,130,401360804
2022-03-09,Minnesota Timberwolves,Oklahoma City Thunder,132,102,401360805
2022-03-09,New Orleans Pelicans,Orlando Magic,102,108,401360806
2022-03-09,Dallas Mavericks,New York Knicks,77,107,401360807
2022-03-09,San Antonio Spurs,Toronto Raptors,104,119,401360808
2022-03-09,Utah Jazz,Portland Trail Blazers,123,85,401360809
2022-03-09,Sacramento Kings,Denver Nuggets,100,106,401360810
2022-03-09,LA Clippers,Washington Wizards,115,109,401360811
2022-03-10,Philadelphia 76ers,Brooklyn Nets,100,129,401360812
2022-03-10,Denver Nuggets,Golden State Warriors,102,113,401360813
2022-03-11,Orlando Magic,Minnesota Timberwolves,118,110,401360814
2022-03-11,Atlanta Hawks,LA Clippers,112,106,401360815
2022-03-11,Boston Celtics,Detroit Pistons,114,103,401360816
2022-03-11,Miami Heat,Cleveland Cavaliers,117,105,401360817
2022-03-11,Houston Rockets,Dallas Mavericks,100,113,401360818
2022-03-11,Memphis Grizzlies,New York Knicks,118,114,401360819
2022-03-11,New Orleans Pelicans,Charlotte Hornets,120,142,401360820
2022-03-11,San Antonio Spurs,Utah Jazz,104,102,401360821
2022-03-11,Phoenix Suns,Toronto Raptors,112,117,401360822
2022-03-11,Los Angeles Lakers,Washington Wizards,122,109,401360823
2022-03-12,Miami Heat,Minnesota Timberwolves,104,113,401360824
2022-03-12,Chicago Bulls,Cleveland Cavaliers,101,91,401360825
2022-03-12,San Antonio Spurs,Indiana Pacers,108,119,401360826
2022-03-12,Golden State Warriors,Milwaukee Bucks,122,109,401360827
2022-03-12,Denver Nuggets,Toronto Raptors,115,127,401360828
2022-03-12,Utah Jazz,Sacramento Kings,134,125,401360829
2022-03-12,Portland Trail Blazers,Washington Wizards,127,118,401360830
2022-03-13,Brooklyn Nets,New York Knicks,110,107,401360831
2022-03-13,Detroit Pistons,LA Clippers,102,106,401360832
2022-03-13,Boston Celtics,Dallas Mavericks,92,95,401360833
2022-03-13,Orlando Magic,Philadelphia 76ers,114,116,401360834
2022-03-13,Atlanta Hawks,Indiana Pacers,131,128,401360835
2022-03-13,New Orleans Pelicans,Houston Rockets,130,105,401360836
2022-03-13,Oklahoma City Thunder,Memphis Grizzlies,118,125,401360837
2022-03-13,Phoenix Suns,Los Angeles Lakers,140,111,401360838
2022-03-14,Cleveland Cavaliers,LA Clippers,120,111,401360839
2022-03-14,Atlanta Hawks,Portland Trail Blazers,122,113,401360840
2022-03-14,Philadelphia 76ers,Denver Nuggets,110,114,401360841
2022-03-14,Oklahoma City Thunder,Charlotte Hornets,116,134,401360842
2022-03-14,San Antonio Spurs,Minnesota Timberwolves,139,149,401360843
2022-03-14,Golden State Warriors,Washington Wizards,126,112,401360844
2022-03-14,Sacramento Kings,Chicago Bulls,112,103,401360845
2022-03-14,Utah Jazz,Milwaukee Bucks,111,117,401360846
2022-03-14,Los Angeles Lakers,Toronto Raptors,103,114,401360847
2022-03-15,Indiana Pacers,Memphis Grizzlies,102,135,401360848
2022-03-15,Orlando Magic,Brooklyn Nets,108,150,401360849
2022-03-15,Miami Heat,Detroit Pistons,105,98,401360850
2022-03-15,New Orleans Pelicans,Phoenix Suns,115,131,401360851
2022-03-16,Charlotte Hornets,Atlanta Hawks,116,106,401360852
2022-03-16,Cleveland Cavaliers,Philadelphia 76ers,114,118,401360853
2022-03-16,Washington Wizards,Denver Nuggets,109,127,401360854
2022-03-16,Brooklyn Nets,Dallas Mavericks,111,113,401360855
2022-03-16,New York Knicks,Portland Trail Blazers,128,98,401360856
2022-03-16,Houston Rockets,Phoenix Suns,112,129,401360857
2022-03-16,Minnesota Timberwolves,Los Angeles Lakers,124,104,401360858
2022-03-16,San Antonio Spurs,Oklahoma City Thunder,122,120,401360859
2022-03-16,Utah Jazz,Chicago Bulls,125,110,401360860
2022-03-16,Golden State Warriors,Boston Celtics,88,110,401360861
2022-03-16,Sacramento Kings,Milwaukee Bucks,126,135,401360862
2022-03-16,LA Clippers,Toronto Raptors,100,103,401360863
2022-03-17,Orlando Magic,Detroit Pistons,120,134,401360864
2022-03-18,New York Knicks,Washington Wizards,100,97,401360865
2022-03-18,Toronto Raptors,Los Angeles Lakers,123,128,401360866
2022-03-18,Miami Heat,Oklahoma City Thunder,120,108,401360867
2022-03-18,Houston Rockets,Indiana Pacers,118,121,401360868
2022-03-18,San Antonio Spurs,New Orleans Pelicans,91,124,401360869
2022-03-18,Utah Jazz,LA Clippers,121,92,401360870
2022-03-18,Sacramento Kings,Boston Celtics,97,126,401360871
2022-03-18,Atlanta Hawks,Memphis Grizzlies,120,105,401360872
2022-03-18,Brooklyn Nets,Portland Trail Blazers,128,123,401360873
2022-03-18,Cleveland Cavaliers,Denver Nuggets,119,116,401360874
2022-03-18,Philadelphia 76ers,Dallas Mavericks,111,101,401360875
2022-03-18,Phoenix Suns,Chicago Bulls,129,102,401360876
2022-03-19,Minnesota Timberwolves,Milwaukee Bucks,138,119,401360877
2022-03-19,Charlotte Hornets,Dallas Mavericks,129,108,401360878
2022-03-19,Cleveland Cavaliers,Detroit Pistons,113,109,401360879
2022-03-19,Washington Wizards,Los Angeles Lakers,127,119,401360880
2022-03-20,Indiana Pacers,Portland Trail Blazers,129,98,401360881
2022-03-20,Houston Rockets,Memphis Grizzlies,98,122,401360882
2022-03-20,Atlanta Hawks,New Orleans Pelicans,112,117,401360883
2022-03-20,Orlando Magic,Oklahoma City Thunder,90,85,401360884
2022-03-20,Sacramento Kings,Phoenix Suns,124,127,401360885
2022-03-20,New York Knicks,Utah Jazz,93,108,401360886
2022-03-20,Denver Nuggets,Boston Celtics,104,124,401360887
2022-03-20,Philadelphia 76ers,Toronto Raptors,88,93,401360888
2022-03-20,Golden State Warriors,San Antonio Spurs,108,110,401360889
2022-03-21,Charlotte Hornets,New Orleans Pelicans,106,103,401360890
2022-03-21,Cleveland Cavaliers,Los Angeles Lakers,120,131,401360891
2022-03-21,Detroit Pistons,Portland Trail Blazers,115,119,401360892
2022-03-21,Philadelphia 76ers,Miami Heat,113,106,401360893
2022-03-21,Brooklyn Nets,Utah Jazz,114,106,401360894
2022-03-21,Chicago Bulls,Toronto Raptors,113,99,401360895
2022-03-21,Houston Rockets,Washington Wizards,115,97,401360896
2022-03-21,Oklahoma City Thunder,Boston Celtics,123,132,401360897
2022-03-21,Dallas Mavericks,Minnesota Timberwolves,110,108,401360898
2022-03-22,Orlando Magic,Golden State Warriors,94,90,401360899
2022-03-22,New York Knicks,Atlanta Hawks,111,117,401360900
2022-03-22,Milwaukee Bucks,Chicago Bulls,126,98,401360901
2022-03-22,Denver Nuggets,LA Clippers,127,115,401360902
2022-03-23,Charlotte Hornets,New York Knicks,106,121,401360903
2022-03-23,Detroit Pistons,Atlanta Hawks,122,101,401360904
2022-03-23,Indiana Pacers,Sacramento Kings,109,110,401360905
2022-03-23,Boston Celtics,Utah Jazz,125,97,401360906
2022-03-23,Miami Heat,Golden State Warriors,104,118,401360907
2022-03-23,Memphis Grizzlies,Brooklyn Nets,132,120,401360908
2022-03-23,Minnesota Timberwolves,Phoenix Suns,116,125,401360909
2022-03-23,Oklahoma City Thunder,Orlando Magic,118,102,401360910
2022-03-23,Dallas Mavericks,Houston Rockets,110,91,401360911
2022-03-23,Los Angeles Lakers,Philadelphia 76ers,121,126,401360912
2022-03-23,Portland Trail Blazers,San Antonio Spurs,96,133,401360913
2022-03-24,Toronto Raptors,Cleveland Cavaliers,117,104,401360914
2022-03-24,Memphis Grizzlies,Indiana Pacers,133,103,401360915
2022-03-24,Milwaukee Bucks,Washington Wizards,114,102,401360916
2022-03-24,New Orleans Pelicans,Chicago Bulls,126,109,401360917
2022-03-24,Denver Nuggets,Phoenix Suns,130,140,401360918
2022-03-25,Charlotte Hornets,Utah Jazz,107,101,401360919
2022-03-25,Detroit Pistons,Washington Wizards,97,100,401360920
2022-03-25,Atlanta Hawks,Golden State Warriors,121,110,401360921
2022-03-25,Miami Heat,New York Knicks,103,111,401360922
2022-03-25,Minnesota Timberwolves,Dallas Mavericks,116,95,401360923
2022-03-25,Portland Trail Blazers,Houston Rockets,106,125,401360924
2022-03-25,LA Clippers,Philadelphia 76ers,97,122,401360925
2022-03-26,New Orleans Pelicans,San Antonio Spurs,103,107,401360926
2022-03-26,Orlando Magic,Sacramento Kings,110,114,401360927
2022-03-26,Toronto Raptors,Indiana Pacers,131,91,401360928
2022-03-26,Cleveland Cavaliers,Chicago Bulls,94,98,401360929
2022-03-26,Miami Heat,Brooklyn Nets,95,110,401360930
2022-03-26,Memphis Grizzlies,Milwaukee Bucks,127,102,401360931
2022-03-26,Denver Nuggets,Oklahoma City Thunder,113,107,401360932
2022-03-26,Portland Trail Blazers,Houston Rockets,98,115,401360933
2022-03-27,Detroit Pistons,New York Knicks,102,104,401360934
2022-03-27,Boston Celtics,Minnesota Timberwolves,134,112,401360935
2022-03-27,Washington Wizards,Golden State Warriors,123,115,401360936
2022-03-27,Phoenix Suns,Philadelphia 76ers,114,104,401360937
2022-03-27,New Orleans Pelicans,Los Angeles Lakers,116,108,401360938
2022-03-27,Brooklyn Nets,Charlotte Hornets,110,119,401360939
2022-03-27,Dallas Mavericks,Utah Jazz,114,100,401360940
2022-03-28,Charlotte Hornets,Denver Nuggets,109,113,401360941
2022-03-28,Cleveland Cavaliers,Orlando Magic,107,101,401360942
2022-03-28,Indiana Pacers,Atlanta Hawks,123,132,401360943
2022-03-28,Miami Heat,Sacramento Kings,123,100,401360944
2022-03-28,New York Knicks,Chicago Bulls,109,104,401360945
2022-03-28,Toronto Raptors,Boston Celtics,115,112,401360946
2022-03-28,Houston Rockets,San Antonio Spurs,120,123,401360947
2022-03-28,Memphis Grizzlies,Golden State Warriors,123,95,401360948
2022-03-28,Portland Trail Blazers,Oklahoma City Thunder,131,134,401360949
2022-03-29,Philadelphia 76ers,Milwaukee Bucks,116,118,401360950
2022-03-29,Washington Wizards,Chicago Bulls,94,107,401360951
2022-03-29,Brooklyn Nets,Detroit Pistons,130,123,401360952
2022-03-29,Dallas Mavericks,Los Angeles Lakers,128,110,401360953
2022-03-29,LA Clippers,Utah Jazz,121,115,401360954
2022-03-30,Cleveland Cavaliers,Dallas Mavericks,112,120,401360955
2022-03-30,Indiana Pacers,Denver Nuggets,118,125,401360956
2022-03-30,Washington Wizards,Orlando Magic,127,110,401360957
2022-03-30,Boston Celtics,Miami Heat,98,106,401360958
2022-03-30,New York Knicks,Charlotte Hornets,114,125,401360959
2022-03-30,Toronto Raptors,Minnesota Timberwolves,125,102,401360960
2022-03-30,Houston Rockets,Sacramento Kings,118,121,401360961
2022-03-30,Oklahoma City Thunder,Atlanta Hawks,118,136,401360962
2022-03-30,San Antonio Spurs,Memphis Grizzlies,111,112,401360963
2022-03-30,Golden State Warriors,Phoenix Suns,103,107,401360964
2022-03-30,Portland Trail Blazers,New Orleans Pelicans,107,117,401360965
2022-03-31,Detroit Pistons,Philadelphia 76ers,102,94,401360966
2022-03-31,Brooklyn Nets,Milwaukee Bucks,119,120,401360967
2022-03-31,Chicago Bulls,LA Clippers,135,130,401360968
2022-03-31,Utah Jazz,Los Angeles Lakers,122,109,401360969
2022-03-31,Atlanta Hawks,Cleveland Cavaliers,131,107,401401145
2022-04-01,Orlando Magic,Toronto Raptors,89,102,401360970
2022-04-01,Washington Wizards,Dallas Mavericks,135,103,401360971
2022-04-01,Boston Celtics,Indiana Pacers,128,123,401360972
2022-04-01,Houston Rockets,Sacramento Kings,117,122,401360973
2022-04-01,Memphis Grizzlies,Phoenix Suns,122,114,401360974
2022-04-01,Milwaukee Bucks,LA Clippers,119,153,401360975
2022-04-01,Oklahoma City Thunder,Detroit Pistons,101,110,401360976
2022-04-01,San Antonio Spurs,Portland Trail Blazers,130,111,401360977
2022-04-01,Denver Nuggets,Minnesota Timberwolves,130,136,401360978
2022-04-01,Los Angeles Lakers,New Orleans Pelicans,111,114,401360979
2022-04-02,Philadelphia 76ers,Charlotte Hornets,144,114,401360980
2022-04-02,New York Knicks,Cleveland Cavaliers,101,119,401360981
2022-04-02,Atlanta Hawks,Brooklyn Nets,122,115,401360982
2022-04-02,Chicago Bulls,Miami Heat,109,127,401360983
2022-04-02,Golden State Warriors,Utah Jazz,111,107,401360984
2022-04-03,Boston Celtics,Washington Wizards,144,102,401360985
2022-04-03,Milwaukee Bucks,Dallas Mavericks,112,118,401360986
2022-04-03,Los Angeles Lakers,Denver Nuggets,118,129,401360987
2022-04-03,Indiana Pacers,Detroit Pistons,117,121,401360988
2022-04-03,Cleveland Cavaliers,Philadelphia 76ers,108,112,401360989
2022-04-03,Orlando Magic,New York Knicks,88,118,401360990
2022-04-03,Toronto Raptors,Miami Heat,109,114,401360991
2022-04-03,Houston Rockets,Minnesota Timberwolves,132,139,401360992
2022-04-03,Oklahoma City Thunder,Phoenix Suns,117,96,401360993
2022-04-03,San Antonio Spurs,Portland Trail Blazers,113,92,401360994
2022-04-03,Sacramento Kings,Golden State Warriors,90,109,401360995
2022-04-03,LA Clippers,New Orleans Pelicans,119,100,401360996
2022-04-05,Indiana Pacers,Philadelphia 76ers,122,131,401360997
2022-04-05,Orlando Magic,Cleveland Cavaliers,120,115,401360998
2022-04-05,Brooklyn Nets,Houston Rockets,118,105,401360999
2022-04-05,Miami Heat,Charlotte Hornets,144,115,401361000
2022-04-05,Toronto Raptors,Atlanta Hawks,118,108,401361001
2022-04-05,Chicago Bulls,Milwaukee Bucks,106,127,401361002
2022-04-05,Minnesota Timberwolves,Washington Wizards,114,132,401361003
2022-04-05,Oklahoma City Thunder,Portland Trail Blazers,98,94,401361004
2022-04-05,Denver Nuggets,San Antonio Spurs,97,116,401361005
2022-04-05,Utah Jazz,Memphis Grizzlies,121,115,401361006
2022-04-05,Sacramento Kings,New Orleans Pelicans,109,123,401361007
2022-04-05,Phoenix Suns,Los Angeles Lakers,121,110,401361008
2022-04-06,Detroit Pistons,Dallas Mavericks,113,131,401361009
2022-04-06,New York Knicks,Brooklyn Nets,98,110,401361010
2022-04-06,Atlanta Hawks,Washington Wizards,118,103,401361011
2022-04-06,Chicago Bulls,Boston Celtics,94,117,401361012
2022-04-06,Utah Jazz,Oklahoma City Thunder,137,101,401361013
2022-04-06,LA Clippers,Phoenix Suns,113,109,401361014
2022-04-07,Charlotte Hornets,Orlando Magic,128,101,401361015
2022-04-07,Toronto Raptors,Philadelphia 76ers,119,114,401361016
2022-04-07,Milwaukee Bucks,Boston Celtics,127,121,401361017
2022-04-07,Minnesota Timberwolves,San Antonio Spurs,127,121,401361018
2022-04-07,New Orleans Pelicans,Portland Trail Blazers,127,94,401361019
2022-04-07,Denver Nuggets,Memphis Grizzlies,122,109,401361020
2022-04-07,Golden State Warriors,Los Angeles Lakers,128,112,401361021
2022-04-08,Detroit Pistons,Milwaukee Bucks,101,131,401361022
2022-04-08,Washington Wizards,New York Knicks,92,114,401361023
2022-04-08,Brooklyn Nets,Cleveland Cavaliers,118,107,401361024
2022-04-08,Toronto Raptors,Houston Rockets,117,115,401361025
2022-04-08,Miami Heat,Atlanta Hawks,113,109,401361026
2022-04-08,Chicago Bulls,Charlotte Hornets,117,133,401361027
2022-04-08,Dallas Mavericks,Portland Trail Blazers,128,78,401361028
2022-04-08,Utah Jazz,Phoenix Suns,105,111,401361029
2022-04-08,Los Angeles Lakers,Oklahoma City Thunder,120,101,401361030
2022-04-09,LA Clippers,Sacramento Kings,117,98,401361031
2022-04-09,Memphis Grizzlies,New Orleans Pelicans,141,114,401361032
2022-04-09,Philadelphia 76ers,Indiana Pacers,133,120,401361033
2022-04-09,San Antonio Spurs,Golden State Warriors,94,100,401361034
2022-04-10,Brooklyn Nets,Indiana Pacers,134,126,401361035
2022-04-10,Charlotte Hornets,Washington Wizards,124,108,401361036
2022-04-10,Cleveland Cavaliers,Milwaukee Bucks,133,115,401361037
2022-04-10,Dallas Mavericks,San Antonio Spurs,130,120,401361038
2022-04-10,Denver Nuggets,Los Angeles Lakers,141,146,401361039
2022-04-10,Houston Rockets,Atlanta Hawks,114,130,401361040
2022-04-10,LA Clippers,Oklahoma City Thunder,138,88,401361041
2022-04-10,Memphis Grizzlies,Boston Celtics,110,139,401361042
2022-04-10,Minnesota Timberwolves,Chicago Bulls,120,124,401361043
2022-04-10,New Orleans Pelicans,Golden State Warriors,107,128,401361044
2022-04-10,New York Knicks,Toronto Raptors,105,94,401361045
2022-04-10,Orlando Magic,Miami Heat,125,111,401361046
2022-04-10,Philadelphia 76ers,Detroit Pistons,118,106,401361047
2022-04-10,Phoenix Suns,Sacramento Kings,109,116,401361048
2022-04-10,Portland Trail Blazers,Utah Jazz,80,111,401361049
2022-04-16,Dallas Mavericks,Utah Jazz,93,99,401429872
2022-04-16,Memphis Grizzlies,Minnesota Timberwolves,117,130,401429873
2022-04-16,Philadelphia 76ers,Toronto Raptors,131,111,401429874
2022-04-16,Golden State Warriors,Denver Nuggets,123,107,401429875
2022-04-17,Boston Celtics,Brooklyn Nets,115,114,401429890
2022-04-17,Miami Heat,Atlanta Hawks,115,91,401429891
2022-04-17,Milwaukee Bucks,Chicago Bulls,93,86,401429892
2022-04-17,Phoenix Suns,New Orleans Pelicans,110,99,401429893
2022-04-18,Dallas Mavericks,Utah Jazz,110,104,401430232
2022-04-18,Philadelphia 76ers,Toronto Raptors,112,97,401430233
2022-04-18,Golden State Warriors,Denver Nuggets,126,106,401430247
2022-04-19,Miami Heat,Atlanta Hawks,115,105,401430216
2022-04-19,Phoenix Suns,New Orleans Pelicans,114,125,401430222
2022-04-19,Memphis Grizzlies,Minnesota Timberwolves,124,96,401430223
2022-04-20,Boston Celtics,Brooklyn Nets,114,107,401430210
2022-04-20,Toronto Raptors,Philadelphia 76ers,101,104,401430236
2022-04-20,Milwaukee Bucks,Chicago Bulls,110,114,401430246
2022-04-21,Minnesota Timberwolves,Memphis Grizzlies,95,104,401430227
2022-04-21,Utah Jazz,Dallas Mavericks,118,126,401430235
2022-04-21,Denver Nuggets,Golden State Warriors,113,118,401430250
2022-04-22,Atlanta Hawks,Miami Heat,111,110,401430217
2022-04-22,New Orleans Pelicans,Phoenix Suns,111,114,401430224
2022-04-22,Chicago Bulls,Milwaukee Bucks,81,111,401430248
2022-04-23,Brooklyn Nets,Boston Celtics,103,109,401430211
2022-04-23,Minnesota Timberwolves,Memphis Grizzlies,119,118,401430230
2022-04-23,Utah Jazz,Dallas Mavericks,100,99,401430237
2022-04-23,Toronto Raptors,Philadelphia 76ers,110,102,401430240
2022-04-24,Atlanta Hawks,Miami Heat,86,110,401430218
2022-04-24,New Orleans Pelicans,Phoenix Suns,118,103,401430225
2022-04-24,Chicago Bulls,Milwaukee Bucks,95,119,401430249
2022-04-24,Denver Nuggets,Golden State Warriors,126,121,401430253
2022-04-25,Brooklyn Nets,Boston Celtics,112,116,401430212
2022-04-25,Dallas Mavericks,Utah Jazz,102,77,401430239
2022-04-25,Philadelphia 76ers,Toronto Raptors,88,103,401430243
2022-04-26,Miami Heat,Atlanta Hawks,97,94,401430219
2022-04-26,Phoenix Suns,New Orleans Pelicans,112,97,401430226
2022-04-26,Memphis Grizzlies,Minnesota Timberwolves,111,109,401430231
2022-04-27,Milwaukee Bucks,Chicago Bulls,116,100,401430251
2022-04-27,Golden State Warriors,Denver Nuggets,102,98,401430255
2022-04-28,New Orleans Pelicans,Phoenix Suns,109,115,401430228
2022-04-28,Utah Jazz,Dallas Mavericks,96,98,401430241
2022-04-28,Toronto Raptors,Philadelphia 76ers,97,132,401430244
2022-04-29,Minnesota Timberwolves,Memphis Grizzlies,106,114,401430234
2022-05-01,Boston Celtics,Milwaukee Bucks,89,101,401433610
2022-05-01,Memphis Grizzlies,Golden State Warriors,116,117,401434770
2022-05-02,Miami Heat,Philadelphia 76ers,106,92,401434050
2022-05-02,Phoenix Suns,Dallas Mavericks,121,114,401434070
2022-05-03,Boston Celtics,Milwaukee Bucks,109,86,401433611
2022-05-03,Memphis Grizzlies,Golden State Warriors,106,101,401434771
2022-05-04,Miami Heat,Philadelphia 76ers,119,103,401434051
2022-05-04,Phoenix Suns,Dallas Mavericks,129,109,401434110
2022-05-06,Philadelphia 76ers,Miami Heat,99,79,401434052
2022-05-06,Dallas Mavericks,Phoenix Suns,103,94,401434111
2022-05-07,Milwaukee Bucks,Boston Celtics,103,101,401433612
2022-05-07,Golden State Warriors,Memphis Grizzlies,142,112,401434772
2022-05-08,Philadelphia 76ers,Miami Heat,116,108,401434053
2022-05-08,Dallas Mavericks,Phoenix Suns,111,101,401434112
2022-05-09,Milwaukee Bucks,Boston Celtics,108,116,401433613
2022-05-09,Golden State Warriors,Memphis Grizzlies,101,98,401434773
2022-05-10,Miami Heat,Philadelphia 76ers,120,85,401434054
2022-05-10,Phoenix Suns,Dallas Mavericks,110,80,401434113
2022-05-11,Boston Celtics,Milwaukee Bucks,107,110,401433614
2022-05-11,Memphis Grizzlies,Golden State Warriors,134,95,401434774
2022-05-12,Philadelphia 76ers,Miami Heat,90,99,401434055
2022-05-12,Dallas Mavericks,Phoenix Suns,113,86,401434114
2022-05-13,Milwaukee Bucks,Boston Celtics,95,108,401433615
2022-05-13,Golden State Warriors,Memphis Grizzlies,110,96,401434775
2022-05-15,Boston Celtics,Milwaukee Bucks,109,81,401433616
2022-05-15,Phoenix Suns,Dallas Mavericks,90,123,401434115
2022-05-17,Miami Heat,Boston Celtics,118,107,401438130
2022-05-18,Golden State Warriors,Dallas Mavericks,112,87,401438944
2022-05-19,Miami Heat,Boston Celtics,102,127,401438131
2022-05-20,Golden State Warriors,Dallas Mavericks,126,117,401438945
2022-05-21,Boston Celtics,Miami Heat,103,109,401438132
2022-05-22,Dallas Mavericks,Golden State Warriors,100,109,401438946
2022-05-23,Boston Celtics,Miami Heat,102,82,401438133
2022-05-24,Dallas Mavericks,Golden State Warriors,119,109,401438947
2022-05-25,Miami Heat,Boston Celtics,80,93,401438134
2022-05-26,Golden State Warriors,Dallas Mavericks,120,110,401438948
2022-05-27,Boston Celtics,Miami Heat,103,111,401438135
2022-05-29,Miami Heat,Boston Celtics,96,100,401438136
2022-06-02,Golden State Warriors,Boston Celtics,108,120,401442530
2022-06-05,Golden State Warriors,Boston Celtics,107,88,401442531
2022-06-08,Boston Celtics,Golden State Warriors,116,100,401442532
2022-06-10,Boston Celtics,Golden State Warriors,97,107,401442533
2022-06-13,Golden State Warriors,Boston Celtics,104,94,401442534
2022-06-16,Boston Celtics,Golden State Warriors,90,103,401442535
2022-10-18,Boston Celtics,Philadelphia 76ers,126,117,401468016
2022-10-18,Golden State Warriors,Los Angeles Lakers,123,109,401468017
2022-10-19,Detroit Pistons,Orlando Magic,113,109,401468018
2022-10-19,Indiana Pacers,Washington Wizards,107,114,401468019
2022-10-19,Atlanta Hawks,Houston Rockets,117,107,401468020
2022-10-19,Brooklyn Nets,New Orleans Pelicans,108,130,401468021
2022-10-19,Miami Heat,Chicago Bulls,108,116,401468022
2022-10-19,Toronto Raptors,Cleveland Cavaliers,108,105,401468023
2022-10-19,Memphis Grizzlies,New York Knicks,115,112,401468024
2022-10-19,Minnesota Timberwolves,Oklahoma City Thunder,115,108,401468025
2022-10-19,San Antonio Spurs,Charlotte Hornets,102,129,401468026
2022-10-19,Utah Jazz,Denver Nuggets,123,102,401468027
2022-10-19,Phoenix Suns,Dallas Mavericks,107,105,401468028
2022-10-19,Sacramento Kings,Portland Trail Blazers,108,115,401468029
2022-10-20,Philadelphia 76ers,Milwaukee Bucks,88,90,401468170
2022-10-20,Los Angeles Lakers,LA Clippers,97,103,401468171
2022-10-21,Charlotte Hornets,New Orleans Pelicans,112,124,401468172
2022-10-21,Indiana Pacers,San Antonio Spurs,134,137,401468173
2022-10-21,Washington Wizards,Chicago Bulls,102,100,401468174
2022-10-21,Atlanta Hawks,Orlando Magic,108,98,401468175
2022-10-21,Brooklyn Nets,Toronto Raptors,109,105,401468176
2022-10-21,Miami Heat,Boston Celtics,104,111,401468177
2022-10-21,New York Knicks,Detroit Pistons,130,106,401468178
2022-10-21,Houston Rockets,Memphis Grizzlies,122,129,401468179
2022-10-21,Minnesota Timberwolves,Utah Jazz,126,132,401468180
2022-10-21,Golden State Warriors,Denver Nuggets,123,128,401468181
2022-10-21,Portland Trail Blazers,Phoenix Suns,113,111,401468182
2022-10-22,Philadelphia 76ers,San Antonio Spurs,105,114,401468183
2022-10-22,Indiana Pacers,Detroit Pistons,124,115,401468184
2022-10-22,Orlando Magic,Boston Celtics,120,126,401468185
2022-10-22,Miami Heat,Toronto Raptors,112,109,401468186
2022-10-22,Chicago Bulls,Cleveland Cavaliers,96,128,401468187
2022-10-22,Milwaukee Bucks,Houston Rockets,125,105,401468188
2022-10-22,Dallas Mavericks,Memphis Grizzlies,137,96,401468189
2022-10-22,Denver Nuggets,Oklahoma City Thunder,122,117,401468190
2022-10-22,Sacramento Kings,LA Clippers,109,111,401468191
2022-10-23,Los Angeles Lakers,Portland Trail Blazers,104,106,401468192
2022-10-23,Atlanta Hawks,Charlotte Hornets,109,126,401468193
2022-10-23,Cleveland Cavaliers,Washington Wizards,117,107,401468194
2022-10-23,New Orleans Pelicans,Utah Jazz,121,122,401468195
2022-10-23,Oklahoma City Thunder,Minnesota Timberwolves,106,116,401468196
2022-10-23,Golden State Warriors,Sacramento Kings,130,125,401468197
2022-10-23,LA Clippers,Phoenix Suns,95,112,401468198
2022-10-24,Philadelphia 76ers,Indiana Pacers,120,106,401468199
2022-10-24,Miami Heat,Toronto Raptors,90,98,401468200
2022-10-24,New York Knicks,Orlando Magic,115,102,401468201
2022-10-24,Chicago Bulls,Boston Celtics,120,102,401468202
2022-10-24,Houston Rockets,Utah Jazz,114,108,401468203
2022-10-24,Memphis Grizzlies,Brooklyn Nets,134,124,401468204
2022-10-24,Minnesota Timberwolves,San Antonio Spurs,106,115,401468205
2022-10-24,Portland Trail Blazers,Denver Nuggets,135,110,401468206
2022-10-25,Washington Wizards,Detroit Pistons,120,99,401468207
2022-10-25,New Orleans Pelicans,Dallas Mavericks,113,111,401468208
2022-10-25,Oklahoma City Thunder,LA Clippers,108,94,401468209
2022-10-25,Phoenix Suns,Golden State Warriors,134,105,401468210
2022-10-26,Cleveland Cavaliers,Orlando Magic,103,92,401468211
2022-10-26,Detroit Pistons,Atlanta Hawks,113,118,401468212
2022-10-26,New York Knicks,Charlotte Hornets,134,131,401468213
2022-10-26,Toronto Raptors,Philadelphia 76ers,119,109,401468214
2022-10-26,Milwaukee Bucks,Brooklyn Nets,110,99,401468215
2022-10-26,Chicago Bulls,Indiana Pacers,124,109,401468216
2022-10-26,Minnesota Timberwolves,San Antonio Spurs,134,122,401468217
2022-10-26,Utah Jazz,Houston Rockets,109,101,401468218
2022-10-26,Denver Nuggets,Los Angeles Lakers,110,99,401468219
2022-10-26,Portland Trail Blazers,Miami Heat,98,119,401468220
2022-10-27,Brooklyn Nets,Dallas Mavericks,125,129,401468221
2022-10-27,Oklahoma City Thunder,LA Clippers,118,110,401468222
2022-10-27,Golden State Warriors,Miami Heat,123,110,401468223
2022-10-27,Sacramento Kings,Memphis Grizzlies,110,125,401468224
2022-10-28,Detroit Pistons,Atlanta Hawks,112,136,401468225
2022-10-28,Orlando Magic,Charlotte Hornets,113,93,401468226
2022-10-28,Boston Celtics,Cleveland Cavaliers,123,132,401468227
2022-10-28,Toronto Raptors,Philadelphia 76ers,90,112,401468228
2022-10-28,Washington Wizards,Indiana Pacers,117,127,401468229
2022-10-28,Milwaukee Bucks,New York Knicks,119,108,401468230
2022-10-28,Minnesota Timberwolves,Los Angeles Lakers,111,102,401468231
2022-10-28,San Antonio Spurs,Chicago Bulls,129,124,401468232
2022-10-28,Denver Nuggets,Utah Jazz,117,101,401468233
2022-10-28,Phoenix Suns,New Orleans Pelicans,124,111,401468234
2022-10-28,Portland Trail Blazers,Houston Rockets,125,111,401468235
2022-10-29,Sacramento Kings,Miami Heat,119,113,401468236
2022-10-29,Charlotte Hornets,Golden State Warriors,120,113,401468237
2022-10-29,Brooklyn Nets,Indiana Pacers,116,125,401468238
2022-10-29,Chicago Bulls,Philadelphia 76ers,109,114,401468239
2022-10-29,Milwaukee Bucks,Atlanta Hawks,123,115,401468240
2022-10-29,Dallas Mavericks,Oklahoma City Thunder,111,117,401468241
2022-10-29,Utah Jazz,Memphis Grizzlies,124,123,401468242
2022-10-30,LA Clippers,New Orleans Pelicans,91,112,401468243
2022-10-30,Boston Celtics,Washington Wizards,112,94,401468244
2022-10-30,Cleveland Cavaliers,New York Knicks,121,108,401468245
2022-10-30,Detroit Pistons,Golden State Warriors,128,114,401468246
2022-10-30,San Antonio Spurs,Minnesota Timberwolves,107,98,401468247
2022-10-30,Dallas Mavericks,Orlando Magic,114,105,401468248
2022-10-30,Phoenix Suns,Houston Rockets,124,109,401468249
2022-10-30,Los Angeles Lakers,Denver Nuggets,121,110,401468250
2022-10-31,Charlotte Hornets,Sacramento Kings,108,115,401468251
2022-10-31,Washington Wizards,Philadelphia 76ers,111,118,401468252
2022-10-31,Brooklyn Nets,Indiana Pacers,116,109,401468253
2022-10-31,Toronto Raptors,Atlanta Hawks,139,109,401468254
2022-10-31,Milwaukee Bucks,Detroit Pistons,110,108,401468255
2022-10-31,Utah Jazz,Memphis Grizzlies,121,105,401468256
2022-10-31,LA Clippers,Houston Rockets,95,93,401468257
2022-11-01,Brooklyn Nets,Chicago Bulls,99,108,401468258
2022-11-01,Miami Heat,Golden State Warriors,116,109,401468259
2022-11-01,Oklahoma City Thunder,Orlando Magic,116,108,401468260
2022-11-01,Phoenix Suns,Minnesota Timberwolves,116,107,401468261
2022-11-02,Cleveland Cavaliers,Boston Celtics,114,113,401468262
2022-11-02,Philadelphia 76ers,Washington Wizards,111,121,401468263
2022-11-02,Miami Heat,Sacramento Kings,110,107,401468264
2022-11-02,New York Knicks,Atlanta Hawks,99,112,401468265
2022-11-02,Chicago Bulls,Charlotte Hornets,106,88,401468266
2022-11-02,Houston Rockets,LA Clippers,101,109,401468267
2022-11-02,Milwaukee Bucks,Detroit Pistons,116,91,401468268
2022-11-02,San Antonio Spurs,Toronto Raptors,100,143,401468269
2022-11-02,Dallas Mavericks,Utah Jazz,103,100,401468270
2022-11-02,Portland Trail Blazers,Memphis Grizzlies,106,111,401468271
2022-11-02,Los Angeles Lakers,New Orleans Pelicans,120,117,401468272
2022-11-03,Orlando Magic,Golden State Warriors,130,129,401468273
2022-11-03,Oklahoma City Thunder,Denver Nuggets,110,122,401468274
2022-11-04,Detroit Pistons,Cleveland Cavaliers,88,112,401468275
2022-11-04,Indiana Pacers,Miami Heat,101,99,401468276
2022-11-04,Philadelphia 76ers,New York Knicks,104,106,401468277
2022-11-04,Washington Wizards,Brooklyn Nets,86,128,401468278
2022-11-04,Boston Celtics,Chicago Bulls,123,119,401468279
2022-11-04,Memphis Grizzlies,Charlotte Hornets,130,99,401468280
2022-11-04,San Antonio Spurs,LA Clippers,106,113,401468281
2022-11-04,Dallas Mavericks,Toronto Raptors,111,110,401468282
2022-11-04,New Orleans Pelicans,Golden State Warriors,114,105,401468283
2022-11-04,Minnesota Timberwolves,Milwaukee Bucks,102,115,401468284
2022-11-04,Phoenix Suns,Portland Trail Blazers,106,108,401468285
2022-11-04,Los Angeles Lakers,Utah Jazz,116,130,401468286
2022-11-05,Orlando Magic,Sacramento Kings,123,126,401468287
2022-11-05,Charlotte Hornets,Brooklyn Nets,94,98,401468288
2022-11-05,Atlanta Hawks,New Orleans Pelicans,124,121,401468289
2022-11-05,New York Knicks,Boston Celtics,118,133,401468290
2022-11-05,Milwaukee Bucks,Oklahoma City Thunder,108,94,401468291
2022-11-05,Minnesota Timberwolves,Houston Rockets,129,117,401468292
2022-11-05,Denver Nuggets,San Antonio Spurs,126,101,401468293
2022-11-05,Phoenix Suns,Portland Trail Blazers,102,82,401468294
2022-11-06,Los Angeles Lakers,Cleveland Cavaliers,100,114,401468295
2022-11-06,Toronto Raptors,Chicago Bulls,113,104,401468296
2022-11-06,Memphis Grizzlies,Washington Wizards,103,97,401468297
2022-11-06,LA Clippers,Utah Jazz,102,110,401468298
2022-11-07,Charlotte Hornets,Washington Wizards,100,108,401468299
2022-11-07,Orlando Magic,Houston Rockets,127,134,401468300
2022-11-07,Detroit Pistons,Oklahoma City Thunder,112,103,401468301
2022-11-07,Indiana Pacers,New Orleans Pelicans,129,122,401468302
2022-11-07,Philadelphia 76ers,Phoenix Suns,100,88,401468303
2022-11-07,Atlanta Hawks,Milwaukee Bucks,117,98,401468304
2022-11-07,Miami Heat,Portland Trail Blazers,107,110,401468305
2022-11-07,Chicago Bulls,Toronto Raptors,111,97,401468306
2022-11-07,Memphis Grizzlies,Boston Celtics,106,109,401468307
2022-11-07,Minnesota Timberwolves,New York Knicks,107,120,401468308
2022-11-07,San Antonio Spurs,Denver Nuggets,109,115,401468309
2022-11-07,Dallas Mavericks,Brooklyn Nets,96,94,401468310
2022-11-07,Golden State Warriors,Sacramento Kings,116,113,401468311
2022-11-07,Utah Jazz,Los Angeles Lakers,139,116,401468312
2022-11-07,LA Clippers,Cleveland Cavaliers,119,117,401468313
2022-11-09,Charlotte Hornets,Portland Trail Blazers,95,105,401468314
2022-11-09,Indiana Pacers,Denver Nuggets,119,122,401468315
2022-11-09,Orlando Magic,Dallas Mavericks,94,87,401468316
2022-11-09,Atlanta Hawks,Utah Jazz,119,125,401468317
2022-11-09,Boston Celtics,Detroit Pistons,128,112,401468318
2022-11-09,Brooklyn Nets,New York Knicks,112,85,401468319
2022-11-09,Toronto Raptors,Houston Rockets,116,109,401468320
2022-11-09,Chicago Bulls,New Orleans Pelicans,111,115,401468321
2022-11-09,Minnesota Timberwolves,Phoenix Suns,117,129,401468322
2022-11-09,Oklahoma City Thunder,Milwaukee Bucks,132,136,401468323
2022-11-09,San Antonio Spurs,Memphis Grizzlies,122,124,401468324
2022-11-09,LA Clippers,Los Angeles Lakers,114,101,401468325
2022-11-09,Sacramento Kings,Cleveland Cavaliers,127,120,401468326
2022-11-10,Washington Wizards,Dallas Mavericks,113,105,401468327
2022-11-10,Atlanta Hawks,Philadelphia 76ers,104,95,401468328
2022-11-10,Miami Heat,Charlotte Hornets,117,112,401468329
2022-11-10,New Orleans Pelicans,Portland Trail Blazers,95,106,401468330
2022-11-11,Boston Celtics,Denver Nuggets,131,112,401468331
2022-11-11,Orlando Magic,Phoenix Suns,114,97,401468332
2022-11-11,New York Knicks,Detroit Pistons,121,112,401468333
2022-11-11,Oklahoma City Thunder,Toronto Raptors,132,113,401468334
2022-11-11,San Antonio Spurs,Milwaukee Bucks,111,93,401468335
2022-11-11,Memphis Grizzlies,Minnesota Timberwolves,114,103,401468336
2022-11-11,Golden State Warriors,Cleveland Cavaliers,106,101,401468337
2022-11-11,Los Angeles Lakers,Sacramento Kings,114,120,401468338
2022-11-12,LA Clippers,Brooklyn Nets,95,110,401468339
2022-11-12,Washington Wizards,Utah Jazz,121,112,401468340
2022-11-12,Detroit Pistons,Boston Celtics,108,117,401468341
2022-11-12,Indiana Pacers,Toronto Raptors,118,104,401468342
2022-11-12,Philadelphia 76ers,Atlanta Hawks,121,109,401468343
2022-11-12,Miami Heat,Charlotte Hornets,132,115,401468344
2022-11-12,Dallas Mavericks,Portland Trail Blazers,117,112,401468345
2022-11-12,New Orleans Pelicans,Houston Rockets,119,106,401468346
2022-11-13,New York Knicks,Oklahoma City Thunder,135,145,401468347
2022-11-13,Cleveland Cavaliers,Minnesota Timberwolves,124,129,401468348
2022-11-13,Washington Wizards,Memphis Grizzlies,102,92,401468349
2022-11-13,Philadelphia 76ers,Utah Jazz,105,98,401468350
2022-11-13,Chicago Bulls,Denver Nuggets,103,126,401468351
2022-11-13,Sacramento Kings,Golden State Warriors,122,115,401468352
2022-11-13,Los Angeles Lakers,Brooklyn Nets,116,103,401468353
2022-11-14,Detroit Pistons,Toronto Raptors,111,115,401468354
2022-11-14,Orlando Magic,Charlotte Hornets,105,112,401468355
2022-11-14,Boston Celtics,Oklahoma City Thunder,126,122,401468356
2022-11-14,Miami Heat,Phoenix Suns,113,112,401468357
2022-11-14,Houston Rockets,LA Clippers,106,122,401468358
2022-11-14,Milwaukee Bucks,Atlanta Hawks,106,121,401468359
2022-11-14,Golden State Warriors,San Antonio Spurs,132,95,401468360
2022-11-15,New Orleans Pelicans,Memphis Grizzlies,113,102,401468361
2022-11-15,Dallas Mavericks,LA Clippers,103,101,401468362
2022-11-15,Utah Jazz,New York Knicks,111,118,401468363
2022-11-15,Portland Trail Blazers,San Antonio Spurs,117,110,401468364
2022-11-15,Sacramento Kings,Brooklyn Nets,153,121,401468365
2022-11-16,Charlotte Hornets,Indiana Pacers,113,125,401468366
2022-11-16,Orlando Magic,Minnesota Timberwolves,108,126,401468367
2022-11-16,Washington Wizards,Oklahoma City Thunder,120,121,401468368
2022-11-16,Atlanta Hawks,Boston Celtics,101,126,401468369
2022-11-16,Toronto Raptors,Miami Heat,112,104,401468370
2022-11-16,Milwaukee Bucks,Cleveland Cavaliers,113,98,401468371
2022-11-16,New Orleans Pelicans,Chicago Bulls,124,110,401468372
2022-11-16,Dallas Mavericks,Houston Rockets,92,101,401468373
2022-11-16,Denver Nuggets,New York Knicks,103,106,401468374
2022-11-16,Phoenix Suns,Golden State Warriors,130,119,401468375
2022-11-17,Portland Trail Blazers,Brooklyn Nets,107,109,401468376
2022-11-17,Sacramento Kings,San Antonio Spurs,130,112,401468377
2022-11-17,LA Clippers,Detroit Pistons,96,91,401468378
2022-11-18,Washington Wizards,Miami Heat,107,106,401468379
2022-11-18,Cleveland Cavaliers,Charlotte Hornets,132,122,401468380
2022-11-18,Philadelphia 76ers,Milwaukee Bucks,110,102,401468381
2022-11-18,Chicago Bulls,Orlando Magic,107,108,401468382
2022-11-18,Houston Rockets,Indiana Pacers,91,99,401468383
2022-11-18,Memphis Grizzlies,Oklahoma City Thunder,121,110,401468384
2022-11-18,Dallas Mavericks,Denver Nuggets,127,99,401468385
2022-11-18,New Orleans Pelicans,Boston Celtics,109,117,401468386
2022-11-18,Utah Jazz,Phoenix Suns,134,133,401468387
2022-11-18,Golden State Warriors,New York Knicks,111,101,401468388
2022-11-18,Los Angeles Lakers,Detroit Pistons,128,121,401468389
2022-11-19,Atlanta Hawks,Toronto Raptors,124,122,401468390
2022-11-19,Indiana Pacers,Orlando Magic,114,113,401468391
2022-11-19,Philadelphia 76ers,Minnesota Timberwolves,109,112,401468392
2022-11-19,Portland Trail Blazers,Utah Jazz,113,118,401468393
2022-11-19,LA Clippers,San Antonio Spurs,119,97,401468394
2022-11-20,Phoenix Suns,New York Knicks,116,95,401468395
2022-11-20,Washington Wizards,Charlotte Hornets,106,102,401468396
2022-11-20,Sacramento Kings,Detroit Pistons,137,129,401468397
2022-11-20,Brooklyn Nets,Memphis Grizzlies,127,115,401468398
2022-11-20,Cleveland Cavaliers,Miami Heat,113,87,401468399
2022-11-20,Houston Rockets,Golden State Warriors,120,127,401468400
2022-11-20,Dallas Mavericks,Denver Nuggets,97,98,401468401
2022-11-20,Los Angeles Lakers,San Antonio Spurs,123,92,401468402
2022-11-21,Cleveland Cavaliers,Atlanta Hawks,114,102,401468403
2022-11-21,Indiana Pacers,Orlando Magic,123,102,401468404
2022-11-21,Chicago Bulls,Boston Celtics,121,107,401468405
2022-11-21,Milwaukee Bucks,Portland Trail Blazers,119,111,401468406
2022-11-21,Minnesota Timberwolves,Miami Heat,105,101,401468407
2022-11-21,New Orleans Pelicans,Golden State Warriors,128,83,401468408
2022-11-21,Oklahoma City Thunder,New York Knicks,119,129,401468409
2022-11-21,LA Clippers,Utah Jazz,121,114,401468410
2022-11-22,Philadelphia 76ers,Brooklyn Nets,115,106,401468411
2022-11-22,Memphis Grizzlies,Sacramento Kings,109,113,401468412
2022-11-22,Denver Nuggets,Detroit Pistons,108,110,401468413
2022-11-22,Phoenix Suns,Los Angeles Lakers,115,105,401468414
2022-11-23,Charlotte Hornets,Philadelphia 76ers,107,101,401468415
2022-11-23,Cleveland Cavaliers,Portland Trail Blazers,114,96,401468416
2022-11-23,Indiana Pacers,Minnesota Timberwolves,101,115,401468417
2022-11-23,Atlanta Hawks,Sacramento Kings,115,106,401468418
2022-11-23,Boston Celtics,Dallas Mavericks,125,112,401468419
2022-11-23,Miami Heat,Washington Wizards,113,105,401468420
2022-11-23,Toronto Raptors,Brooklyn Nets,98,112,401468421
2022-11-23,Milwaukee Bucks,Chicago Bulls,113,118,401468422
2022-11-23,Oklahoma City Thunder,Denver Nuggets,126,131,401468423
2022-11-23,San Antonio Spurs,New Orleans Pelicans,110,129,401468424
2022-11-23,Utah Jazz,Detroit Pistons,116,125,401468425
2022-11-23,Golden State Warriors,LA Clippers,124,107,401468426
2022-11-25,Charlotte Hornets,Minnesota Timberwolves,110,108,401468427
2022-11-25,Orlando Magic,Philadelphia 76ers,99,107,401468428
2022-11-25,New York Knicks,Portland Trail Blazers,129,132,401468429
2022-11-25,Boston Celtics,Sacramento Kings,122,104,401468430
2022-11-25,Indiana Pacers,Brooklyn Nets,128,117,401468431
2022-11-25,Miami Heat,Washington Wizards,110,107,401468432
2022-11-25,Houston Rockets,Atlanta Hawks,128,122,401468433
2022-11-25,Memphis Grizzlies,New Orleans Pelicans,132,111,401468434
2022-11-25,Milwaukee Bucks,Cleveland Cavaliers,117,102,401468435
2022-11-25,Oklahoma City Thunder,Chicago Bulls,123,119,401468436
2022-11-25,San Antonio Spurs,Los Angeles Lakers,94,105,401468437
2022-11-25,Phoenix Suns,Detroit Pistons,108,102,401468438
2022-11-25,Golden State Warriors,Utah Jazz,129,118,401468439
2022-11-25,LA Clippers,Denver Nuggets,104,114,401468440
2022-11-26,Toronto Raptors,Dallas Mavericks,105,100,401468441
2022-11-26,Houston Rockets,Oklahoma City Thunder,118,105,401468442
2022-11-26,San Antonio Spurs,Los Angeles Lakers,138,143,401468443
2022-11-26,Phoenix Suns,Utah Jazz,113,112,401468444
2022-11-27,Brooklyn Nets,Portland Trail Blazers,111,97,401468445
2022-11-27,Minnesota Timberwolves,Golden State Warriors,114,137,401468446
2022-11-27,LA Clippers,Indiana Pacers,114,100,401468447
2022-11-27,Atlanta Hawks,Miami Heat,98,106,401468448
2022-11-27,Boston Celtics,Washington Wizards,130,121,401468449
2022-11-27,Detroit Pistons,Cleveland Cavaliers,94,102,401468450
2022-11-27,New York Knicks,Memphis Grizzlies,123,127,401468451
2022-11-27,Orlando Magic,Philadelphia 76ers,103,133,401468452
2022-11-27,Milwaukee Bucks,Dallas Mavericks,124,115,401468453
2022-11-28,Philadelphia 76ers,Atlanta Hawks,104,101,401468454
2022-11-28,Washington Wizards,Minnesota Timberwolves,142,127,401468455
2022-11-28,Boston Celtics,Charlotte Hornets,140,105,401468456
2022-11-28,Brooklyn Nets,Orlando Magic,109,102,401468457
2022-11-28,Toronto Raptors,Cleveland Cavaliers,100,88,401468458
2022-11-28,New Orleans Pelicans,Oklahoma City Thunder,105,101,401468459
2022-11-28,Denver Nuggets,Houston Rockets,129,113,401468460
2022-11-28,Utah Jazz,Chicago Bulls,107,114,401468461
2022-11-28,Sacramento Kings,Phoenix Suns,117,122,401468462
2022-11-28,Los Angeles Lakers,Indiana Pacers,115,116,401468463
2022-11-29,Detroit Pistons,New York Knicks,110,140,401468464
2022-11-29,Dallas Mavericks,Golden State Warriors,116,113,401468465
2022-11-29,Portland Trail Blazers,LA Clippers,112,118,401468466
2022-11-30,Cleveland Cavaliers,Philadelphia 76ers,113,85,401468467
2022-11-30,Orlando Magic,Atlanta Hawks,108,125,401468468
2022-11-30,Boston Celtics,Miami Heat,134,121,401468469
2022-11-30,Brooklyn Nets,Washington Wizards,113,107,401468470
2022-11-30,New York Knicks,Milwaukee Bucks,103,109,401468471
2022-11-30,Minnesota Timberwolves,Memphis Grizzlies,109,101,401468472
2022-11-30,New Orleans Pelicans,Toronto Raptors,126,108,401468473
2022-11-30,Oklahoma City Thunder,San Antonio Spurs,119,111,401468474
2022-11-30,Denver Nuggets,Houston Rockets,120,100,401468475
2022-11-30,Phoenix Suns,Chicago Bulls,132,113,401468476
2022-11-30,Utah Jazz,LA Clippers,125,112,401468477
2022-11-30,Sacramento Kings,Indiana Pacers,137,114,401468478
2022-11-30,Los Angeles Lakers,Portland Trail Blazers,128,109,401468479
2022-12-01,Detroit Pistons,Dallas Mavericks,131,125,401468480
2022-12-02,Charlotte Hornets,Washington Wizards,117,116,401468481
2022-12-02,Atlanta Hawks,Denver Nuggets,117,109,401468482
2022-12-02,Boston Celtics,Miami Heat,116,120,401468483
2022-12-02,Brooklyn Nets,Toronto Raptors,114,105,401468484
2022-12-02,Cleveland Cavaliers,Orlando Magic,107,96,401468485
2022-12-02,Milwaukee Bucks,Los Angeles Lakers,129,133,401468486
2022-12-02,Memphis Grizzlies,Philadelphia 76ers,117,109,401468487
2022-12-02,San Antonio Spurs,New Orleans Pelicans,99,117,401468488
2022-12-02,Phoenix Suns,Houston Rockets,121,122,401468489
2022-12-02,Utah Jazz,Indiana Pacers,139,119,401468490
2022-12-02,Golden State Warriors,Chicago Bulls,119,111,401468491
2022-12-03,New York Knicks,Dallas Mavericks,100,121,401468492
2022-12-03,LA Clippers,Sacramento Kings,96,123,401468493
2022-12-03,Charlotte Hornets,Milwaukee Bucks,96,105,401468494
2022-12-03,Toronto Raptors,Orlando Magic,121,108,401468495
2022-12-03,Minnesota Timberwolves,Oklahoma City Thunder,128,135,401468496
2022-12-03,Golden State Warriors,Houston Rockets,120,101,401468497
2022-12-03,Utah Jazz,Portland Trail Blazers,111,116,401468498
2022-12-04,New Orleans Pelicans,Denver Nuggets,121,106,401468499
2022-12-04,San Antonio Spurs,Phoenix Suns,95,133,401468500
2022-12-04,Brooklyn Nets,Boston Celtics,92,103,401468501
2022-12-04,Detroit Pistons,Memphis Grizzlies,112,122,401468502
2022-12-04,New York Knicks,Cleveland Cavaliers,92,81,401468503
2022-12-04,Washington Wizards,Los Angeles Lakers,119,130,401468504
2022-12-04,Sacramento Kings,Chicago Bulls,110,101,401468505
2022-12-04,Portland Trail Blazers,Indiana Pacers,116,100,401468506
2022-12-05,Charlotte Hornets,LA Clippers,117,119,401468507
2022-12-05,Orlando Magic,Milwaukee Bucks,102,109,401468508
2022-12-05,Atlanta Hawks,Oklahoma City Thunder,114,121,401468509
2022-12-05,Toronto Raptors,Boston Celtics,110,116,401468510
2022-12-05,Houston Rockets,Philadelphia 76ers,132,123,401468511
2022-12-05,Memphis Grizzlies,Miami Heat,101,93,401468512
2022-12-05,Dallas Mavericks,Phoenix Suns,130,111,401468513
2022-12-05,Golden State Warriors,Indiana Pacers,104,112,401468514
2022-12-06,Cleveland Cavaliers,Los Angeles Lakers,116,102,401468515
2022-12-06,Miami Heat,Detroit Pistons,96,116,401468516
2022-12-06,Denver Nuggets,Dallas Mavericks,115,116,401468517
2022-12-07,Orlando Magic,LA Clippers,116,111,401468518
2022-12-07,Brooklyn Nets,Charlotte Hornets,122,116,401468519
2022-12-07,New York Knicks,Atlanta Hawks,113,89,401468520
2022-12-07,Toronto Raptors,Los Angeles Lakers,126,113,401468521
2022-12-07,Chicago Bulls,Washington Wizards,115,111,401468522
2022-12-07,Memphis Grizzlies,Oklahoma City Thunder,123,102,401468523
2022-12-07,Milwaukee Bucks,Sacramento Kings,126,113,401468524
2022-12-07,Minnesota Timberwolves,Indiana Pacers,121,115,401468525
2022-12-07,New Orleans Pelicans,Detroit Pistons,104,98,401468526
2022-12-07,Utah Jazz,Golden State Warriors,124,123,401468527
2022-12-07,Phoenix Suns,Boston Celtics,98,125,401468528
2022-12-08,Miami Heat,LA Clippers,115,110,401468529
2022-12-08,San Antonio Spurs,Houston Rockets,118,109,401468530
2022-12-08,Portland Trail Blazers,Denver Nuggets,120,121,401468531
2022-12-09,Charlotte Hornets,New York Knicks,102,121,401468532
2022-12-09,Indiana Pacers,Washington Wizards,121,111,401468533
2022-12-09,Orlando Magic,Toronto Raptors,113,109,401468534
2022-12-09,Brooklyn Nets,Atlanta Hawks,120,116,401468535
2022-12-09,Cleveland Cavaliers,Sacramento Kings,95,106,401468536
2022-12-09,Philadelphia 76ers,Los Angeles Lakers,133,122,401468537
2022-12-09,Memphis Grizzlies,Detroit Pistons,114,103,401468538
2022-12-09,New Orleans Pelicans,Phoenix Suns,128,117,401468539
2022-12-09,Utah Jazz,Minnesota Timberwolves,108,118,401468540
2022-12-09,Dallas Mavericks,Milwaukee Bucks,105,106,401468541
2022-12-10,Miami Heat,San Antonio Spurs,111,115,401468542
2022-12-10,Indiana Pacers,Brooklyn Nets,133,136,401468543
2022-12-10,Washington Wizards,LA Clippers,107,114,401468544
2022-12-10,Cleveland Cavaliers,Oklahoma City Thunder,110,102,401468545
2022-12-10,Chicago Bulls,Dallas Mavericks,144,115,401468546
2022-12-10,Golden State Warriors,Boston Celtics,123,107,401468547
2022-12-10,Denver Nuggets,Utah Jazz,115,110,401468548
2022-12-10,Portland Trail Blazers,Minnesota Timberwolves,124,118,401468549
2022-12-11,New Orleans Pelicans,Phoenix Suns,129,124,401468550
2022-12-11,Detroit Pistons,Los Angeles Lakers,117,124,401468551
2022-12-11,New York Knicks,Sacramento Kings,112,99,401468552
2022-12-11,Orlando Magic,Toronto Raptors,111,99,401468553
2022-12-11,Philadelphia 76ers,Charlotte Hornets,131,113,401468554
2022-12-11,Atlanta Hawks,Chicago Bulls,123,122,401468555
2022-12-11,Houston Rockets,Milwaukee Bucks,97,92,401468556
2022-12-12,Indiana Pacers,Miami Heat,82,87,401468557
2022-12-12,Washington Wizards,Brooklyn Nets,100,112,401468558
2022-12-12,Memphis Grizzlies,Atlanta Hawks,128,103,401468559
2022-12-12,Dallas Mavericks,Oklahoma City Thunder,121,114,401468560
2022-12-12,San Antonio Spurs,Cleveland Cavaliers,112,111,401468561
2022-12-12,Portland Trail Blazers,Minnesota Timberwolves,133,112,401468562
2022-12-12,LA Clippers,Boston Celtics,113,93,401468563
2022-12-13,Philadelphia 76ers,Sacramento Kings,123,103,401468564
2022-12-13,Milwaukee Bucks,Golden State Warriors,128,111,401468565
2022-12-13,Houston Rockets,Phoenix Suns,111,97,401468566
2022-12-13,Utah Jazz,New Orleans Pelicans,121,100,401468567
2022-12-13,Los Angeles Lakers,Boston Celtics,118,122,401468568
2022-12-14,Charlotte Hornets,Detroit Pistons,134,141,401468569
2022-12-14,Indiana Pacers,Golden State Warriors,125,119,401468570
2022-12-14,Orlando Magic,Atlanta Hawks,135,124,401468571
2022-12-14,Toronto Raptors,Sacramento Kings,123,124,401468572
2022-12-14,Chicago Bulls,New York Knicks,120,128,401468573
2022-12-14,Oklahoma City Thunder,Miami Heat,108,110,401468574
2022-12-14,San Antonio Spurs,Portland Trail Blazers,112,128,401468575
2022-12-14,Dallas Mavericks,Cleveland Cavaliers,90,105,401468576
2022-12-14,Denver Nuggets,Washington Wizards,141,128,401468577
2022-12-14,LA Clippers,Minnesota Timberwolves,99,88,401468578
2022-12-15,Houston Rockets,Miami Heat,108,111,401468579
2022-12-15,Memphis Grizzlies,Milwaukee Bucks,142,101,401468580
2022-12-15,Utah Jazz,New Orleans Pelicans,132,129,401468581
2022-12-15,LA Clippers,Phoenix Suns,95,111,401468582
2022-12-16,Charlotte Hornets,Atlanta Hawks,106,125,401468583
2022-12-16,Detroit Pistons,Sacramento Kings,113,122,401468584
2022-12-16,Boston Celtics,Orlando Magic,109,117,401468585
2022-12-16,Cleveland Cavaliers,Indiana Pacers,118,112,401468586
2022-12-16,Philadelphia 76ers,Golden State Warriors,118,106,401468587
2022-12-16,Toronto Raptors,Brooklyn Nets,116,119,401468588
2022-12-16,Chicago Bulls,New York Knicks,91,114,401468589
2022-12-16,Oklahoma City Thunder,Minnesota Timberwolves,110,112,401468590
2022-12-16,Dallas Mavericks,Portland Trail Blazers,130,110,401468591
2022-12-16,Los Angeles Lakers,Denver Nuggets,126,108,401468592
2022-12-17,LA Clippers,Washington Wizards,102,93,401468593
2022-12-17,San Antonio Spurs,Miami Heat,101,111,401468594
2022-12-17,Cleveland Cavaliers,Dallas Mavericks,100,99,401468595
2022-12-17,Houston Rockets,Portland Trail Blazers,95,107,401468596
2022-12-17,Milwaukee Bucks,Utah Jazz,123,97,401468597
2022-12-17,Oklahoma City Thunder,Memphis Grizzlies,115,109,401468598
2022-12-17,Phoenix Suns,New Orleans Pelicans,118,114,401468599
2022-12-18,Boston Celtics,Orlando Magic,92,95,401468600
2022-12-18,Indiana Pacers,New York Knicks,106,109,401468601
2022-12-18,Detroit Pistons,Brooklyn Nets,121,124,401468602
2022-12-18,Toronto Raptors,Golden State Warriors,110,126,401468603
2022-12-18,Minnesota Timberwolves,Chicago Bulls,150,126,401468604
2022-12-18,Denver Nuggets,Charlotte Hornets,119,115,401468605
2022-12-18,Los Angeles Lakers,Washington Wizards,119,117,401468606
2022-12-19,Cleveland Cavaliers,Utah Jazz,122,99,401468607
2022-12-19,Philadelphia 76ers,Toronto Raptors,104,101,401468608
2022-12-19,Atlanta Hawks,Orlando Magic,126,125,401468609
2022-12-19,Houston Rockets,San Antonio Spurs,105,124,401468610
2022-12-19,Minnesota Timberwolves,Dallas Mavericks,116,106,401468611
2022-12-19,New Orleans Pelicans,Milwaukee Bucks,119,128,401468612
2022-12-19,Oklahoma City Thunder,Portland Trail Blazers,123,121,401468613
2022-12-19,Phoenix Suns,Los Angeles Lakers,130,104,401468614
2022-12-19,Sacramento Kings,Charlotte Hornets,119,125,401468615
2022-12-20,Detroit Pistons,Utah Jazz,111,126,401468616
2022-12-20,Miami Heat,Chicago Bulls,103,113,401468617
2022-12-20,New York Knicks,Golden State Warriors,132,94,401468618
2022-12-20,Phoenix Suns,Washington Wizards,110,113,401468619
2022-12-20,Denver Nuggets,Memphis Grizzlies,105,91,401468620
2022-12-21,Cleveland Cavaliers,Milwaukee Bucks,114,106,401468621
2022-12-21,Philadelphia 76ers,Detroit Pistons,113,93,401468622
2022-12-21,Atlanta Hawks,Chicago Bulls,108,110,401468623
2022-12-21,Boston Celtics,Indiana Pacers,112,117,401468624
2022-12-21,Brooklyn Nets,Golden State Warriors,143,113,401468625
2022-12-21,New York Knicks,Toronto Raptors,106,113,401468626
2022-12-21,Houston Rockets,Orlando Magic,110,116,401468627
2022-12-21,Minnesota Timberwolves,Dallas Mavericks,99,104,401468628
2022-12-21,Oklahoma City Thunder,Portland Trail Blazers,101,98,401468629
2022-12-21,Sacramento Kings,Los Angeles Lakers,134,120,401468630
2022-12-21,LA Clippers,Charlotte Hornets,126,105,401468631
2022-12-22,New Orleans Pelicans,San Antonio Spurs,126,117,401468632
2022-12-22,Utah Jazz,Washington Wizards,120,112,401468633
2022-12-23,Orlando Magic,San Antonio Spurs,133,113,401468634
2022-12-23,Philadelphia 76ers,LA Clippers,119,114,401468635
2022-12-23,Atlanta Hawks,Detroit Pistons,130,105,401468636
2022-12-23,Boston Celtics,Minnesota Timberwolves,121,109,401468637
2022-12-23,Brooklyn Nets,Milwaukee Bucks,118,100,401468638
2022-12-23,Cleveland Cavaliers,Toronto Raptors,107,118,401468639
2022-12-23,New York Knicks,Chicago Bulls,117,118,401468640
2022-12-23,Miami Heat,Indiana Pacers,108,111,401468641
2022-12-23,Houston Rockets,Dallas Mavericks,106,112,401468642
2022-12-23,Oklahoma City Thunder,New Orleans Pelicans,125,128,401468643
2022-12-23,Denver Nuggets,Portland Trail Blazers,120,107,401468644
2022-12-23,Phoenix Suns,Memphis Grizzlies,100,125,401468645
2022-12-23,Sacramento Kings,Washington Wizards,111,125,401468646
2022-12-23,Los Angeles Lakers,Charlotte Hornets,130,134,401468647
2022-12-25,New York Knicks,Philadelphia 76ers,112,119,401468648
2022-12-25,Dallas Mavericks,Los Angeles Lakers,124,115,401468649
2022-12-25,Boston Celtics,Milwaukee Bucks,139,118,401468650
2022-12-25,Golden State Warriors,Memphis Grizzlies,123,109,401468651
2022-12-25,Denver Nuggets,Phoenix Suns,128,125,401468652
2022-12-26,Cleveland Cavaliers,Brooklyn Nets,117,125,401468653
2022-12-26,Detroit Pistons,LA Clippers,131,142,401468654
2022-12-26,Miami Heat,Minnesota Timberwolves,113,110,401468655
2022-12-26,Chicago Bulls,Houston Rockets,118,133,401468656
2022-12-26,New Orleans Pelicans,Indiana Pacers,113,93,401468657
2022-12-26,San Antonio Spurs,Utah Jazz,126,122,401468658
2022-12-26,Portland Trail Blazers,Charlotte Hornets,124,113,401468659
2022-12-27,Orlando Magic,Los Angeles Lakers,110,129,401468660
2022-12-27,Washington Wizards,Philadelphia 76ers,116,111,401468661
2022-12-27,Boston Celtics,Houston Rockets,126,102,401468662
2022-12-27,Indiana Pacers,Atlanta Hawks,129,114,401468663
2022-12-27,Toronto Raptors,LA Clippers,113,124,401468664
2022-12-27,Memphis Grizzlies,Phoenix Suns,108,125,401468665
2022-12-27,Oklahoma City Thunder,San Antonio Spurs,130,114,401468666
2022-12-27,Dallas Mavericks,New York Knicks,126,121,401468667
2022-12-27,Golden State Warriors,Charlotte Hornets,110,105,401468668
2022-12-27,Sacramento Kings,Denver Nuggets,106,113,401468669
2022-12-28,Detroit Pistons,Orlando Magic,121,101,401468670
2022-12-28,Washington Wizards,Phoenix Suns,127,102,401468671
2022-12-28,Atlanta Hawks,Brooklyn Nets,107,108,401468672
2022-12-28,Miami Heat,Los Angeles Lakers,112,98,401468673
2022-12-28,Chicago Bulls,Milwaukee Bucks,119,113,401468674
2022-12-28,New Orleans Pelicans,Minnesota Timberwolves,119,118,401468675
2022-12-28,Golden State Warriors,Utah Jazz,112,107,401468676
2022-12-28,Sacramento Kings,Denver Nuggets,127,126,401468677
2022-12-29,Charlotte Hornets,Oklahoma City Thunder,121,113,401468678
2022-12-29,Indiana Pacers,Cleveland Cavaliers,135,126,401468679
2022-12-29,Boston Celtics,LA Clippers,116,110,401468680
2022-12-29,Toronto Raptors,Memphis Grizzlies,106,119,401468681
2022-12-29,San Antonio Spurs,New York Knicks,122,115,401468682
2022-12-29,Dallas Mavericks,Houston Rockets,129,114,401468683
2022-12-30,Orlando Magic,Washington Wizards,100,119,401468684
2022-12-30,Atlanta Hawks,Los Angeles Lakers,121,130,401468685
2022-12-30,Toronto Raptors,Phoenix Suns,113,104,401468686
2022-12-30,Chicago Bulls,Detroit Pistons,132,118,401468687
2022-12-30,Milwaukee Bucks,Minnesota Timberwolves,123,114,401468688
2022-12-30,New Orleans Pelicans,Philadelphia 76ers,127,116,401468689
2022-12-30,Denver Nuggets,Miami Heat,124,119,401468690
2022-12-30,Golden State Warriors,Portland Trail Blazers,118,112,401468691
2022-12-30,Sacramento Kings,Utah Jazz,126,125,401468692
2022-12-31,Indiana Pacers,LA Clippers,131,130,401468693
2022-12-31,Charlotte Hornets,Brooklyn Nets,106,123,401468694
2022-12-31,Chicago Bulls,Cleveland Cavaliers,102,103,401468695
2022-12-31,Houston Rockets,New York Knicks,88,108,401468696
2022-12-31,San Antonio Spurs,Dallas Mavericks,125,126,401468697
2022-12-31,Memphis Grizzlies,New Orleans Pelicans,116,101,401468698
2022-12-31,Minnesota Timberwolves,Detroit Pistons,104,116,401468699
2022-12-31,Oklahoma City Thunder,Philadelphia 76ers,96,115,401468700
2022-12-31,Utah Jazz,Miami Heat,123,126,401468701
2023-01-01,Memphis Grizzlies,Sacramento Kings,118,108,401468702
2023-01-01,Milwaukee Bucks,Washington Wizards,95,118,401468703
2023-01-01,Denver Nuggets,Boston Celtics,123,111,401468704
2023-01-02,New York Knicks,Phoenix Suns,102,83,401468705
2023-01-02,Charlotte Hornets,Los Angeles Lakers,115,121,401468706
2023-01-02,Cleveland Cavaliers,Chicago Bulls,145,134,401468707
2023-01-02,Indiana Pacers,Toronto Raptors,122,114,401468708
2023-01-02,Philadelphia 76ers,New Orleans Pelicans,120,111,401468709
2023-01-02,Brooklyn Nets,San Antonio Spurs,139,103,401468710
2023-01-02,Houston Rockets,Dallas Mavericks,106,111,401468711
2023-01-02,Minnesota Timberwolves,Denver Nuggets,124,111,401468712
2023-01-02,Golden State Warriors,Atlanta Hawks,143,141,401468713
2023-01-02,Portland Trail Blazers,Detroit Pistons,135,106,401468714
2023-01-02,LA Clippers,Miami Heat,100,110,401468715
2023-01-03,Milwaukee Bucks,Washington Wizards,123,113,401468716
2023-01-03,Oklahoma City Thunder,Boston Celtics,150,117,401468717
2023-01-03,Utah Jazz,Sacramento Kings,115,117,401468718
2023-01-04,Charlotte Hornets,Memphis Grizzlies,107,131,401468719
2023-01-04,Cleveland Cavaliers,Phoenix Suns,90,88,401468720
2023-01-04,Orlando Magic,Oklahoma City Thunder,126,115,401468721
2023-01-04,Philadelphia 76ers,Indiana Pacers,129,126,401468722
2023-01-04,New York Knicks,San Antonio Spurs,117,114,401468723
2023-01-04,Toronto Raptors,Milwaukee Bucks,101,104,401468724
2023-01-04,Chicago Bulls,Brooklyn Nets,121,112,401468725
2023-01-04,Minnesota Timberwolves,Portland Trail Blazers,113,106,401468726
2023-01-04,New Orleans Pelicans,Houston Rockets,119,108,401468727
2023-01-04,Golden State Warriors,Detroit Pistons,119,122,401468728
2023-01-04,Los Angeles Lakers,Miami Heat,112,109,401468729
2023-01-04,Sacramento Kings,Atlanta Hawks,117,120,401468730
2023-01-05,Orlando Magic,Memphis Grizzlies,115,123,401468731
2023-01-05,Dallas Mavericks,Boston Celtics,95,124,401468732
2023-01-05,Houston Rockets,Utah Jazz,114,131,401468733
2023-01-05,Denver Nuggets,LA Clippers,122,91,401468734
2023-01-06,Indiana Pacers,Portland Trail Blazers,108,99,401468735
2023-01-06,Philadelphia 76ers,Chicago Bulls,112,126,401468736
2023-01-06,Toronto Raptors,New York Knicks,108,112,401468737
2023-01-06,Milwaukee Bucks,Charlotte Hornets,109,138,401468738
2023-01-06,Oklahoma City Thunder,Washington Wizards,127,110,401468739
2023-01-06,San Antonio Spurs,Detroit Pistons,121,109,401468740
2023-01-06,New Orleans Pelicans,Brooklyn Nets,102,108,401468741
2023-01-06,Minnesota Timberwolves,LA Clippers,128,115,401468742
2023-01-06,Denver Nuggets,Cleveland Cavaliers,121,108,401468743
2023-01-06,Phoenix Suns,Miami Heat,96,104,401468744
2023-01-06,Los Angeles Lakers,Atlanta Hawks,130,114,401468745
2023-01-07,San Antonio Spurs,Boston Celtics,116,121,401468746
2023-01-07,Chicago Bulls,Utah Jazz,126,118,401468747
2023-01-07,Dallas Mavericks,New Orleans Pelicans,127,117,401468748
2023-01-07,Golden State Warriors,Orlando Magic,101,115,401468749
2023-01-07,Sacramento Kings,Los Angeles Lakers,134,136,401468750
2023-01-08,Detroit Pistons,Philadelphia 76ers,111,123,401468751
2023-01-08,Toronto Raptors,Portland Trail Blazers,117,105,401468752
2023-01-08,Indiana Pacers,Charlotte Hornets,116,111,401468753
2023-01-08,Miami Heat,Brooklyn Nets,101,102,401468754
2023-01-08,Memphis Grizzlies,Utah Jazz,123,118,401468755
2023-01-08,Houston Rockets,Minnesota Timberwolves,96,104,401468756
2023-01-08,Oklahoma City Thunder,Dallas Mavericks,120,109,401468757
2023-01-08,Phoenix Suns,Cleveland Cavaliers,98,112,401468758
2023-01-08,LA Clippers,Atlanta Hawks,108,112,401468759
2023-01-09,Washington Wizards,New Orleans Pelicans,112,132,401468760
2023-01-09,Boston Celtics,Chicago Bulls,107,99,401468761
2023-01-09,New York Knicks,Milwaukee Bucks,107,111,401468762
2023-01-09,Memphis Grizzlies,San Antonio Spurs,121,113,401468763
2023-01-09,Denver Nuggets,Los Angeles Lakers,122,109,401468764
2023-01-09,Sacramento Kings,Orlando Magic,136,111,401468765
2023-01-10,Miami Heat,Oklahoma City Thunder,112,111,401468766
2023-01-10,Philadelphia 76ers,Detroit Pistons,147,116,401468767
2023-01-10,Toronto Raptors,Charlotte Hornets,132,120,401468768
2023-01-10,Utah Jazz,Cleveland Cavaliers,116,114,401468769
2023-01-10,Golden State Warriors,Phoenix Suns,113,125,401468770
2023-01-10,Portland Trail Blazers,Orlando Magic,106,109,401468771
2023-01-10,LA Clippers,Dallas Mavericks,113,101,401468772
2023-01-11,Detroit Pistons,Minnesota Timberwolves,135,118,401468773
2023-01-11,Washington Wizards,Chicago Bulls,100,97,401468774
2023-01-11,Atlanta Hawks,Milwaukee Bucks,105,114,401468775
2023-01-11,Boston Celtics,New Orleans Pelicans,125,114,401468776
2023-01-11,New York Knicks,Indiana Pacers,119,113,401468777
2023-01-11,Memphis Grizzlies,San Antonio Spurs,135,129,401468778
2023-01-11,Denver Nuggets,Phoenix Suns,126,97,401468779
2023-01-11,Sacramento Kings,Houston Rockets,135,115,401468780
2023-01-12,Philadelphia 76ers,Oklahoma City Thunder,114,133,401468781
2023-01-12,Brooklyn Nets,Boston Celtics,98,109,401468782
2023-01-12,Miami Heat,Milwaukee Bucks,108,102,401468783
2023-01-12,Toronto Raptors,Charlotte Hornets,124,114,401468784
2023-01-12,Los Angeles Lakers,Dallas Mavericks,115,119,401468785
2023-01-12,Portland Trail Blazers,Cleveland Cavaliers,113,119,401468786
2023-01-13,Detroit Pistons,New Orleans Pelicans,110,116,401468787
2023-01-13,Indiana Pacers,Atlanta Hawks,111,113,401468788
2023-01-13,Washington Wizards,New York Knicks,108,112,401468789
2023-01-13,San Antonio Spurs,Golden State Warriors,113,144,401468790
2023-01-13,Chicago Bulls,Oklahoma City Thunder,110,124,401468791
2023-01-13,Minnesota Timberwolves,Phoenix Suns,121,116,401468792
2023-01-13,Utah Jazz,Orlando Magic,112,108,401468793
2023-01-13,LA Clippers,Denver Nuggets,103,115,401468794
2023-01-13,Sacramento Kings,Houston Rockets,139,114,401468795
2023-01-14,Miami Heat,Milwaukee Bucks,111,95,401468796
2023-01-14,Charlotte Hornets,Boston Celtics,106,122,401468797
2023-01-14,Indiana Pacers,Memphis Grizzlies,112,130,401468798
2023-01-14,Toronto Raptors,Atlanta Hawks,103,114,401468799
2023-01-14,Minnesota Timberwolves,Cleveland Cavaliers,110,102,401468800
2023-01-14,Utah Jazz,Philadelphia 76ers,117,118,401468801
2023-01-14,Portland Trail Blazers,Dallas Mavericks,136,119,401468802
2023-01-15,Detroit Pistons,New York Knicks,104,117,401468803
2023-01-15,LA Clippers,Houston Rockets,121,100,401468804
2023-01-15,Chicago Bulls,Golden State Warriors,132,118,401468805
2023-01-15,Brooklyn Nets,Oklahoma City Thunder,102,112,401468806
2023-01-15,San Antonio Spurs,Sacramento Kings,119,132,401468807
2023-01-15,Denver Nuggets,Orlando Magic,119,116,401468808
2023-01-15,Portland Trail Blazers,Dallas Mavericks,140,123,401468809
2023-01-15,Los Angeles Lakers,Philadelphia 76ers,112,113,401468810
2023-01-16,Charlotte Hornets,Boston Celtics,118,130,401468811
2023-01-16,Milwaukee Bucks,Indiana Pacers,132,119,401468812
2023-01-16,Cleveland Cavaliers,New Orleans Pelicans,113,103,401468813
2023-01-16,New York Knicks,Toronto Raptors,121,123,401468814
2023-01-16,Washington Wizards,Golden State Warriors,118,127,401468815
2023-01-16,Atlanta Hawks,Miami Heat,121,113,401468816
2023-01-16,Minnesota Timberwolves,Utah Jazz,125,126,401468817
2023-01-16,Memphis Grizzlies,Phoenix Suns,136,106,401468818
2023-01-16,Los Angeles Lakers,Houston Rockets,140,132,401468819
2023-01-17,Milwaukee Bucks,Toronto Raptors,130,122,401468820
2023-01-17,San Antonio Spurs,Brooklyn Nets,106,98,401468821
2023-01-17,Denver Nuggets,Portland Trail Blazers,122,113,401468822
2023-01-17,LA Clippers,Philadelphia 76ers,110,120,401468823
2023-01-18,New York Knicks,Washington Wizards,105,116,401468824
2023-01-18,Dallas Mavericks,Atlanta Hawks,122,130,401468825
2023-01-18,Houston Rockets,Charlotte Hornets,117,122,401468826
2023-01-18,Memphis Grizzlies,Cleveland Cavaliers,115,114,401468827
2023-01-18,New Orleans Pelicans,Miami Heat,98,124,401468828
2023-01-18,Oklahoma City Thunder,Indiana Pacers,126,106,401468829
2023-01-18,Utah Jazz,LA Clippers,126,103,401468830
2023-01-18,Denver Nuggets,Minnesota Timberwolves,122,118,401468831
2023-01-18,Los Angeles Lakers,Sacramento Kings,111,116,401468832
2023-01-19,Detroit Pistons,Chicago Bulls,108,126,401468833
2023-01-19,Boston Celtics,Golden State Warriors,121,118,401468834
2023-01-19,Minnesota Timberwolves,Toronto Raptors,128,126,401468835
2023-01-19,Phoenix Suns,Brooklyn Nets,117,112,401468836
2023-01-19,Portland Trail Blazers,Philadelphia 76ers,95,105,401468837
2023-01-20,Orlando Magic,New Orleans Pelicans,123,110,401468838
2023-01-20,Atlanta Hawks,New York Knicks,139,124,401468839
2023-01-20,Cleveland Cavaliers,Golden State Warriors,114,120,401468840
2023-01-20,Dallas Mavericks,Miami Heat,115,90,401468841
2023-01-20,San Antonio Spurs,LA Clippers,126,131,401468842
2023-01-20,Denver Nuggets,Indiana Pacers,134,111,401468843
2023-01-20,Utah Jazz,Brooklyn Nets,106,117,401468844
2023-01-20,Los Angeles Lakers,Memphis Grizzlies,122,121,401468845
2023-01-20,Sacramento Kings,Oklahoma City Thunder,118,113,401468846
2023-01-21,Toronto Raptors,Boston Celtics,104,106,401468847
2023-01-21,Washington Wizards,Orlando Magic,138,118,401468848
2023-01-21,Atlanta Hawks,Charlotte Hornets,118,122,401468849
2023-01-21,Cleveland Cavaliers,Milwaukee Bucks,114,102,401468850
2023-01-21,Minnesota Timberwolves,Houston Rockets,113,104,401468851
2023-01-21,Phoenix Suns,Indiana Pacers,112,107,401468852
2023-01-21,Sacramento Kings,Philadelphia 76ers,127,129,401468853
2023-01-22,Miami Heat,New Orleans Pelicans,100,96,401468854
2023-01-22,Toronto Raptors,New York Knicks,125,116,401468855
2023-01-22,Dallas Mavericks,LA Clippers,98,112,401468856
2023-01-22,Denver Nuggets,Oklahoma City Thunder,99,101,401468857
2023-01-22,Phoenix Suns,Memphis Grizzlies,112,110,401468858
2023-01-22,Golden State Warriors,Brooklyn Nets,116,120,401468859
2023-01-22,Portland Trail Blazers,Los Angeles Lakers,112,121,401468860
2023-01-23,Detroit Pistons,Milwaukee Bucks,130,150,401468861
2023-01-23,Orlando Magic,Boston Celtics,113,98,401468862
2023-01-23,Chicago Bulls,Atlanta Hawks,111,100,401468863
2023-01-23,Houston Rockets,Minnesota Timberwolves,119,114,401468864
2023-01-23,Utah Jazz,Charlotte Hornets,120,102,401468865
2023-01-23,Portland Trail Blazers,San Antonio Spurs,147,127,401468866
2023-01-23,Sacramento Kings,Memphis Grizzlies,133,100,401468867
2023-01-24,Indiana Pacers,Chicago Bulls,116,110,401468868
2023-01-24,Miami Heat,Boston Celtics,98,95,401468869
2023-01-24,New York Knicks,Cleveland Cavaliers,105,103,401468870
2023-01-24,New Orleans Pelicans,Denver Nuggets,98,99,401468871
2023-01-24,Dallas Mavericks,Washington Wizards,126,127,401468872
2023-01-24,Phoenix Suns,Charlotte Hornets,128,97,401468873
2023-01-24,Los Angeles Lakers,LA Clippers,115,133,401468874
2023-01-25,Orlando Magic,Indiana Pacers,126,120,401468875
2023-01-25,Philadelphia 76ers,Brooklyn Nets,137,133,401468876
2023-01-25,Houston Rockets,Washington Wizards,103,108,401468877
2023-01-25,Milwaukee Bucks,Denver Nuggets,107,99,401468878
2023-01-25,New Orleans Pelicans,Minnesota Timberwolves,102,111,401468879
2023-01-25,Oklahoma City Thunder,Atlanta Hawks,132,137,401468880
2023-01-25,Golden State Warriors,Memphis Grizzlies,122,120,401468881
2023-01-25,Portland Trail Blazers,Utah Jazz,134,124,401468882
2023-01-25,Sacramento Kings,Toronto Raptors,95,113,401468883
2023-01-25,Los Angeles Lakers,San Antonio Spurs,113,104,401468884
2023-01-26,Boston Celtics,New York Knicks,117,120,401468885
2023-01-26,Brooklyn Nets,Detroit Pistons,122,130,401468886
2023-01-26,Charlotte Hornets,Chicago Bulls,111,96,401468887
2023-01-26,Houston Rockets,Cleveland Cavaliers,95,113,401468888
2023-01-26,Phoenix Suns,Dallas Mavericks,95,99,401468889
2023-01-26,LA Clippers,San Antonio Spurs,138,100,401468890
2023-01-27,Indiana Pacers,Milwaukee Bucks,131,141,401468891
2023-01-27,Minnesota Timberwolves,Memphis Grizzlies,111,100,401468892
2023-01-27,Miami Heat,Orlando Magic,110,105,401468893
2023-01-27,Oklahoma City Thunder,Cleveland Cavaliers,112,100,401468894
2023-01-27,Golden State Warriors,Toronto Raptors,129,117,401468895
2023-01-28,Philadelphia 76ers,Denver Nuggets,126,119,401468896
2023-01-28,Brooklyn Nets,New York Knicks,122,115,401468897
2023-01-28,Detroit Pistons,Houston Rockets,114,117,401468898
2023-01-28,Orlando Magic,Chicago Bulls,109,128,401468899
2023-01-28,Atlanta Hawks,LA Clippers,113,120,401468900
2023-01-28,Minnesota Timberwolves,Sacramento Kings,117,110,401468901
2023-01-28,New Orleans Pelicans,Washington Wizards,103,113,401468902
2023-01-28,San Antonio Spurs,Phoenix Suns,118,128,401468903
2023-01-28,Boston Celtics,Los Angeles Lakers,125,121,401468904
2023-01-28,Utah Jazz,Dallas Mavericks,108,100,401468905
2023-01-28,Portland Trail Blazers,Toronto Raptors,105,123,401468906
2023-01-29,Charlotte Hornets,Miami Heat,122,117,401468907
2023-01-29,Memphis Grizzlies,Indiana Pacers,112,100,401468908
2023-01-29,Cleveland Cavaliers,LA Clippers,122,99,401468909
2023-01-29,Milwaukee Bucks,New Orleans Pelicans,135,110,401468910
2023-01-30,Philadelphia 76ers,Orlando Magic,109,119,401468911
2023-01-30,Brooklyn Nets,Los Angeles Lakers,121,104,401468912
2023-01-30,Minnesota Timberwolves,Sacramento Kings,111,118,401468913
2023-01-30,Oklahoma City Thunder,Golden State Warriors,120,128,401468914
2023-01-30,San Antonio Spurs,Washington Wizards,106,127,401468915
2023-01-30,Dallas Mavericks,Detroit Pistons,111,105,401468916
2023-01-30,Phoenix Suns,Toronto Raptors,114,106,401468917
2023-01-30,Portland Trail Blazers,Atlanta Hawks,129,125,401468918
2023-01-31,Cleveland Cavaliers,Miami Heat,97,100,401468919
2023-01-31,New York Knicks,Los Angeles Lakers,123,129,401468920
2023-01-31,Chicago Bulls,LA Clippers,103,108,401468921
2023-01-31,Milwaukee Bucks,Charlotte Hornets,124,115,401468922
2023-01-31,Denver Nuggets,New Orleans Pelicans,122,113,401468923
2023-02-01,Philadelphia 76ers,Orlando Magic,105,94,401468925
2023-02-01,Memphis Grizzlies,Portland Trail Blazers,112,122,401468926
2023-02-01,Boston Celtics,Brooklyn Nets,139,96,401468927
2023-02-01,Houston Rockets,Oklahoma City Thunder,112,106,401468928
2023-02-01,Minnesota Timberwolves,Golden State Warriors,119,114,401468929
2023-02-01,San Antonio Spurs,Sacramento Kings,109,119,401468930
2023-02-01,Utah Jazz,Toronto Raptors,131,128,401468931
2023-02-01,Phoenix Suns,Atlanta Hawks,100,132,401468932
2023-02-02,Indiana Pacers,Los Angeles Lakers,111,112,401468933
2023-02-02,Cleveland Cavaliers,Memphis Grizzlies,128,113,401468934
2023-02-02,New York Knicks,Miami Heat,106,104,401468935
2023-02-02,Chicago Bulls,Charlotte Hornets,114,98,401468936
2023-02-02,Dallas Mavericks,New Orleans Pelicans,111,106,401468937
2023-02-02,Denver Nuggets,Golden State Warriors,134,117,401468938
2023-02-02,Milwaukee Bucks,LA Clippers,106,105,401468939
2023-02-03,Detroit Pistons,Charlotte Hornets,118,112,401468940
2023-02-03,Indiana Pacers,Sacramento Kings,107,104,401468941
2023-02-03,Washington Wizards,Portland Trail Blazers,116,124,401468942
2023-02-03,Boston Celtics,Phoenix Suns,94,106,401468943
2023-02-03,Houston Rockets,Toronto Raptors,111,117,401468944
2023-02-03,Minnesota Timberwolves,Orlando Magic,120,127,401468945
2023-02-03,San Antonio Spurs,Philadelphia 76ers,125,137,401468946
2023-02-03,Utah Jazz,Atlanta Hawks,108,115,401468947
2023-02-04,Brooklyn Nets,Washington Wizards,125,123,401468948
2023-02-04,Detroit Pistons,Phoenix Suns,100,116,401468949
2023-02-04,New York Knicks,LA Clippers,128,134,401468950
2023-02-04,Chicago Bulls,Portland Trail Blazers,129,121,401468951
2023-02-04,Milwaukee Bucks,Miami Heat,123,115,401468952
2023-02-04,New Orleans Pelicans,Los Angeles Lakers,131,126,401468953
2023-02-04,Oklahoma City Thunder,Houston Rockets,153,121,401468954
2023-02-04,Golden State Warriors,Dallas Mavericks,119,113,401468955
2023-02-04,Denver Nuggets,Atlanta Hawks,128,108,401468956
2023-02-05,Charlotte Hornets,Orlando Magic,113,119,401468957
2023-02-05,Indiana Pacers,Cleveland Cavaliers,103,122,401468958
2023-02-05,New York Knicks,Philadelphia 76ers,108,97,401468959
2023-02-05,Memphis Grizzlies,Toronto Raptors,103,106,401468960
2023-02-05,Minnesota Timberwolves,Denver Nuggets,128,98,401468961
2023-02-05,New Orleans Pelicans,Sacramento Kings,136,104,401468962
2023-02-06,Detroit Pistons,Boston Celtics,99,111,401468963
2023-02-06,Washington Wizards,Cleveland Cavaliers,91,114,401468964
2023-02-06,Brooklyn Nets,LA Clippers,116,124,401468965
2023-02-06,Chicago Bulls,San Antonio Spurs,128,104,401468966
2023-02-06,Houston Rockets,Sacramento Kings,120,140,401468967
2023-02-06,Utah Jazz,Dallas Mavericks,111,124,401468968
2023-02-06,Golden State Warriors,Oklahoma City Thunder,141,114,401468969
2023-02-06,Portland Trail Blazers,Milwaukee Bucks,108,127,401468970
2023-02-07,Orlando Magic,New York Knicks,98,102,401468971
2023-02-07,Brooklyn Nets,Phoenix Suns,112,116,401468972
2023-02-07,New Orleans Pelicans,Atlanta Hawks,116,107,401468973
2023-02-07,Memphis Grizzlies,Chicago Bulls,104,89,401468974
2023-02-07,Denver Nuggets,Minnesota Timberwolves,146,112,401468975
2023-02-07,Los Angeles Lakers,Oklahoma City Thunder,130,133,401468976
2023-02-08,Cleveland Cavaliers,Detroit Pistons,113,85,401468977
2023-02-08,Washington Wizards,Charlotte Hornets,118,104,401468978
2023-02-08,Boston Celtics,Philadelphia 76ers,106,99,401468979
2023-02-08,Miami Heat,Indiana Pacers,116,111,401468980
2023-02-08,Toronto Raptors,San Antonio Spurs,112,98,401468981
2023-02-08,Houston Rockets,Sacramento Kings,128,130,401468982
2023-02-08,Utah Jazz,Minnesota Timberwolves,118,143,401468983
2023-02-08,LA Clippers,Dallas Mavericks,104,110,401468984
2023-02-08,Portland Trail Blazers,Golden State Warriors,125,122,401468985
2023-02-09,Orlando Magic,Denver Nuggets,115,104,401468986
2023-02-09,Atlanta Hawks,Phoenix Suns,116,107,401468987
2023-02-09,Brooklyn Nets,Chicago Bulls,116,105,401468988
2023-02-09,Los Angeles Lakers,Milwaukee Bucks,106,115,401468989
2023-02-10,Detroit Pistons,San Antonio Spurs,138,131,401468990
2023-02-10,Indiana Pacers,Phoenix Suns,104,117,401468991
2023-02-10,Philadelphia 76ers,New York Knicks,119,108,401468992
2023-02-10,Boston Celtics,Charlotte Hornets,127,116,401468993
2023-02-10,Toronto Raptors,Utah Jazz,116,122,401468994
2023-02-10,Miami Heat,Houston Rockets,97,95,401468995
2023-02-10,Memphis Grizzlies,Minnesota Timberwolves,128,107,401468996
2023-02-10,New Orleans Pelicans,Cleveland Cavaliers,107,118,401468997
2023-02-10,Portland Trail Blazers,Oklahoma City Thunder,129,138,401468998
2023-02-10,Sacramento Kings,Dallas Mavericks,114,122,401468999
2023-02-10,LA Clippers,Milwaukee Bucks,106,119,401469000
2023-02-11,Brooklyn Nets,Philadelphia 76ers,98,101,401469001
2023-02-11,Charlotte Hornets,Denver Nuggets,105,119,401469002
2023-02-11,Orlando Magic,Miami Heat,103,107,401469003
2023-02-11,Washington Wizards,Indiana Pacers,127,113,401469004
2023-02-11,Atlanta Hawks,San Antonio Spurs,125,106,401469005
2023-02-11,New York Knicks,Utah Jazz,126,120,401469006
2023-02-11,Cleveland Cavaliers,Chicago Bulls,97,89,401469007
2023-02-11,Golden State Warriors,Los Angeles Lakers,103,109,401469008
2023-02-11,Sacramento Kings,Dallas Mavericks,133,128,401469009
2023-02-12,Boston Celtics,Memphis Grizzlies,119,109,401469010
2023-02-12,Toronto Raptors,Detroit Pistons,119,118,401469011
2023-02-13,Charlotte Hornets,Atlanta Hawks,144,138,401469012
2023-02-13,Cleveland Cavaliers,San Antonio Spurs,117,109,401469013
2023-02-13,Indiana Pacers,Utah Jazz,117,123,401469014
2023-02-13,Philadelphia 76ers,Houston Rockets,123,104,401469015
2023-02-13,Miami Heat,Denver Nuggets,108,112,401469016
2023-02-13,New York Knicks,Brooklyn Nets,124,106,401469017
2023-02-13,Chicago Bulls,Orlando Magic,91,100,401469018
2023-02-13,Oklahoma City Thunder,New Orleans Pelicans,100,103,401469019
2023-02-13,Dallas Mavericks,Minnesota Timberwolves,121,124,401469020
2023-02-13,Golden State Warriors,Washington Wizards,135,126,401469021
2023-02-13,Portland Trail Blazers,Los Angeles Lakers,127,115,401469022
2023-02-14,Toronto Raptors,Orlando Magic,123,113,401469023
2023-02-14,Milwaukee Bucks,Boston Celtics,131,125,401469024
2023-02-14,Phoenix Suns,Sacramento Kings,120,109,401469025
2023-02-14,LA Clippers,Golden State Warriors,134,124,401469026
2023-02-14,Portland Trail Blazers,Washington Wizards,101,126,401469027
2023-02-15,Charlotte Hornets,San Antonio Spurs,120,110,401469028
2023-02-15,Indiana Pacers,Chicago Bulls,117,113,401469029
2023-02-15,Philadelphia 76ers,Cleveland Cavaliers,118,112,401469030
2023-02-15,Atlanta Hawks,New York Knicks,101,122,401469031
2023-02-15,Boston Celtics,Detroit Pistons,127,109,401469032
2023-02-15,Brooklyn Nets,Miami Heat,116,105,401469033
2023-02-15,Memphis Grizzlies,Utah Jazz,117,111,401469034
2023-02-15,Oklahoma City Thunder,Houston Rockets,133,96,401469035
2023-02-15,Denver Nuggets,Dallas Mavericks,118,109,401469036
2023-02-15,Los Angeles Lakers,New Orleans Pelicans,120,102,401469037
2023-02-16,Chicago Bulls,Milwaukee Bucks,100,112,401469038
2023-02-16,Minnesota Timberwolves,Washington Wizards,106,114,401469039
2023-02-16,Phoenix Suns,LA Clippers,107,116,401469040
2023-02-19,Team LeBron,Team Giannis,175,184,401524696
2023-02-23,Cleveland Cavaliers,Denver Nuggets,109,115,401469041
2023-02-23,Indiana Pacers,Boston Celtics,138,142,401469042
2023-02-23,Orlando Magic,Detroit Pistons,108,106,401469043
2023-02-23,Philadelphia 76ers,Memphis Grizzlies,110,105,401469044
2023-02-23,Toronto Raptors,New Orleans Pelicans,115,110,401469045
2023-02-23,Dallas Mavericks,San Antonio Spurs,142,116,401469046
2023-02-23,Utah Jazz,Oklahoma City Thunder,120,119,401469047
2023-02-23,Los Angeles Lakers,Golden State Warriors,124,111,401469048
2023-02-23,Sacramento Kings,Portland Trail Blazers,133,116,401469049
2023-02-24,Washington Wizards,New York Knicks,109,115,401469050
2023-02-24,Atlanta Hawks,Cleveland Cavaliers,136,119,401469051
2023-02-24,Milwaukee Bucks,Miami Heat,128,99,401469052
2023-02-24,Minnesota Timberwolves,Charlotte Hornets,113,121,401469053
2023-02-24,Phoenix Suns,Oklahoma City Thunder,124,115,401469054
2023-02-24,Chicago Bulls,Brooklyn Nets,131,87,401469055
2023-02-24,Golden State Warriors,Houston Rockets,116,101,401469056
2023-02-24,LA Clippers,Sacramento Kings,175,176,401469057
2023-02-25,Detroit Pistons,Toronto Raptors,91,95,401469058
2023-02-25,Charlotte Hornets,Miami Heat,108,103,401469059
2023-02-25,Orlando Magic,Indiana Pacers,108,121,401469060
2023-02-25,New York Knicks,New Orleans Pelicans,128,106,401469061
2023-02-25,Memphis Grizzlies,Denver Nuggets,112,94,401469062
2023-02-25,Philadelphia 76ers,Boston Celtics,107,110,401469063
2023-02-25,Utah Jazz,San Antonio Spurs,118,102,401469064
2023-02-26,Milwaukee Bucks,Phoenix Suns,104,101,401469065
2023-02-26,Atlanta Hawks,Brooklyn Nets,129,127,401469066
2023-02-26,Chicago Bulls,Washington Wizards,102,82,401469067
2023-02-26,Dallas Mavericks,Los Angeles Lakers,108,111,401469068
2023-02-26,Cleveland Cavaliers,Toronto Raptors,118,93,401469069
2023-02-26,Oklahoma City Thunder,Sacramento Kings,115,124,401469070
2023-02-26,Golden State Warriors,Minnesota Timberwolves,109,104,401469071
2023-02-26,Portland Trail Blazers,Houston Rockets,131,114,401469072
2023-02-26,Denver Nuggets,LA Clippers,134,124,401469073
2023-02-27,Charlotte Hornets,Detroit Pistons,117,106,401469074
2023-02-27,Philadelphia 76ers,Miami Heat,99,101,401469075
2023-02-27,New York Knicks,Boston Celtics,109,94,401469076
2023-02-27,New Orleans Pelicans,Orlando Magic,93,101,401469077
2023-02-28,Atlanta Hawks,Washington Wizards,116,119,401469078
2023-02-28,Brooklyn Nets,Milwaukee Bucks,104,118,401469079
2023-02-28,Toronto Raptors,Chicago Bulls,104,98,401469080
2023-02-28,Houston Rockets,Denver Nuggets,112,133,401469081
2023-02-28,Memphis Grizzlies,Los Angeles Lakers,121,109,401469082
2023-02-28,Oklahoma City Thunder,Sacramento Kings,117,123,401469083
2023-02-28,Dallas Mavericks,Indiana Pacers,122,124,401469084
2023-02-28,Utah Jazz,San Antonio Spurs,94,102,401469085
2023-02-28,Golden State Warriors,Portland Trail Blazers,123,105,401469086
2023-02-28,LA Clippers,Minnesota Timberwolves,101,108,401469087
2023-03-01,Charlotte Hornets,Phoenix Suns,91,105,401469088
2023-03-01,Detroit Pistons,Chicago Bulls,115,117,401469089
2023-03-01,Boston Celtics,Cleveland Cavaliers,117,113,401469090
2023-03-01,Miami Heat,Philadelphia 76ers,96,119,401469091
2023-03-01,New York Knicks,Brooklyn Nets,142,118,401469092
2023-03-01,Houston Rockets,Memphis Grizzlies,99,113,401469093
2023-03-01,Milwaukee Bucks,Orlando Magic,139,117,401469094
2023-03-01,Oklahoma City Thunder,Los Angeles Lakers,117,123,401469095
2023-03-01,Portland Trail Blazers,New Orleans Pelicans,110,121,401469096
2023-03-02,Washington Wizards,Toronto Raptors,119,108,401469097
2023-03-02,Dallas Mavericks,Philadelphia 76ers,133,126,401469098
2023-03-02,San Antonio Spurs,Indiana Pacers,110,99,401469099
2023-03-02,Golden State Warriors,LA Clippers,115,91,401469100
2023-03-03,Charlotte Hornets,Orlando Magic,106,117,401469101
2023-03-03,Atlanta Hawks,Portland Trail Blazers,129,111,401469102
2023-03-03,Boston Celtics,Brooklyn Nets,105,115,401469103
2023-03-03,Miami Heat,New York Knicks,120,122,401469104
2023-03-03,Chicago Bulls,Phoenix Suns,104,125,401469105
2023-03-03,Oklahoma City Thunder,Utah Jazz,130,103,401469106
2023-03-03,Denver Nuggets,Memphis Grizzlies,113,97,401469107
2023-03-03,Golden State Warriors,New Orleans Pelicans,108,99,401469108
2023-03-03,Sacramento Kings,LA Clippers,128,127,401469109
2023-03-03,Los Angeles Lakers,Minnesota Timberwolves,102,110,401469110
2023-03-04,Washington Wizards,Toronto Raptors,109,116,401469111
2023-03-04,Cleveland Cavaliers,Detroit Pistons,114,90,401469112
2023-03-04,Miami Heat,Atlanta Hawks,117,109,401469113
2023-03-04,San Antonio Spurs,Houston Rockets,110,122,401469114
2023-03-04,Milwaukee Bucks,Philadelphia 76ers,130,133,401469115
2023-03-04,Sacramento Kings,Minnesota Timberwolves,134,138,401469116
2023-03-05,Dallas Mavericks,Phoenix Suns,126,130,401469117
2023-03-05,Chicago Bulls,Indiana Pacers,122,125,401469118
2023-03-05,Los Angeles Lakers,Golden State Warriors,113,105,401469119
2023-03-05,Brooklyn Nets,Charlotte Hornets,102,86,401469120
2023-03-05,Orlando Magic,Portland Trail Blazers,119,122,401469121
2023-03-05,Houston Rockets,San Antonio Spurs,142,110,401469122
2023-03-05,Oklahoma City Thunder,Utah Jazz,129,119,401469123
2023-03-05,Boston Celtics,New York Knicks,129,131,401469124
2023-03-05,LA Clippers,Memphis Grizzlies,135,129,401469125
2023-03-05,Washington Wizards,Milwaukee Bucks,111,117,401469128
2023-03-06,Cleveland Cavaliers,Boston Celtics,118,114,401469126
2023-03-06,Indiana Pacers,Philadelphia 76ers,143,147,401469127
2023-03-06,Miami Heat,Atlanta Hawks,130,128,401469129
2023-03-06,Denver Nuggets,Toronto Raptors,118,113,401469130
2023-03-06,Sacramento Kings,New Orleans Pelicans,123,108,401469131
2023-03-06,Detroit Pistons,Portland Trail Blazers,104,110,401469132
2023-03-07,Orlando Magic,Milwaukee Bucks,123,134,401469133
2023-03-07,New York Knicks,Charlotte Hornets,105,112,401469134
2023-03-07,Minnesota Timberwolves,Philadelphia 76ers,94,117,401469135
2023-03-07,Houston Rockets,Brooklyn Nets,96,118,401469136
2023-03-07,Oklahoma City Thunder,Golden State Warriors,137,128,401469137
2023-03-07,Dallas Mavericks,Utah Jazz,120,116,401469138
2023-03-07,Los Angeles Lakers,Memphis Grizzlies,112,103,401469139
2023-03-07,Detroit Pistons,Washington Wizards,117,119,401526670
2023-03-08,Washington Wizards,Atlanta Hawks,120,122,401469140
2023-03-08,Boston Celtics,Portland Trail Blazers,115,93,401469141
2023-03-08,Miami Heat,Cleveland Cavaliers,100,104,401469142
2023-03-08,New Orleans Pelicans,Dallas Mavericks,113,106,401469143
2023-03-08,Denver Nuggets,Chicago Bulls,96,117,401469144
2023-03-08,Phoenix Suns,Oklahoma City Thunder,132,101,401469145
2023-03-08,LA Clippers,Toronto Raptors,108,100,401469146
2023-03-09,Detroit Pistons,Charlotte Hornets,103,113,401469147
2023-03-09,Indiana Pacers,Houston Rockets,134,125,401469148
2023-03-09,Orlando Magic,Utah Jazz,124,131,401469149
2023-03-09,Milwaukee Bucks,Brooklyn Nets,118,113,401469150
2023-03-09,Memphis Grizzlies,Golden State Warriors,131,110,401469151
2023-03-09,Sacramento Kings,New York Knicks,122,117,401469152
2023-03-10,Philadelphia 76ers,Portland Trail Blazers,120,119,401469153
2023-03-10,Washington Wizards,Atlanta Hawks,107,114,401469154
2023-03-10,Miami Heat,Cleveland Cavaliers,119,115,401469155
2023-03-10,Minnesota Timberwolves,Brooklyn Nets,123,124,401469156
2023-03-10,San Antonio Spurs,Denver Nuggets,128,120,401469157
2023-03-10,Los Angeles Lakers,Toronto Raptors,122,112,401469158
2023-03-11,LA Clippers,New York Knicks,106,95,401469159
2023-03-11,Charlotte Hornets,Utah Jazz,111,119,401469160
2023-03-11,Detroit Pistons,Indiana Pacers,115,121,401469161
2023-03-11,Orlando Magic,Miami Heat,126,114,401469162
2023-03-11,Atlanta Hawks,Boston Celtics,125,134,401469163
2023-03-11,Houston Rockets,Chicago Bulls,111,119,401469164
2023-03-11,Memphis Grizzlies,Dallas Mavericks,112,108,401469165
2023-03-11,New Orleans Pelicans,Oklahoma City Thunder,96,110,401469166
2023-03-11,Golden State Warriors,Milwaukee Bucks,125,116,401469167
2023-03-11,Phoenix Suns,Sacramento Kings,119,128,401469168
2023-03-12,Denver Nuggets,Brooklyn Nets,120,122,401469169
2023-03-12,Charlotte Hornets,Cleveland Cavaliers,108,114,401469170
2023-03-12,Philadelphia 76ers,Washington Wizards,112,93,401469171
2023-03-12,New Orleans Pelicans,Portland Trail Blazers,127,110,401469172
2023-03-12,San Antonio Spurs,Oklahoma City Thunder,90,102,401469173
2023-03-12,Los Angeles Lakers,New York Knicks,108,112,401469174
2023-03-13,Detroit Pistons,Indiana Pacers,117,97,401469175
2023-03-13,Atlanta Hawks,Minnesota Timberwolves,115,136,401469176
2023-03-13,Miami Heat,Utah Jazz,119,115,401469177
2023-03-13,Dallas Mavericks,Memphis Grizzlies,88,104,401469178
2023-03-13,Houston Rockets,Boston Celtics,111,109,401469179
2023-03-13,Golden State Warriors,Phoenix Suns,123,112,401469180
2023-03-13,Sacramento Kings,Milwaukee Bucks,124,133,401469181
2023-03-14,Charlotte Hornets,Cleveland Cavaliers,104,120,401469182
2023-03-14,Washington Wizards,Detroit Pistons,117,97,401469183
2023-03-14,Toronto Raptors,Denver Nuggets,125,110,401469184
2023-03-14,New Orleans Pelicans,Los Angeles Lakers,108,123,401469185
2023-03-14,Oklahoma City Thunder,Brooklyn Nets,121,107,401469186
2023-03-14,San Antonio Spurs,Orlando Magic,132,114,401469187
2023-03-14,Phoenix Suns,Milwaukee Bucks,104,116,401469188
2023-03-14,Portland Trail Blazers,New York Knicks,107,123,401469189
2023-03-15,Cleveland Cavaliers,Philadelphia 76ers,109,118,401469190
2023-03-15,Miami Heat,Memphis Grizzlies,138,119,401469191
2023-03-15,Chicago Bulls,Sacramento Kings,114,117,401469192
2023-03-15,Houston Rockets,Los Angeles Lakers,114,110,401469193
2023-03-15,Minnesota Timberwolves,Boston Celtics,102,104,401469194
2023-03-15,San Antonio Spurs,Dallas Mavericks,128,137,401469195
2023-03-15,LA Clippers,Golden State Warriors,134,126,401469196
2023-03-16,Detroit Pistons,Denver Nuggets,100,119,401469197
2023-03-16,Brooklyn Nets,Sacramento Kings,96,101,401469198
2023-03-16,Toronto Raptors,Oklahoma City Thunder,128,111,401469199
2023-03-16,Milwaukee Bucks,Indiana Pacers,123,139,401469200
2023-03-16,Phoenix Suns,Orlando Magic,116,113,401469201
2023-03-17,Charlotte Hornets,Philadelphia 76ers,82,121,401469202
2023-03-17,Atlanta Hawks,Golden State Warriors,127,119,401469203
2023-03-17,Cleveland Cavaliers,Washington Wizards,117,94,401469204
2023-03-17,Chicago Bulls,Minnesota Timberwolves,139,131,401469205
2023-03-17,Houston Rockets,New Orleans Pelicans,114,112,401469206
2023-03-17,San Antonio Spurs,Memphis Grizzlies,120,126,401469207
2023-03-17,Portland Trail Blazers,Boston Celtics,112,126,401469208
2023-03-17,Los Angeles Lakers,Dallas Mavericks,110,111,401469209
2023-03-18,New York Knicks,Denver Nuggets,116,110,401469210
2023-03-18,LA Clippers,Orlando Magic,108,113,401469211
2023-03-18,Indiana Pacers,Philadelphia 76ers,121,141,401469212
2023-03-18,Toronto Raptors,Minnesota Timberwolves,122,107,401469213
2023-03-18,Washington Wizards,Sacramento Kings,118,132,401469214
2023-03-18,Chicago Bulls,Miami Heat,113,99,401469215
2023-03-18,Memphis Grizzlies,Golden State Warriors,133,119,401469216
2023-03-18,Utah Jazz,Boston Celtics,118,117,401469217
2023-03-19,Brooklyn Nets,Denver Nuggets,102,108,401469218
2023-03-19,Oklahoma City Thunder,Phoenix Suns,124,120,401469219
2023-03-19,San Antonio Spurs,Atlanta Hawks,126,118,401469220
2023-03-19,Detroit Pistons,Miami Heat,100,112,401469221
2023-03-19,Houston Rockets,New Orleans Pelicans,107,117,401469222
2023-03-19,Milwaukee Bucks,Toronto Raptors,118,111,401469223
2023-03-19,Portland Trail Blazers,LA Clippers,102,117,401469224
2023-03-19,Los Angeles Lakers,Orlando Magic,111,105,401469225
2023-03-20,Charlotte Hornets,Indiana Pacers,115,109,401469226
2023-03-20,Philadelphia 76ers,Chicago Bulls,105,109,401469227
2023-03-20,New York Knicks,Minnesota Timberwolves,134,140,401469228
2023-03-20,Houston Rockets,Golden State Warriors,108,121,401469229
2023-03-20,Memphis Grizzlies,Dallas Mavericks,112,108,401469230
2023-03-20,Utah Jazz,Sacramento Kings,128,120,401469231
2023-03-21,Orlando Magic,Washington Wizards,122,112,401469232
2023-03-21,Atlanta Hawks,Detroit Pistons,129,107,401469233
2023-03-21,Brooklyn Nets,Cleveland Cavaliers,109,115,401469234
2023-03-21,New Orleans Pelicans,San Antonio Spurs,119,84,401469235
2023-03-21,Sacramento Kings,Boston Celtics,109,132,401469236
2023-03-21,LA Clippers,Oklahoma City Thunder,100,101,401469237
2023-03-22,Washington Wizards,Denver Nuggets,104,118,401469238
2023-03-22,Miami Heat,New York Knicks,127,120,401469239
2023-03-22,Toronto Raptors,Indiana Pacers,114,118,401469240
2023-03-22,Dallas Mavericks,Golden State Warriors,125,127,401469241
2023-03-22,Chicago Bulls,Philadelphia 76ers,91,116,401469242
2023-03-22,Memphis Grizzlies,Houston Rockets,130,125,401469243
2023-03-22,Milwaukee Bucks,San Antonio Spurs,130,94,401469244
2023-03-22,Minnesota Timberwolves,Atlanta Hawks,125,124,401469245
2023-03-22,Utah Jazz,Portland Trail Blazers,115,127,401469246
2023-03-22,Los Angeles Lakers,Phoenix Suns,122,111,401469247
2023-03-23,Orlando Magic,New York Knicks,111,106,401469248
2023-03-23,Brooklyn Nets,Cleveland Cavaliers,114,116,401469249
2023-03-23,New Orleans Pelicans,Charlotte Hornets,115,96,401469250
2023-03-23,LA Clippers,Oklahoma City Thunder,127,105,401469251
2023-03-24,Boston Celtics,Indiana Pacers,120,95,401469252
2023-03-24,Washington Wizards,San Antonio Spurs,136,124,401469253
2023-03-24,Toronto Raptors,Detroit Pistons,118,97,401469254
2023-03-24,Memphis Grizzlies,Houston Rockets,151,114,401469255
2023-03-24,Dallas Mavericks,Charlotte Hornets,109,117,401469256
2023-03-24,Utah Jazz,Milwaukee Bucks,116,144,401469257
2023-03-24,Golden State Warriors,Philadelphia 76ers,120,112,401469258
2023-03-24,Portland Trail Blazers,Chicago Bulls,96,124,401469259
2023-03-24,Sacramento Kings,Phoenix Suns,135,127,401469260
2023-03-24,Los Angeles Lakers,Oklahoma City Thunder,116,111,401469261
2023-03-25,Atlanta Hawks,Indiana Pacers,143,130,401469262
2023-03-25,Miami Heat,Brooklyn Nets,100,129,401469263
2023-03-25,Denver Nuggets,Milwaukee Bucks,129,106,401469264
2023-03-25,Phoenix Suns,Philadelphia 76ers,125,105,401469265
2023-03-25,Sacramento Kings,Utah Jazz,121,113,401469266
2023-03-25,LA Clippers,New Orleans Pelicans,110,131,401469267
2023-03-26,Charlotte Hornets,Dallas Mavericks,110,104,401469268
2023-03-26,Los Angeles Lakers,Chicago Bulls,108,118,401469269
2023-03-26,Atlanta Hawks,Memphis Grizzlies,119,123,401469270
2023-03-26,Boston Celtics,San Antonio Spurs,137,93,401469271
2023-03-26,Cleveland Cavaliers,Houston Rockets,108,91,401469272
2023-03-26,Orlando Magic,Brooklyn Nets,119,106,401469273
2023-03-26,Toronto Raptors,Washington Wizards,114,104,401469274
2023-03-26,Portland Trail Blazers,Oklahoma City Thunder,112,118,401469275
2023-03-26,Golden State Warriors,Minnesota Timberwolves,96,99,401469276
2023-03-27,Detroit Pistons,Milwaukee Bucks,117,126,401469277
2023-03-27,Indiana Pacers,Dallas Mavericks,104,127,401469278
2023-03-27,New York Knicks,Houston Rockets,137,115,401469279
2023-03-27,Utah Jazz,Phoenix Suns,103,117,401469280
2023-03-27,Denver Nuggets,Philadelphia 76ers,116,111,401469281
2023-03-27,Portland Trail Blazers,New Orleans Pelicans,90,124,401469282
2023-03-27,Sacramento Kings,Minnesota Timberwolves,115,119,401469283
2023-03-27,LA Clippers,Chicago Bulls,124,112,401469284
2023-03-28,Washington Wizards,Boston Celtics,130,111,401469285
2023-03-28,Atlanta Hawks,Cleveland Cavaliers,120,118,401469286
2023-03-28,Toronto Raptors,Miami Heat,106,92,401469287
2023-03-28,Memphis Grizzlies,Orlando Magic,113,108,401469288
2023-03-28,Oklahoma City Thunder,Charlotte Hornets,134,137,401469289
2023-03-28,Golden State Warriors,New Orleans Pelicans,120,109,401469290
2023-03-29,Indiana Pacers,Milwaukee Bucks,136,149,401469291
2023-03-29,Brooklyn Nets,Houston Rockets,123,114,401469292
2023-03-29,New York Knicks,Miami Heat,101,92,401469293
2023-03-29,Philadelphia 76ers,Dallas Mavericks,116,108,401469294
2023-03-29,Chicago Bulls,Los Angeles Lakers,110,121,401469295
2023-03-29,Memphis Grizzlies,LA Clippers,132,141,401469296
2023-03-29,Oklahoma City Thunder,Detroit Pistons,107,106,401469297
2023-03-29,San Antonio Spurs,Utah Jazz,117,128,401469298
2023-03-29,Phoenix Suns,Minnesota Timberwolves,107,100,401469299
2023-03-29,Portland Trail Blazers,Sacramento Kings,80,120,401469300
2023-03-30,Milwaukee Bucks,Boston Celtics,99,140,401469301
2023-03-30,Denver Nuggets,New Orleans Pelicans,88,107,401469302
2023-03-31,Charlotte Hornets,Chicago Bulls,91,121,401469303
2023-03-31,Indiana Pacers,Oklahoma City Thunder,121,117,401469304
2023-03-31,Philadelphia 76ers,Toronto Raptors,117,110,401469305
2023-03-31,Washington Wizards,Orlando Magic,109,116,401469306
2023-03-31,Boston Celtics,Utah Jazz,122,114,401469307
2023-03-31,Brooklyn Nets,Atlanta Hawks,124,107,401469308
2023-03-31,Cleveland Cavaliers,New York Knicks,116,130,401469309
2023-03-31,Houston Rockets,Detroit Pistons,121,115,401469310
2023-03-31,Memphis Grizzlies,LA Clippers,108,94,401469311
2023-03-31,Minnesota Timberwolves,Los Angeles Lakers,111,123,401469312
2023-03-31,Golden State Warriors,San Antonio Spurs,130,115,401469313
2023-03-31,Portland Trail Blazers,Sacramento Kings,114,138,401469314
2023-03-31,Phoenix Suns,Denver Nuggets,100,93,401469315
2023-04-01,Miami Heat,Dallas Mavericks,129,122,401469316
2023-04-01,New Orleans Pelicans,LA Clippers,122,114,401469317
2023-04-02,Charlotte Hornets,Toronto Raptors,108,128,401469318
2023-04-02,Brooklyn Nets,Utah Jazz,111,110,401469319
2023-04-02,Chicago Bulls,Memphis Grizzlies,128,107,401469320
2023-04-02,Minnesota Timberwolves,Portland Trail Blazers,105,107,401469321
2023-04-02,Atlanta Hawks,Dallas Mavericks,132,130,401469322
2023-04-02,New York Knicks,Washington Wizards,118,109,401469323
2023-04-02,Orlando Magic,Detroit Pistons,128,102,401469324
2023-04-02,Sacramento Kings,San Antonio Spurs,134,142,401469325
2023-04-02,Houston Rockets,Los Angeles Lakers,109,134,401469326
2023-04-02,Oklahoma City Thunder,Phoenix Suns,118,128,401469327
2023-04-02,Cleveland Cavaliers,Indiana Pacers,115,105,401469328
2023-04-02,Milwaukee Bucks,Philadelphia 76ers,117,104,401469329
2023-04-02,Denver Nuggets,Golden State Warriors,112,110,401469330
2023-04-04,Charlotte Hornets,Toronto Raptors,100,120,401469331
2023-04-04,Detroit Pistons,Miami Heat,105,118,401469332
2023-04-04,Orlando Magic,Cleveland Cavaliers,113,117,401469333
2023-04-04,Washington Wizards,Milwaukee Bucks,128,140,401469334
2023-04-04,Brooklyn Nets,Minnesota Timberwolves,102,107,401469335
2023-04-04,Philadelphia 76ers,Boston Celtics,103,101,401469336
2023-04-04,Chicago Bulls,Atlanta Hawks,105,123,401469337
2023-04-04,Houston Rockets,Denver Nuggets,124,103,401469338
2023-04-04,Memphis Grizzlies,Portland Trail Blazers,119,109,401469339
2023-04-04,New Orleans Pelicans,Sacramento Kings,103,121,401469340
2023-04-04,Utah Jazz,Los Angeles Lakers,133,135,401469341
2023-04-04,Golden State Warriors,Oklahoma City Thunder,136,125,401469342
2023-04-04,Phoenix Suns,San Antonio Spurs,115,94,401469343
2023-04-05,Detroit Pistons,Brooklyn Nets,108,123,401469344
2023-04-05,Indiana Pacers,New York Knicks,129,138,401469345
2023-04-05,Atlanta Hawks,Washington Wizards,134,116,401469346
2023-04-05,Boston Celtics,Toronto Raptors,97,93,401469347
2023-04-05,Milwaukee Bucks,Chicago Bulls,105,92,401469348
2023-04-05,New Orleans Pelicans,Memphis Grizzlies,138,131,401469349
2023-04-05,Dallas Mavericks,Sacramento Kings,123,119,401469350
2023-04-05,LA Clippers,Los Angeles Lakers,125,118,401469351
2023-04-06,Orlando Magic,Cleveland Cavaliers,94,118,401469352
2023-04-06,Philadelphia 76ers,Miami Heat,101,129,401469353
2023-04-06,San Antonio Spurs,Portland Trail Blazers,129,127,401469354
2023-04-06,Utah Jazz,Oklahoma City Thunder,98,114,401469355
2023-04-06,Phoenix Suns,Denver Nuggets,119,115,401469356
2023-04-07,Charlotte Hornets,Houston Rockets,109,112,401469357
2023-04-07,Indiana Pacers,Detroit Pistons,115,122,401469358
2023-04-07,Washington Wizards,Miami Heat,114,108,401469359
2023-04-07,Atlanta Hawks,Philadelphia 76ers,131,136,401469360
2023-04-07,Boston Celtics,Toronto Raptors,121,102,401469361
2023-04-07,Brooklyn Nets,Orlando Magic,101,84,401469362
2023-04-07,Milwaukee Bucks,Memphis Grizzlies,114,137,401469363
2023-04-07,New Orleans Pelicans,New York Knicks,113,105,401469364
2023-04-07,Dallas Mavericks,Chicago Bulls,112,115,401469365
2023-04-07,Sacramento Kings,Golden State Warriors,97,119,401469366
2023-04-07,Los Angeles Lakers,Phoenix Suns,121,107,401469367
2023-04-08,Utah Jazz,Denver Nuggets,118,114,401469368
2023-04-08,San Antonio Spurs,Minnesota Timberwolves,131,151,401469369
2023-04-08,LA Clippers,Portland Trail Blazers,136,125,401469370
2023-04-09,Boston Celtics,Atlanta Hawks,120,114,401469371
2023-04-09,Brooklyn Nets,Philadelphia 76ers,105,134,401469372
2023-04-09,Cleveland Cavaliers,Charlotte Hornets,95,106,401469373
2023-04-09,Miami Heat,Orlando Magic,123,110,401469374
2023-04-09,New York Knicks,Indiana Pacers,136,141,401469375
2023-04-09,Toronto Raptors,Milwaukee Bucks,121,105,401469376
2023-04-09,Washington Wizards,Houston Rockets,109,114,401469377
2023-04-09,Chicago Bulls,Detroit Pistons,103,81,401469378
2023-04-09,Dallas Mavericks,San Antonio Spurs,117,138,401469379
2023-04-09,Minnesota Timberwolves,New Orleans Pelicans,113,108,401469380
2023-04-09,Oklahoma City Thunder,Memphis Grizzlies,115,100,401469381
2023-04-09,Denver Nuggets,Sacramento Kings,109,95,401469382
2023-04-09,Los Angeles Lakers,Utah Jazz,128,117,401469383
2023-04-09,Phoenix Suns,LA Clippers,114,119,401469384
2023-04-09,Portland Trail Blazers,Golden State Warriors,101,157,401469385
2023-04-15,Philadelphia 76ers,Brooklyn Nets,121,101,401540750
2023-04-15,Boston Celtics,Atlanta Hawks,112,99,401540751
2023-04-15,Cleveland Cavaliers,New York Knicks,97,101,401540752
2023-04-15,Sacramento Kings,Golden State Warriors,126,123,401540753
2023-04-16,Milwaukee Bucks,Miami Heat,117,130,401540754
2023-04-16,Denver Nuggets,Minnesota Timberwolves,109,80,401540755
2023-04-16,Memphis Grizzlies,Los Angeles Lakers,112,128,401540756
2023-04-16,Phoenix Suns,LA Clippers,110,115,401540757
2023-04-17,Sacramento Kings,Golden State Warriors,114,106,401541169
2023-04-17,Philadelphia 76ers,Brooklyn Nets,96,84,401541173
2023-04-18,Phoenix Suns,LA Clippers,123,109,401541170
2023-04-18,Boston Celtics,Atlanta Hawks,119,106,401541172
2023-04-18,Cleveland Cavaliers,New York Knicks,107,90,401541174
2023-04-19,Denver Nuggets,Minnesota Timberwolves,122,113,401541167
2023-04-19,Memphis Grizzlies,Los Angeles Lakers,103,93,401541168
2023-04-19,Milwaukee Bucks,Miami Heat,138,122,401541171
2023-04-20,Golden State Warriors,Sacramento Kings,114,97,401541177
2023-04-20,LA Clippers,Phoenix Suns,124,129,401541178
2023-04-20,Brooklyn Nets,Philadelphia 76ers,97,102,401541181
2023-04-21,Minnesota Timberwolves,Denver Nuggets,111,120,401541175
2023-04-21,Atlanta Hawks,Boston Celtics,130,122,401541180
2023-04-21,New York Knicks,Cleveland Cavaliers,99,79,401541182
2023-04-22,Los Angeles Lakers,Memphis Grizzlies,111,101,401541176
2023-04-22,Miami Heat,Milwaukee Bucks,121,99,401541179
2023-04-22,LA Clippers,Phoenix Suns,100,112,401541186
2023-04-22,Brooklyn Nets,Philadelphia 76ers,88,96,401541189
2023-04-23,Minnesota Timberwolves,Denver Nuggets,114,108,401541183
2023-04-23,Golden State Warriors,Sacramento Kings,126,125,401541185
2023-04-23,Atlanta Hawks,Boston Celtics,121,129,401541188
2023-04-23,New York Knicks,Cleveland Cavaliers,102,93,401541190
2023-04-24,Los Angeles Lakers,Memphis Grizzlies,117,111,401541184
2023-04-24,Miami Heat,Milwaukee Bucks,119,114,401541187
2023-04-25,Denver Nuggets,Minnesota Timberwolves,112,109,401541196
2023-04-25,Phoenix Suns,LA Clippers,136,130,401541237
2023-04-25,Boston Celtics,Atlanta Hawks,117,119,401541243
2023-04-26,Memphis Grizzlies,Los Angeles Lakers,116,99,401541231
2023-04-26,Sacramento Kings,Golden State Warriors,116,123,401541234
2023-04-26,Milwaukee Bucks,Miami Heat,126,128,401541240
2023-04-26,Cleveland Cavaliers,New York Knicks,95,106,401541249
2023-04-27,Atlanta Hawks,Boston Celtics,120,128,401541244
2023-04-28,Los Angeles Lakers,Memphis Grizzlies,125,85,401541232
2023-04-28,Golden State Warriors,Sacramento Kings,99,118,401541235
2023-04-29,Denver Nuggets,Phoenix Suns,125,107,401544334
2023-04-30,Sacramento Kings,Golden State Warriors,100,120,401541236
2023-04-30,New York Knicks,Miami Heat,101,108,401544973
2023-05-01,Denver Nuggets,Phoenix Suns,97,87,401544335
2023-05-01,Boston Celtics,Philadelphia 76ers,115,119,401545111
2023-05-02,New York Knicks,Miami Heat,111,105,401544974
2023-05-02,Golden State Warriors,Los Angeles Lakers,112,117,401545231
2023-05-03,Boston Celtics,Philadelphia 76ers,121,87,401545112
2023-05-04,Golden State Warriors,Los Angeles Lakers,127,100,401545232
2023-05-05,Phoenix Suns,Denver Nuggets,121,114,401544336
2023-05-05,Philadelphia 76ers,Boston Celtics,102,114,401545113
2023-05-06,Miami Heat,New York Knicks,105,86,401544975
2023-05-06,Los Angeles Lakers,Golden State Warriors,127,97,401545233
2023-05-07,Phoenix Suns,Denver Nuggets,129,124,401544337
2023-05-07,Philadelphia 76ers,Boston Celtics,116,115,401545114
2023-05-08,Miami Heat,New York Knicks,109,101,401544976
2023-05-08,Los Angeles Lakers,Golden State Warriors,104,101,401545234
2023-05-09,Denver Nuggets,Phoenix Suns,118,102,401544338
2023-05-09,Boston Celtics,Philadelphia 76ers,103,115,401545115
2023-05-10,New York Knicks,Miami Heat,112,103,401544977
2023-05-10,Golden State Warriors,Los Angeles Lakers,121,106,401545235
2023-05-11,Phoenix Suns,Denver Nuggets,100,125,401544339
2023-05-11,Philadelphia 76ers,Boston Celtics,86,95,401545116
2023-05-12,Miami Heat,New York Knicks,96,92,401544978
2023-05-12,Los Angeles Lakers,Golden State Warriors,122,101,401545236
2023-05-14,Boston Celtics,Philadelphia 76ers,112,88,401545117
2023-05-16,Denver Nuggets,Los Angeles Lakers,132,126,401547679
2023-05-17,Boston Celtics,Miami Heat,116,123,401547671
2023-05-18,Denver Nuggets,Los Angeles Lakers,108,103,401547682
2023-05-19,Boston Celtics,Miami Heat,105,111,401547672
2023-05-20,Los Angeles Lakers,Denver Nuggets,108,119,401547683
2023-05-21,Miami Heat,Boston Celtics,128,102,401547673
2023-05-22,Los Angeles Lakers,Denver Nuggets,111,113,401547684
2023-05-23,Miami Heat,Boston Celtics,99,116,401547674
2023-05-25,Boston Celtics,Miami Heat,110,97,401547675
2023-05-27,Miami Heat,Boston Celtics,103,104,401547676
2023-05-29,Boston Celtics,Miami Heat,84,103,401547678
2023-06-01,Denver Nuggets,Miami Heat,104,93,401544846
2023-06-04,Denver Nuggets,Miami Heat,108,111,401544847
2023-06-07,Miami Heat,Denver Nuggets,94,109,401544848
2023-06-09,Miami Heat,Denver Nuggets,95,108,401544849
2023-06-12,Denver Nuggets,Miami Heat,94,89,401544850
2023-10-24,Denver Nuggets,Los Angeles Lakers,119,107,401584689
2023-10-24,Golden State Warriors,Phoenix Suns,104,108,401584690
2023-10-25,Charlotte Hornets,Atlanta Hawks,116,110,401584691
2023-10-25,Indiana Pacers,Washington Wizards,143,120,401584692
2023-10-25,New York Knicks,Boston Celtics,104,108,401584693
2023-10-25,Orlando Magic,Houston Rockets,116,86,401584694
2023-10-25,Brooklyn Nets,Cleveland Cavaliers,113,114,401584695
2023-10-25,Miami Heat,Detroit Pistons,103,102,401584696
2023-10-25,Toronto Raptors,Minnesota Timberwolves,97,94,401584697
2023-10-25,Chicago Bulls,Oklahoma City Thunder,104,124,401584698
2023-10-25,Memphis Grizzlies,New Orleans Pelicans,104,111,401584699
2023-10-25,Utah Jazz,Sacramento Kings,114,130,401584700
2023-10-25,San Antonio Spurs,Dallas Mavericks,119,126,401584701
2023-10-25,LA Clippers,Portland Trail Blazers,123,111,401584702
2023-10-26,Milwaukee Bucks,Philadelphia 76ers,118,117,401584703
2023-10-26,Los Angeles Lakers,Phoenix Suns,100,95,401584704
2023-10-27,Charlotte Hornets,Detroit Pistons,99,111,401584705
2023-10-27,Memphis Grizzlies,Denver Nuggets,104,108,401584706
2023-10-27,Atlanta Hawks,New York Knicks,120,126,401584707
2023-10-27,Boston Celtics,Miami Heat,119,111,401584708
2023-10-27,Cleveland Cavaliers,Oklahoma City Thunder,105,108,401584709
2023-10-27,Chicago Bulls,Toronto Raptors,104,103,401584710
2023-10-27,San Antonio Spurs,Houston Rockets,126,122,401584711
2023-10-27,Dallas Mavericks,Brooklyn Nets,125,120,401584712
2023-10-27,Utah Jazz,LA Clippers,120,118,401584713
2023-10-27,Portland Trail Blazers,Orlando Magic,97,102,401584714
2023-10-27,Sacramento Kings,Golden State Warriors,114,122,401584715
2023-10-28,Detroit Pistons,Chicago Bulls,118,102,401584716
2023-10-28,Washington Wizards,Memphis Grizzlies,113,106,401584717
2023-10-28,New Orleans Pelicans,New York Knicks,96,87,401584718
2023-10-28,Cleveland Cavaliers,Indiana Pacers,113,125,401584719
2023-10-28,Toronto Raptors,Philadelphia 76ers,107,114,401584720
2023-10-28,Minnesota Timberwolves,Miami Heat,106,90,401584721
2023-10-28,Phoenix Suns,Utah Jazz,126,104,401584722
2023-10-29,Oklahoma City Thunder,Denver Nuggets,95,128,401584723
2023-10-29,Houston Rockets,Golden State Warriors,95,106,401584724
2023-10-29,Milwaukee Bucks,Atlanta Hawks,110,127,401584725
2023-10-29,Philadelphia 76ers,Portland Trail Blazers,126,98,401584726
2023-10-29,LA Clippers,San Antonio Spurs,123,83,401584727
2023-10-29,Sacramento Kings,Los Angeles Lakers,132,127,401584728
2023-10-30,Charlotte Hornets,Brooklyn Nets,121,133,401584729
2023-10-30,Indiana Pacers,Chicago Bulls,105,112,401584730
2023-10-30,Washington Wizards,Boston Celtics,107,126,401584731
2023-10-30,Atlanta Hawks,Minnesota Timberwolves,127,113,401584732
2023-10-30,Toronto Raptors,Portland Trail Blazers,91,99,401584733
2023-10-30,Memphis Grizzlies,Dallas Mavericks,110,125,401584734
2023-10-30,Milwaukee Bucks,Miami Heat,122,114,401584735
2023-10-30,New Orleans Pelicans,Golden State Warriors,102,130,401584736
2023-10-30,Oklahoma City Thunder,Detroit Pistons,124,112,401584737
2023-10-30,Denver Nuggets,Utah Jazz,110,102,401584738
2023-10-30,Los Angeles Lakers,Orlando Magic,106,103,401584739
2023-10-31,Cleveland Cavaliers,New York Knicks,91,109,401584740
2023-10-31,Phoenix Suns,San Antonio Spurs,114,115,401584741
2023-10-31,LA Clippers,Orlando Magic,118,102,401584742
2023-11-01,Detroit Pistons,Portland Trail Blazers,101,110,401584743
2023-11-01,Toronto Raptors,Milwaukee Bucks,130,111,401584744
2023-11-01,Atlanta Hawks,Washington Wizards,130,121,401584745
2023-11-01,Boston Celtics,Indiana Pacers,155,104,401584746
2023-11-01,Miami Heat,Brooklyn Nets,105,109,401584747
2023-11-01,New York Knicks,Cleveland Cavaliers,89,95,401584748
2023-11-01,Oklahoma City Thunder,New Orleans Pelicans,106,110,401584749
2023-11-01,Houston Rockets,Charlotte Hornets,128,119,401584750
2023-11-01,Minnesota Timberwolves,Denver Nuggets,110,89,401584751
2023-11-01,Dallas Mavericks,Chicago Bulls,114,105,401584752
2023-11-01,Utah Jazz,Memphis Grizzlies,133,109,401584753
2023-11-01,Golden State Warriors,Sacramento Kings,102,101,401584754
2023-11-01,Los Angeles Lakers,LA Clippers,130,125,401584755
2023-11-02,Philadelphia 76ers,Toronto Raptors,114,99,401584756
2023-11-02,New Orleans Pelicans,Detroit Pistons,125,116,401584757
2023-11-02,Utah Jazz,Orlando Magic,113,115,401584758
2023-11-02,Phoenix Suns,San Antonio Spurs,121,132,401584759
2023-11-03,Indiana Pacers,Cleveland Cavaliers,121,116,401584089
2023-11-03,Milwaukee Bucks,New York Knicks,110,105,401584090
2023-11-03,Miami Heat,Washington Wizards,121,114,401584091
2023-11-03,Chicago Bulls,Brooklyn Nets,107,109,401584092
2023-11-03,Oklahoma City Thunder,Golden State Warriors,139,141,401584093
2023-11-03,Denver Nuggets,Dallas Mavericks,125,114,401584094
2023-11-03,Portland Trail Blazers,Memphis Grizzlies,115,113,401584095
2023-11-04,Philadelphia 76ers,Phoenix Suns,112,100,401584760
2023-11-04,Indiana Pacers,Charlotte Hornets,124,125,401584761
2023-11-04,Orlando Magic,Los Angeles Lakers,120,101,401584762
2023-11-04,New Orleans Pelicans,Atlanta Hawks,105,123,401584763
2023-11-04,Brooklyn Nets,Boston Celtics,114,124,401584764
2023-11-04,Houston Rockets,Sacramento Kings,107,89,401584765
2023-11-04,Minnesota Timberwolves,Utah Jazz,123,95,401584766
2023-11-04,Denver Nuggets,Chicago Bulls,123,101,401584767
2023-11-05,Detroit Pistons,Phoenix Suns,106,120,401584768
2023-11-05,San Antonio Spurs,Toronto Raptors,116,123,401584769
2023-11-05,Cleveland Cavaliers,Golden State Warriors,115,104,401584770
2023-11-05,Dallas Mavericks,Charlotte Hornets,124,118,401584771
2023-11-05,Portland Trail Blazers,Memphis Grizzlies,100,112,401584772
2023-11-06,Detroit Pistons,Golden State Warriors,109,120,401584773
2023-11-06,Indiana Pacers,San Antonio Spurs,152,111,401584774
2023-11-06,Orlando Magic,Dallas Mavericks,102,117,401584775
2023-11-06,Philadelphia 76ers,Washington Wizards,146,128,401584776
2023-11-06,Brooklyn Nets,Milwaukee Bucks,125,129,401584777
2023-11-06,Miami Heat,Los Angeles Lakers,108,107,401584778
2023-11-06,New York Knicks,LA Clippers,111,97,401584779
2023-11-06,Chicago Bulls,Utah Jazz,130,113,401584780
2023-11-06,Houston Rockets,Sacramento Kings,122,97,401584781
2023-11-06,Minnesota Timberwolves,Boston Celtics,114,109,401584782
2023-11-06,Oklahoma City Thunder,Atlanta Hawks,126,117,401584783
2023-11-06,Denver Nuggets,New Orleans Pelicans,134,116,401584784
2023-11-08,Charlotte Hornets,Washington Wizards,116,132,401584785
2023-11-08,Indiana Pacers,Utah Jazz,134,118,401584786
2023-11-08,Philadelphia 76ers,Boston Celtics,106,103,401584787
2023-11-08,Brooklyn Nets,LA Clippers,100,93,401584788
2023-11-08,New York Knicks,San Antonio Spurs,126,105,401584789
2023-11-08,Chicago Bulls,Phoenix Suns,115,116,401584790
2023-11-08,Houston Rockets,Los Angeles Lakers,128,94,401584791
2023-11-08,Memphis Grizzlies,Miami Heat,102,108,401584792
2023-11-08,Milwaukee Bucks,Detroit Pistons,120,118,401584793
2023-11-08,Minnesota Timberwolves,New Orleans Pelicans,122,101,401584794
2023-11-08,Oklahoma City Thunder,Cleveland Cavaliers,128,120,401584795
2023-11-08,Dallas Mavericks,Toronto Raptors,116,127,401584796
2023-11-08,Denver Nuggets,Golden State Warriors,108,105,401584797
2023-11-08,Sacramento Kings,Portland Trail Blazers,121,118,401584798
2023-11-09,Indiana Pacers,Milwaukee Bucks,126,124,401584799
2023-11-09,Orlando Magic,Atlanta Hawks,119,120,401584800
2023-11-10,Detroit Pistons,Philadelphia 76ers,106,114,401584096
2023-11-10,Washington Wizards,Charlotte Hornets,117,124,401584097
2023-11-10,Boston Celtics,Brooklyn Nets,121,107,401584098
2023-11-10,Houston Rockets,New Orleans Pelicans,104,101,401584099
2023-11-10,Memphis Grizzlies,Utah Jazz,121,127,401584100
2023-11-10,San Antonio Spurs,Minnesota Timberwolves,110,117,401584101
2023-11-10,Dallas Mavericks,LA Clippers,144,126,401584102
2023-11-10,Phoenix Suns,Los Angeles Lakers,119,122,401584103
2023-11-10,Sacramento Kings,Oklahoma City Thunder,105,98,401584104
2023-11-11,Orlando Magic,Milwaukee Bucks,112,97,401584801
2023-11-11,Boston Celtics,Toronto Raptors,117,94,401584802
2023-11-11,Atlanta Hawks,Miami Heat,109,117,401584803
2023-11-11,Golden State Warriors,Cleveland Cavaliers,110,118,401584804
2023-11-12,New York Knicks,Charlotte Hornets,129,107,401584805
2023-11-12,Brooklyn Nets,Washington Wizards,102,94,401584806
2023-11-12,LA Clippers,Memphis Grizzlies,101,105,401584807
2023-11-12,Philadelphia 76ers,Indiana Pacers,137,126,401584808
2023-11-12,Chicago Bulls,Detroit Pistons,119,108,401584809
2023-11-12,Houston Rockets,Denver Nuggets,107,104,401584810
2023-11-12,New Orleans Pelicans,Dallas Mavericks,124,136,401584811
2023-11-12,San Antonio Spurs,Miami Heat,113,118,401584812
2023-11-12,Phoenix Suns,Oklahoma City Thunder,99,111,401584813
2023-11-12,Golden State Warriors,Minnesota Timberwolves,110,116,401584814
2023-11-12,Los Angeles Lakers,Portland Trail Blazers,116,110,401584815
2023-11-13,Boston Celtics,New York Knicks,114,98,401584816
2023-11-13,Toronto Raptors,Washington Wizards,111,107,401584817
2023-11-13,Milwaukee Bucks,Chicago Bulls,118,109,401584818
2023-11-13,Sacramento Kings,Cleveland Cavaliers,132,120,401584819
2023-11-14,Charlotte Hornets,Miami Heat,105,111,401584105
2023-11-14,Detroit Pistons,Atlanta Hawks,120,126,401584106
2023-11-14,Philadelphia 76ers,Indiana Pacers,126,132,401584107
2023-11-14,Brooklyn Nets,Orlando Magic,124,104,401584108
2023-11-14,Oklahoma City Thunder,San Antonio Spurs,123,87,401584109
2023-11-14,New Orleans Pelicans,Dallas Mavericks,131,110,401584110
2023-11-14,Utah Jazz,Portland Trail Blazers,115,99,401584111
2023-11-14,Denver Nuggets,LA Clippers,111,108,401584112
2023-11-14,Golden State Warriors,Minnesota Timberwolves,101,104,401584113
2023-11-14,Los Angeles Lakers,Memphis Grizzlies,134,107,401584114
2023-11-15,Washington Wizards,Dallas Mavericks,117,130,401584820
2023-11-15,Atlanta Hawks,New York Knicks,114,116,401584821
2023-11-15,Philadelphia 76ers,Boston Celtics,107,117,401584822
2023-11-15,Toronto Raptors,Milwaukee Bucks,112,128,401584823
2023-11-15,Chicago Bulls,Orlando Magic,94,96,401584824
2023-11-15,Phoenix Suns,Minnesota Timberwolves,133,115,401584825
2023-11-15,Los Angeles Lakers,Sacramento Kings,110,125,401584826
2023-11-15,Portland Trail Blazers,Cleveland Cavaliers,95,109,401584827
2023-11-16,Miami Heat,Brooklyn Nets,122,115,401584828
2023-11-16,Golden State Warriors,Oklahoma City Thunder,109,128,401584829
2023-11-17,Charlotte Hornets,Milwaukee Bucks,99,130,401584115
2023-11-17,Washington Wizards,New York Knicks,99,120,401584116
2023-11-17,Atlanta Hawks,Philadelphia 76ers,116,126,401584117
2023-11-17,Cleveland Cavaliers,Detroit Pistons,108,100,401584118
2023-11-17,Toronto Raptors,Boston Celtics,105,108,401584119
2023-11-17,San Antonio Spurs,Sacramento Kings,120,129,401584120
2023-11-17,Chicago Bulls,Orlando Magic,97,103,401584121
2023-11-17,New Orleans Pelicans,Denver Nuggets,115,110,401584122
2023-11-17,Utah Jazz,Phoenix Suns,128,131,401584123
2023-11-17,Portland Trail Blazers,Los Angeles Lakers,95,107,401584124
2023-11-17,LA Clippers,Houston Rockets,106,100,401584125
2023-11-18,Charlotte Hornets,New York Knicks,108,122,401584830
2023-11-18,New Orleans Pelicans,Minnesota Timberwolves,120,121,401584831
2023-11-18,Chicago Bulls,Miami Heat,102,97,401584832
2023-11-18,Milwaukee Bucks,Dallas Mavericks,132,125,401584833
2023-11-18,San Antonio Spurs,Memphis Grizzlies,108,120,401584834
2023-11-18,Golden State Warriors,Oklahoma City Thunder,123,130,401584835
2023-11-19,Brooklyn Nets,Philadelphia 76ers,99,121,401584836
2023-11-19,Indiana Pacers,Orlando Magic,116,128,401584837
2023-11-19,Cleveland Cavaliers,Denver Nuggets,121,109,401584838
2023-11-19,Toronto Raptors,Detroit Pistons,142,113,401584839
2023-11-19,Dallas Mavericks,Sacramento Kings,113,129,401584840
2023-11-19,Memphis Grizzlies,Boston Celtics,100,102,401584841
2023-11-19,Utah Jazz,Phoenix Suns,137,140,401584842
2023-11-19,Portland Trail Blazers,Oklahoma City Thunder,91,134,401584843
2023-11-19,Los Angeles Lakers,Houston Rockets,105,104,401584844
2023-11-20,Charlotte Hornets,Boston Celtics,121,118,401584845
2023-11-20,Detroit Pistons,Denver Nuggets,103,107,401584846
2023-11-20,Washington Wizards,Milwaukee Bucks,129,142,401584847
2023-11-20,Chicago Bulls,Miami Heat,100,118,401584848
2023-11-20,Minnesota Timberwolves,New York Knicks,117,100,401584849
2023-11-20,New Orleans Pelicans,Sacramento Kings,129,93,401584850
2023-11-20,San Antonio Spurs,LA Clippers,99,124,401584851
2023-11-20,Golden State Warriors,Houston Rockets,121,116,401584852
2023-11-21,Orlando Magic,Toronto Raptors,126,107,401584126
2023-11-21,Atlanta Hawks,Indiana Pacers,152,157,401584127
2023-11-21,Philadelphia 76ers,Cleveland Cavaliers,119,122,401584128
2023-11-21,Phoenix Suns,Portland Trail Blazers,120,107,401584129
2023-11-21,Los Angeles Lakers,Utah Jazz,131,99,401584130
2023-11-22,Charlotte Hornets,Washington Wizards,117,114,401584853
2023-11-22,Orlando Magic,Denver Nuggets,124,119,401584854
2023-11-22,Atlanta Hawks,Brooklyn Nets,147,145,401584855
2023-11-22,Boston Celtics,Milwaukee Bucks,119,116,401584856
2023-11-22,Cleveland Cavaliers,Miami Heat,96,129,401584857
2023-11-22,Indiana Pacers,Toronto Raptors,131,132,401584858
2023-11-22,Houston Rockets,Memphis Grizzlies,111,91,401584859
2023-11-22,Minnesota Timberwolves,Philadelphia 76ers,112,99,401584860
2023-11-22,New Orleans Pelicans,Sacramento Kings,117,112,401584861
2023-11-22,Oklahoma City Thunder,Chicago Bulls,116,102,401584862
2023-11-22,San Antonio Spurs,LA Clippers,102,109,401584863
2023-11-22,Phoenix Suns,Golden State Warriors,123,115,401584864
2023-11-22,Portland Trail Blazers,Utah Jazz,121,105,401584865
2023-11-22,Los Angeles Lakers,Dallas Mavericks,101,104,401584866
2023-11-24,Orlando Magic,Boston Celtics,113,96,401584131
2023-11-24,Memphis Grizzlies,Phoenix Suns,89,110,401584132
2023-11-24,New York Knicks,Miami Heat,100,98,401584133
2023-11-24,Toronto Raptors,Chicago Bulls,121,108,401584134
2023-11-24,Indiana Pacers,Detroit Pistons,136,113,401584135
2023-11-24,Houston Rockets,Denver Nuggets,105,86,401584136
2023-11-24,Milwaukee Bucks,Washington Wizards,131,128,401584137
2023-11-24,Minnesota Timberwolves,Sacramento Kings,111,124,401584138
2023-11-24,Golden State Warriors,San Antonio Spurs,118,112,401584139
2023-11-24,LA Clippers,New Orleans Pelicans,106,116,401584140
2023-11-25,Oklahoma City Thunder,Philadelphia 76ers,123,127,401584867
2023-11-25,Brooklyn Nets,Miami Heat,112,97,401584868
2023-11-25,Washington Wizards,Atlanta Hawks,108,136,401584869
2023-11-25,Cleveland Cavaliers,Los Angeles Lakers,115,121,401584870
2023-11-25,Utah Jazz,New Orleans Pelicans,105,100,401584871
2023-11-25,LA Clippers,Dallas Mavericks,107,88,401584872
2023-11-26,Milwaukee Bucks,Portland Trail Blazers,108,102,401584873
2023-11-26,Boston Celtics,Atlanta Hawks,113,103,401584874
2023-11-26,New York Knicks,Phoenix Suns,113,116,401584875
2023-11-26,Orlando Magic,Charlotte Hornets,130,117,401584876
2023-11-26,Memphis Grizzlies,Minnesota Timberwolves,97,119,401584877
2023-11-26,Brooklyn Nets,Chicago Bulls,118,109,401584878
2023-11-26,Cleveland Cavaliers,Toronto Raptors,105,102,401584879
2023-11-26,Denver Nuggets,San Antonio Spurs,132,120,401584880
2023-11-27,Detroit Pistons,Washington Wizards,107,126,401584881
2023-11-27,Indiana Pacers,Portland Trail Blazers,110,114,401584882
2023-11-27,Philadelphia 76ers,Los Angeles Lakers,138,94,401584883
2023-11-27,Utah Jazz,New Orleans Pelicans,114,112,401584884
2023-11-27,LA Clippers,Denver Nuggets,104,113,401584885
2023-11-28,Boston Celtics,Chicago Bulls,124,97,401584141
2023-11-28,Brooklyn Nets,Toronto Raptors,115,103,401584142
2023-11-28,Cleveland Cavaliers,Atlanta Hawks,128,105,401584143
2023-11-28,Miami Heat,Milwaukee Bucks,124,131,401584144
2023-11-28,New York Knicks,Charlotte Hornets,115,91,401584145
2023-11-28,Minnesota Timberwolves,Oklahoma City Thunder,106,103,401584146
2023-11-28,Dallas Mavericks,Houston Rockets,121,115,401584147
2023-11-28,Sacramento Kings,Golden State Warriors,124,123,401584148
2023-11-29,Detroit Pistons,Los Angeles Lakers,107,133,401584886
2023-11-29,Orlando Magic,Washington Wizards,139,120,401584887
2023-11-29,Toronto Raptors,Phoenix Suns,112,105,401584888
2023-11-29,Memphis Grizzlies,Utah Jazz,105,91,401584889
2023-11-29,New Orleans Pelicans,Philadelphia 76ers,124,114,401584890
2023-11-29,Denver Nuggets,Houston Rockets,134,124,401584891
2023-11-29,Sacramento Kings,LA Clippers,117,131,401584892
2023-11-30,Cleveland Cavaliers,Portland Trail Blazers,95,103,401584893
2023-11-30,Brooklyn Nets,Charlotte Hornets,128,129,401584894
2023-11-30,Miami Heat,Indiana Pacers,142,132,401584895
2023-11-30,New York Knicks,Detroit Pistons,118,112,401584896
2023-11-30,Chicago Bulls,Milwaukee Bucks,120,113,401584897
2023-11-30,Minnesota Timberwolves,Utah Jazz,101,90,401584898
2023-11-30,Oklahoma City Thunder,Los Angeles Lakers,133,110,401584899
2023-11-30,San Antonio Spurs,Atlanta Hawks,135,137,401584900
2023-11-30,Golden State Warriors,LA Clippers,120,114,401584901
2023-12-01,Orlando Magic,Washington Wizards,130,125,401584902
2023-12-01,Boston Celtics,Philadelphia 76ers,125,119,401584903
2023-12-01,Toronto Raptors,New York Knicks,106,119,401584904
2023-12-01,Dallas Mavericks,Memphis Grizzlies,94,108,401584905
2023-12-01,New Orleans Pelicans,San Antonio Spurs,121,106,401584906
2023-12-01,Phoenix Suns,Denver Nuggets,111,119,401584907
2023-12-02,LA Clippers,Golden State Warriors,113,112,401584908
2023-12-02,Charlotte Hornets,Minnesota Timberwolves,117,123,401584909
2023-12-02,Brooklyn Nets,Orlando Magic,129,101,401584910
2023-12-02,Detroit Pistons,Cleveland Cavaliers,101,110,401584911
2023-12-02,Miami Heat,Indiana Pacers,129,144,401584912
2023-12-02,Chicago Bulls,New Orleans Pelicans,124,118,401584913
2023-12-02,Milwaukee Bucks,Atlanta Hawks,132,121,401584914
2023-12-02,Dallas Mavericks,Oklahoma City Thunder,120,126,401584915
2023-12-02,Phoenix Suns,Memphis Grizzlies,116,109,401584916
2023-12-02,Utah Jazz,Portland Trail Blazers,118,113,401584917
2023-12-02,Sacramento Kings,Denver Nuggets,123,117,401584918
2023-12-02,Los Angeles Lakers,Houston Rockets,107,97,401584919
2023-12-04,Indiana Pacers,Boston Celtics,122,112,401607491
2023-12-04,Sacramento Kings,New Orleans Pelicans,117,127,401607492
2023-12-05,Milwaukee Bucks,New York Knicks,146,122,401607489
2023-12-05,Los Angeles Lakers,Phoenix Suns,106,103,401607490
2023-12-06,Cleveland Cavaliers,Orlando Magic,121,111,401616459
2023-12-06,Detroit Pistons,Memphis Grizzlies,102,116,401616460
2023-12-06,Toronto Raptors,Miami Heat,103,112,401616461
2023-12-06,Washington Wizards,Philadelphia 76ers,126,131,401616462
2023-12-06,Atlanta Hawks,Brooklyn Nets,113,114,401616463
2023-12-06,Minnesota Timberwolves,San Antonio Spurs,102,94,401616464
2023-12-06,Chicago Bulls,Charlotte Hornets,111,100,401616465
2023-12-06,Houston Rockets,Oklahoma City Thunder,110,101,401616466
2023-12-06,Dallas Mavericks,Utah Jazz,147,97,401616467
2023-12-06,Golden State Warriors,Portland Trail Blazers,110,106,401616468
2023-12-06,LA Clippers,Denver Nuggets,111,102,401616469
2023-12-07,Los Angeles Lakers,New Orleans Pelicans,133,89,401607493
2023-12-07,Milwaukee Bucks,Indiana Pacers,119,128,401607494
2023-12-08,Charlotte Hornets,Toronto Raptors,119,116,401616470
2023-12-08,Orlando Magic,Detroit Pistons,123,91,401616471
2023-12-08,Philadelphia 76ers,Atlanta Hawks,125,114,401616472
2023-12-08,Brooklyn Nets,Washington Wizards,124,97,401616473
2023-12-08,Miami Heat,Cleveland Cavaliers,99,111,401616474
2023-12-08,Memphis Grizzlies,Minnesota Timberwolves,103,127,401616475
2023-12-08,Oklahoma City Thunder,Golden State Warriors,138,136,401616476
2023-12-08,San Antonio Spurs,Chicago Bulls,112,121,401616477
2023-12-08,Denver Nuggets,Houston Rockets,106,114,401616478
2023-12-08,Utah Jazz,LA Clippers,103,117,401616479
2023-12-08,Portland Trail Blazers,Dallas Mavericks,112,125,401616480
2023-12-08,Boston Celtics,New York Knicks,133,123,401617579
2023-12-08,Phoenix Suns,Sacramento Kings,106,114,401617581
2023-12-09,Los Angeles Lakers,Indiana Pacers,123,109,401607495
2023-12-11,Charlotte Hornets,Miami Heat,114,116,401584920
2023-12-11,Detroit Pistons,Indiana Pacers,123,131,401584921
2023-12-11,Orlando Magic,Cleveland Cavaliers,104,94,401584922
2023-12-11,Philadelphia 76ers,Washington Wizards,146,101,401584923
2023-12-11,Atlanta Hawks,Denver Nuggets,122,129,401584924
2023-12-11,New York Knicks,Toronto Raptors,136,130,401584925
2023-12-11,Houston Rockets,San Antonio Spurs,93,82,401584926
2023-12-11,Memphis Grizzlies,Dallas Mavericks,113,120,401584927
2023-12-11,Milwaukee Bucks,Chicago Bulls,133,129,401584928
2023-12-11,New Orleans Pelicans,Minnesota Timberwolves,121,107,401584929
2023-12-11,Oklahoma City Thunder,Utah Jazz,134,120,401584930
2023-12-11,Sacramento Kings,Brooklyn Nets,131,118,401584931
2023-12-11,LA Clippers,Portland Trail Blazers,132,127,401584932
2023-12-12,Boston Celtics,Cleveland Cavaliers,120,113,401584933
2023-12-12,Dallas Mavericks,Los Angeles Lakers,127,125,401584934
2023-12-12,Chicago Bulls,Denver Nuggets,106,114,401584935
2023-12-12,Phoenix Suns,Golden State Warriors,119,116,401584936
2023-12-12,LA Clippers,Sacramento Kings,119,99,401584937
2023-12-13,Detroit Pistons,Philadelphia 76ers,111,129,401584938
2023-12-13,Washington Wizards,New Orleans Pelicans,122,142,401584939
2023-12-13,Miami Heat,Charlotte Hornets,115,104,401584940
2023-12-13,Toronto Raptors,Atlanta Hawks,135,128,401584941
2023-12-13,Houston Rockets,Memphis Grizzlies,117,104,401584942
2023-12-13,Milwaukee Bucks,Indiana Pacers,140,126,401584943
2023-12-13,San Antonio Spurs,Los Angeles Lakers,119,122,401584944
2023-12-13,Phoenix Suns,Brooklyn Nets,112,116,401584945
2023-12-13,Utah Jazz,New York Knicks,117,113,401584946
2023-12-14,Boston Celtics,Cleveland Cavaliers,116,107,401584947
2023-12-14,Miami Heat,Chicago Bulls,116,124,401584948
2023-12-14,Dallas Mavericks,Minnesota Timberwolves,101,119,401584949
2023-12-14,Denver Nuggets,Brooklyn Nets,124,101,401584950
2023-12-14,Portland Trail Blazers,Utah Jazz,114,122,401584951
2023-12-14,Sacramento Kings,Oklahoma City Thunder,128,123,401584952
2023-12-14,LA Clippers,Golden State Warriors,121,113,401584953
2023-12-15,Charlotte Hornets,New Orleans Pelicans,107,112,401584954
2023-12-15,Philadelphia 76ers,Detroit Pistons,124,92,401584955
2023-12-15,Washington Wizards,Indiana Pacers,137,123,401584956
2023-12-15,Boston Celtics,Orlando Magic,128,111,401584957
2023-12-15,Toronto Raptors,Atlanta Hawks,104,125,401584958
2023-12-15,San Antonio Spurs,Los Angeles Lakers,129,115,401584959
2023-12-15,Memphis Grizzlies,Houston Rockets,96,103,401584960
2023-12-15,Phoenix Suns,New York Knicks,122,139,401584961
2023-12-16,Milwaukee Bucks,Detroit Pistons,146,114,401584962
2023-12-16,Charlotte Hornets,Philadelphia 76ers,82,135,401584963
2023-12-16,Cleveland Cavaliers,Atlanta Hawks,127,119,401584964
2023-12-16,Miami Heat,Chicago Bulls,118,116,401584965
2023-12-16,Minnesota Timberwolves,Indiana Pacers,127,109,401584966
2023-12-16,Golden State Warriors,Brooklyn Nets,124,120,401584967
2023-12-16,Denver Nuggets,Oklahoma City Thunder,117,118,401584968
2023-12-16,Portland Trail Blazers,Dallas Mavericks,120,131,401584969
2023-12-16,Sacramento Kings,Utah Jazz,125,104,401584970
2023-12-16,LA Clippers,New York Knicks,144,122,401584971
2023-12-17,Boston Celtics,Orlando Magic,114,97,401584972
2023-12-17,San Antonio Spurs,New Orleans Pelicans,110,146,401584973
2023-12-17,Milwaukee Bucks,Houston Rockets,128,119,401584974
2023-12-17,Phoenix Suns,Washington Wizards,112,108,401584975
2023-12-17,Portland Trail Blazers,Golden State Warriors,114,118,401584976
2023-12-18,Cleveland Cavaliers,Houston Rockets,135,130,401584977
2023-12-18,Indiana Pacers,LA Clippers,127,151,401584978
2023-12-18,Philadelphia 76ers,Chicago Bulls,104,108,401584979
2023-12-18,Atlanta Hawks,Detroit Pistons,130,124,401584980
2023-12-18,Miami Heat,Minnesota Timberwolves,108,112,401584981
2023-12-18,Toronto Raptors,Charlotte Hornets,114,99,401584982
2023-12-18,Oklahoma City Thunder,Memphis Grizzlies,116,97,401584983
2023-12-18,Denver Nuggets,Dallas Mavericks,130,104,401584984
2023-12-18,Utah Jazz,Brooklyn Nets,125,108,401584985
2023-12-18,Sacramento Kings,Washington Wizards,143,131,401584986
2023-12-18,Los Angeles Lakers,New York Knicks,109,114,401584987
2023-12-19,New Orleans Pelicans,Memphis Grizzlies,113,115,401584988
2023-12-19,Milwaukee Bucks,San Antonio Spurs,132,119,401584989
2023-12-19,Golden State Warriors,Boston Celtics,132,126,401584990
2023-12-19,Portland Trail Blazers,Phoenix Suns,109,104,401584991
2023-12-20,Cleveland Cavaliers,Utah Jazz,124,116,401584992
2023-12-20,Indiana Pacers,Charlotte Hornets,144,113,401584993
2023-12-20,Orlando Magic,Miami Heat,106,115,401584994
2023-12-20,Philadelphia 76ers,Minnesota Timberwolves,127,113,401584995
2023-12-20,Brooklyn Nets,New York Knicks,102,121,401584996
2023-12-20,Toronto Raptors,Denver Nuggets,104,113,401584997
2023-12-20,Chicago Bulls,Los Angeles Lakers,124,108,401584998
2023-12-20,Houston Rockets,Atlanta Hawks,127,134,401584999
2023-12-20,Dallas Mavericks,LA Clippers,111,120,401585000
2023-12-20,Sacramento Kings,Boston Celtics,119,144,401585001
2023-12-21,Detroit Pistons,Utah Jazz,111,119,401585002
2023-12-21,Cleveland Cavaliers,New Orleans Pelicans,104,123,401585003
2023-12-21,Chicago Bulls,San Antonio Spurs,114,95,401585004
2023-12-21,Memphis Grizzlies,Indiana Pacers,116,103,401585005
2023-12-21,Milwaukee Bucks,Orlando Magic,118,114,401585006
2023-12-21,Oklahoma City Thunder,LA Clippers,134,115,401585007
2023-12-21,Minnesota Timberwolves,Los Angeles Lakers,118,111,401585008
2023-12-21,Portland Trail Blazers,Washington Wizards,117,118,401585009
2023-12-22,Philadelphia 76ers,Toronto Raptors,121,111,401585010
2023-12-22,Brooklyn Nets,Denver Nuggets,117,122,401585011
2023-12-22,Miami Heat,Atlanta Hawks,122,113,401585012
2023-12-22,Houston Rockets,Dallas Mavericks,122,96,401585013
2023-12-22,Golden State Warriors,Washington Wizards,129,118,401585014
2023-12-22,Sacramento Kings,Phoenix Suns,120,105,401585015
2023-12-23,New York Knicks,Milwaukee Bucks,111,130,401585016
2023-12-23,LA Clippers,Boston Celtics,108,145,401585017
2023-12-23,Charlotte Hornets,Denver Nuggets,95,102,401585018
2023-12-23,Indiana Pacers,Orlando Magic,110,117,401585019
2023-12-23,New Orleans Pelicans,Houston Rockets,104,106,401585020
2023-12-23,Atlanta Hawks,Memphis Grizzlies,119,125,401585021
2023-12-23,Brooklyn Nets,Detroit Pistons,126,115,401585022
2023-12-23,Toronto Raptors,Utah Jazz,119,126,401585023
2023-12-23,Chicago Bulls,Cleveland Cavaliers,95,109,401585024
2023-12-23,Oklahoma City Thunder,Los Angeles Lakers,120,129,401585025
2023-12-23,Dallas Mavericks,San Antonio Spurs,144,119,401585026
2023-12-23,Golden State Warriors,Portland Trail Blazers,126,106,401585027
2023-12-23,Sacramento Kings,Minnesota Timberwolves,98,110,401585028
2023-12-25,New York Knicks,Milwaukee Bucks,129,122,401585029
2023-12-25,Denver Nuggets,Golden State Warriors,120,114,401585030
2023-12-25,Los Angeles Lakers,Boston Celtics,115,126,401585031
2023-12-25,Miami Heat,Philadelphia 76ers,119,113,401585032
2023-12-25,Phoenix Suns,Dallas Mavericks,114,128,401585033
2023-12-26,Detroit Pistons,Brooklyn Nets,112,118,401585034
2023-12-26,Washington Wizards,Orlando Magic,119,127,401585035
2023-12-26,Chicago Bulls,Atlanta Hawks,118,113,401585036
2023-12-26,Houston Rockets,Indiana Pacers,117,123,401585037
2023-12-26,New Orleans Pelicans,Memphis Grizzlies,115,116,401585038
2023-12-26,Oklahoma City Thunder,Minnesota Timberwolves,129,106,401585039
2023-12-26,San Antonio Spurs,Utah Jazz,118,130,401585040
2023-12-26,Portland Trail Blazers,Sacramento Kings,130,113,401585041
2023-12-26,LA Clippers,Charlotte Hornets,113,104,401585042
2023-12-27,Orlando Magic,Philadelphia 76ers,92,112,401585043
2023-12-27,Washington Wizards,Toronto Raptors,102,132,401585044
2023-12-27,Brooklyn Nets,Milwaukee Bucks,122,144,401585045
2023-12-27,Houston Rockets,Phoenix Suns,113,129,401585046
2023-12-27,Oklahoma City Thunder,New York Knicks,129,120,401585047
2023-12-27,Dallas Mavericks,Cleveland Cavaliers,110,113,401585048
2023-12-28,Boston Celtics,Detroit Pistons,128,122,401585049
2023-12-28,Chicago Bulls,Indiana Pacers,104,120,401585050
2023-12-28,Minnesota Timberwolves,Dallas Mavericks,118,110,401585051
2023-12-28,New Orleans Pelicans,Utah Jazz,112,105,401585052
2023-12-28,Denver Nuggets,Memphis Grizzlies,142,105,401585053
2023-12-28,Golden State Warriors,Miami Heat,102,114,401585054
2023-12-28,Portland Trail Blazers,San Antonio Spurs,105,118,401585055
2023-12-28,Los Angeles Lakers,Charlotte Hornets,133,112,401585056
2023-12-29,Orlando Magic,New York Knicks,117,108,401585057
2023-12-29,Washington Wizards,Brooklyn Nets,110,104,401585058
2023-12-29,Atlanta Hawks,Sacramento Kings,110,117,401585059
2023-12-29,Boston Celtics,Toronto Raptors,120,118,401585060
2023-12-29,Cleveland Cavaliers,Milwaukee Bucks,111,119,401585061
2023-12-29,Houston Rockets,Philadelphia 76ers,127,131,401585062
2023-12-29,Denver Nuggets,Oklahoma City Thunder,93,119,401585063
2023-12-29,Phoenix Suns,Charlotte Hornets,133,119,401585064
2023-12-29,Portland Trail Blazers,San Antonio Spurs,134,128,401585065
2023-12-29,LA Clippers,Memphis Grizzlies,117,106,401585066
2023-12-30,Utah Jazz,Miami Heat,117,109,401585067
2023-12-30,Detroit Pistons,Toronto Raptors,129,127,401585068
2023-12-30,Indiana Pacers,New York Knicks,140,126,401585069
2023-12-30,Chicago Bulls,Philadelphia 76ers,105,92,401585070
2023-12-30,Minnesota Timberwolves,Los Angeles Lakers,108,106,401585071
2023-12-30,Golden State Warriors,Dallas Mavericks,122,132,401585072
2023-12-31,Washington Wizards,Atlanta Hawks,126,130,401585073
2023-12-31,New Orleans Pelicans,Los Angeles Lakers,129,109,401585074
2023-12-31,Oklahoma City Thunder,Brooklyn Nets,124,108,401585075
2023-12-31,San Antonio Spurs,Boston Celtics,101,134,401585076
2023-12-31,Memphis Grizzlies,Sacramento Kings,92,123,401585077
2023-12-31,Phoenix Suns,Orlando Magic,112,107,401585078
2024-01-01,New York Knicks,Minnesota Timberwolves,112,106,401585079
2024-01-01,Toronto Raptors,Cleveland Cavaliers,124,121,401585080
2024-01-01,Houston Rockets,Detroit Pistons,136,113,401585081
2024-01-01,Milwaukee Bucks,Indiana Pacers,113,122,401585082
2024-01-01,Denver Nuggets,Charlotte Hornets,111,93,401585083
2024-01-01,Phoenix Suns,Portland Trail Blazers,109,88,401585084
2024-01-01,Utah Jazz,Dallas Mavericks,127,90,401585085
2024-01-01,LA Clippers,Miami Heat,121,104,401585086
2024-01-02,Philadelphia 76ers,Chicago Bulls,110,97,401585087
2024-01-02,Memphis Grizzlies,San Antonio Spurs,106,98,401585088
2024-01-02,New Orleans Pelicans,Brooklyn Nets,112,85,401585089
2024-01-02,Oklahoma City Thunder,Boston Celtics,127,123,401585090
2024-01-02,Golden State Warriors,Orlando Magic,121,115,401585091
2024-01-02,Sacramento Kings,Charlotte Hornets,104,111,401585092
2024-01-03,Cleveland Cavaliers,Washington Wizards,140,101,401585093
2024-01-03,Indiana Pacers,Milwaukee Bucks,142,130,401585094
2024-01-03,Atlanta Hawks,Oklahoma City Thunder,141,138,401585095
2024-01-03,New York Knicks,Chicago Bulls,116,100,401585096
2024-01-03,Houston Rockets,Brooklyn Nets,112,101,401585097
2024-01-03,Memphis Grizzlies,Toronto Raptors,111,116,401585098
2024-01-03,Minnesota Timberwolves,New Orleans Pelicans,106,117,401585099
2024-01-03,Dallas Mavericks,Portland Trail Blazers,126,97,401585100
2024-01-03,Phoenix Suns,LA Clippers,122,131,401585101
2024-01-03,Utah Jazz,Detroit Pistons,154,148,401585102
2024-01-03,Los Angeles Lakers,Miami Heat,96,110,401585103
2024-01-03,Sacramento Kings,Orlando Magic,138,135,401585104
2024-01-04,San Antonio Spurs,Milwaukee Bucks,121,125,401585105
2024-01-04,Golden State Warriors,Denver Nuggets,127,130,401585106
2024-01-05,Boston Celtics,Utah Jazz,126,97,401585107
2024-01-05,Indiana Pacers,Atlanta Hawks,150,116,401585108
2024-01-05,Brooklyn Nets,Oklahoma City Thunder,124,115,401585109
2024-01-05,Cleveland Cavaliers,Washington Wizards,114,90,401585110
2024-01-05,Philadelphia 76ers,New York Knicks,92,128,401585111
2024-01-05,Chicago Bulls,Charlotte Hornets,104,91,401585112
2024-01-05,Houston Rockets,Minnesota Timberwolves,95,122,401585113
2024-01-05,New Orleans Pelicans,LA Clippers,95,111,401585114
2024-01-05,Dallas Mavericks,Portland Trail Blazers,139,103,401585115
2024-01-05,Denver Nuggets,Orlando Magic,120,122,401585116
2024-01-05,Phoenix Suns,Miami Heat,113,97,401585117
2024-01-05,Golden State Warriors,Detroit Pistons,113,109,401585118
2024-01-05,Los Angeles Lakers,Memphis Grizzlies,113,127,401585119
2024-01-05,Sacramento Kings,Toronto Raptors,135,130,401585120
2024-01-06,Indiana Pacers,Boston Celtics,101,118,401585121
2024-01-06,Washington Wizards,New York Knicks,105,121,401585122
2024-01-06,Philadelphia 76ers,Utah Jazz,109,120,401585123
2024-01-06,Houston Rockets,Milwaukee Bucks,112,108,401585124
2024-01-07,Cleveland Cavaliers,San Antonio Spurs,117,115,401585125
2024-01-07,Brooklyn Nets,Portland Trail Blazers,127,134,401585126
2024-01-07,Orlando Magic,Atlanta Hawks,117,110,401585127
2024-01-07,Sacramento Kings,New Orleans Pelicans,100,133,401585128
2024-01-07,Dallas Mavericks,Minnesota Timberwolves,115,108,401585129
2024-01-07,Denver Nuggets,Detroit Pistons,131,114,401585130
2024-01-07,Phoenix Suns,Memphis Grizzlies,115,121,401585131
2024-01-07,Golden State Warriors,Toronto Raptors,118,133,401585132
2024-01-07,Los Angeles Lakers,LA Clippers,106,103,401585133
2024-01-08,Charlotte Hornets,Chicago Bulls,112,119,401585134
2024-01-08,Indiana Pacers,Boston Celtics,133,131,401585135
2024-01-08,Washington Wizards,Oklahoma City Thunder,128,136,401585136
2024-01-08,Miami Heat,Houston Rockets,120,113,401585137
2024-01-08,Milwaukee Bucks,Utah Jazz,116,132,401585138
2024-01-08,LA Clippers,Phoenix Suns,138,111,401585139
2024-01-09,Detroit Pistons,Sacramento Kings,110,131,401585140
2024-01-09,Orlando Magic,Minnesota Timberwolves,92,113,401585141
2024-01-09,New York Knicks,Portland Trail Blazers,112,84,401585142
2024-01-09,Dallas Mavericks,Memphis Grizzlies,103,120,401585143
2024-01-09,Los Angeles Lakers,Toronto Raptors,132,131,401585144
2024-01-10,Boston Celtics,Minnesota Timberwolves,127,120,401585145
2024-01-10,Charlotte Hornets,Sacramento Kings,98,123,401585146
2024-01-10,Detroit Pistons,San Antonio Spurs,108,130,401585147
2024-01-10,Indiana Pacers,Washington Wizards,112,104,401585148
2024-01-10,Atlanta Hawks,Philadelphia 76ers,139,132,401585149
2024-01-10,Miami Heat,Oklahoma City Thunder,120,128,401585150
2024-01-10,Chicago Bulls,Houston Rockets,124,119,401585151
2024-01-10,Utah Jazz,Denver Nuggets,124,111,401585152
2024-01-10,Golden State Warriors,New Orleans Pelicans,105,141,401585153
2024-01-10,LA Clippers,Toronto Raptors,126,120,401585154
2024-01-11,Cleveland Cavaliers,Brooklyn Nets,111,102,401585155
2024-01-11,Milwaukee Bucks,Boston Celtics,135,102,401585156
2024-01-11,Oklahoma City Thunder,Portland Trail Blazers,139,77,401585157
2024-01-11,Dallas Mavericks,New York Knicks,128,124,401585158
2024-01-11,Los Angeles Lakers,Phoenix Suns,109,127,401585159
2024-01-12,Philadelphia 76ers,Sacramento Kings,112,93,401585160
2024-01-12,Atlanta Hawks,Indiana Pacers,108,126,401585161
2024-01-12,Detroit Pistons,Houston Rockets,110,112,401585162
2024-01-12,Miami Heat,Orlando Magic,99,96,401585163
2024-01-12,Chicago Bulls,Golden State Warriors,131,140,401585164
2024-01-12,Memphis Grizzlies,LA Clippers,119,128,401585165
2024-01-12,Minnesota Timberwolves,Portland Trail Blazers,116,93,401585166
2024-01-12,Denver Nuggets,New Orleans Pelicans,125,113,401585167
2024-01-12,Utah Jazz,Toronto Raptors,145,113,401585168
2024-01-12,San Antonio Spurs,Charlotte Hornets,135,99,401585169
2024-01-13,Boston Celtics,Houston Rockets,145,113,401585170
2024-01-13,Atlanta Hawks,Washington Wizards,99,127,401585171
2024-01-13,Memphis Grizzlies,New York Knicks,94,106,401585172
2024-01-13,Milwaukee Bucks,Golden State Warriors,129,118,401585173
2024-01-13,Oklahoma City Thunder,Orlando Magic,112,100,401585174
2024-01-13,Dallas Mavericks,New Orleans Pelicans,108,118,401585175
2024-01-13,San Antonio Spurs,Chicago Bulls,116,122,401585176
2024-01-13,Utah Jazz,Los Angeles Lakers,132,125,401585177
2024-01-14,Denver Nuggets,Indiana Pacers,117,109,401585178
2024-01-14,Miami Heat,Charlotte Hornets,104,87,401585179
2024-01-14,Milwaukee Bucks,Sacramento Kings,143,142,401585180
2024-01-14,Minnesota Timberwolves,LA Clippers,109,105,401585181
2024-01-14,Portland Trail Blazers,Phoenix Suns,116,127,401585182
2024-01-15,Philadelphia 76ers,Houston Rockets,124,115,401585183
2024-01-15,Dallas Mavericks,New Orleans Pelicans,125,120,401585184
2024-01-15,New York Knicks,Orlando Magic,94,98,401585185
2024-01-15,Washington Wizards,Detroit Pistons,117,129,401585186
2024-01-15,Atlanta Hawks,San Antonio Spurs,109,99,401585187
2024-01-15,Memphis Grizzlies,Golden State Warriors,116,107,401585188
2024-01-15,Cleveland Cavaliers,Chicago Bulls,109,91,401585189
2024-01-15,Brooklyn Nets,Miami Heat,95,96,401585190
2024-01-15,Toronto Raptors,Boston Celtics,96,105,401585191
2024-01-15,Utah Jazz,Indiana Pacers,132,105,401585192
2024-01-15,Los Angeles Lakers,Oklahoma City Thunder,112,105,401585193
2024-01-16,Philadelphia 76ers,Denver Nuggets,126,121,401585194
2024-01-16,Phoenix Suns,Sacramento Kings,119,117,401585195
2024-01-16,LA Clippers,Oklahoma City Thunder,128,117,401585196
2024-01-17,Detroit Pistons,Minnesota Timberwolves,117,124,401585197
2024-01-17,Atlanta Hawks,Orlando Magic,106,104,401585198
2024-01-17,Boston Celtics,San Antonio Spurs,117,98,401585199
2024-01-17,Cleveland Cavaliers,Milwaukee Bucks,135,95,401585200
2024-01-17,New York Knicks,Houston Rockets,109,94,401585201
2024-01-17,Toronto Raptors,Miami Heat,121,97,401585202
2024-01-17,New Orleans Pelicans,Charlotte Hornets,132,112,401585203
2024-01-17,Los Angeles Lakers,Dallas Mavericks,127,110,401585205
2024-01-17,Portland Trail Blazers,Brooklyn Nets,105,103,401585206
2024-01-18,New York Knicks,Washington Wizards,113,109,401585207
2024-01-18,Toronto Raptors,Chicago Bulls,110,116,401585208
2024-01-18,Utah Jazz,Oklahoma City Thunder,129,134,401585209
2024-01-18,Minnesota Timberwolves,Memphis Grizzlies,118,103,401585210
2024-01-18,Sacramento Kings,Indiana Pacers,121,126,401585211
2024-01-19,Charlotte Hornets,San Antonio Spurs,124,120,401585212
2024-01-19,Orlando Magic,Philadelphia 76ers,109,124,401585213
2024-01-19,Boston Celtics,Denver Nuggets,100,102,401585214
2024-01-19,Miami Heat,Atlanta Hawks,108,109,401585215
2024-01-19,New Orleans Pelicans,Phoenix Suns,109,123,401585216
2024-01-19,Portland Trail Blazers,Indiana Pacers,118,115,401585218
2024-01-19,Los Angeles Lakers,Brooklyn Nets,112,130,401585219
2024-01-20,Detroit Pistons,Milwaukee Bucks,135,141,401585220
2024-01-20,Charlotte Hornets,Philadelphia 76ers,89,97,401585221
2024-01-20,Washington Wizards,San Antonio Spurs,127,131,401585222
2024-01-20,Atlanta Hawks,Cleveland Cavaliers,95,116,401585223
2024-01-20,New York Knicks,Toronto Raptors,126,100,401585224
2024-01-20,Chicago Bulls,Memphis Grizzlies,125,96,401585225
2024-01-20,Houston Rockets,Utah Jazz,127,126,401585226
2024-01-20,Minnesota Timberwolves,Oklahoma City Thunder,97,102,401585227
2024-01-21,LA Clippers,Brooklyn Nets,125,114,401585228
2024-01-21,Orlando Magic,Miami Heat,105,87,401585229
2024-01-21,Washington Wizards,Denver Nuggets,104,113,401585230
2024-01-21,Houston Rockets,Boston Celtics,107,116,401585231
2024-01-21,Phoenix Suns,Indiana Pacers,117,110,401585232
2024-01-21,Los Angeles Lakers,Portland Trail Blazers,134,110,401585233
2024-01-22,Detroit Pistons,Milwaukee Bucks,113,122,401585234
2024-01-22,Orlando Magic,Cleveland Cavaliers,99,126,401585235
2024-01-22,Philadelphia 76ers,San Antonio Spurs,133,123,401585236
2024-01-22,Toronto Raptors,Memphis Grizzlies,100,108,401585237
2024-01-22,Minnesota Timberwolves,Charlotte Hornets,125,128,401585238
2024-01-22,Dallas Mavericks,Boston Celtics,110,119,401585239
2024-01-22,Phoenix Suns,Chicago Bulls,115,113,401585240
2024-01-22,Sacramento Kings,Atlanta Hawks,122,107,401585241
2024-01-23,Indiana Pacers,Denver Nuggets,109,114,401585242
2024-01-23,Brooklyn Nets,New York Knicks,103,108,401585243
2024-01-23,New Orleans Pelicans,Utah Jazz,153,124,401585244
2024-01-23,Oklahoma City Thunder,Portland Trail Blazers,111,109,401585245
2024-01-23,LA Clippers,Los Angeles Lakers,127,116,401585246
2024-01-24,Detroit Pistons,Charlotte Hornets,113,106,401585247
2024-01-24,Washington Wizards,Minnesota Timberwolves,107,118,401585248
2024-01-24,Miami Heat,Memphis Grizzlies,96,105,401585249
2024-01-24,San Antonio Spurs,Oklahoma City Thunder,114,140,401585250
2024-01-24,Houston Rockets,Portland Trail Blazers,131,137,401585251
2024-01-24,Milwaukee Bucks,Cleveland Cavaliers,126,116,401585252
2024-01-24,Dallas Mavericks,Phoenix Suns,109,132,401585253
2024-01-24,Golden State Warriors,Atlanta Hawks,134,112,401585254
2024-01-25,Indiana Pacers,Philadelphia 76ers,134,122,401585255
2024-01-25,Washington Wizards,Utah Jazz,108,123,401585256
2024-01-25,Brooklyn Nets,Minnesota Timberwolves,94,96,401585257
2024-01-25,Miami Heat,Boston Celtics,110,143,401585258
2024-01-25,New York Knicks,Denver Nuggets,122,84,401585259
2024-01-25,Golden State Warriors,Sacramento Kings,133,134,401585260
2024-01-25,Los Angeles Lakers,Chicago Bulls,141,132,401585261
2024-01-26,Atlanta Hawks,Dallas Mavericks,143,148,401585262
2024-01-26,Charlotte Hornets,Houston Rockets,104,138,401585263
2024-01-26,Indiana Pacers,Phoenix Suns,133,131,401585264
2024-01-26,Toronto Raptors,LA Clippers,107,127,401585265
2024-01-26,Memphis Grizzlies,Orlando Magic,107,106,401585266
2024-01-26,Milwaukee Bucks,Cleveland Cavaliers,100,112,401585267
2024-01-26,New Orleans Pelicans,Oklahoma City Thunder,83,107,401585268
2024-01-26,San Antonio Spurs,Portland Trail Blazers,116,100,401585269
2024-01-27,Detroit Pistons,Washington Wizards,104,118,401585270
2024-01-27,New York Knicks,Miami Heat,125,109,401585271
2024-01-27,Denver Nuggets,Philadelphia 76ers,111,105,401585272
2024-01-27,Brooklyn Nets,Houston Rockets,106,104,401585273
2024-01-27,Boston Celtics,LA Clippers,96,115,401585274
2024-01-27,Charlotte Hornets,Utah Jazz,122,134,401585275
2024-01-27,Milwaukee Bucks,New Orleans Pelicans,141,117,401585276
2024-01-27,San Antonio Spurs,Minnesota Timberwolves,113,112,401585277
2024-01-27,Golden State Warriors,Los Angeles Lakers,144,145,401585278
2024-01-27,Dallas Mavericks,Sacramento Kings,115,120,401585279
2024-01-28,Indiana Pacers,Memphis Grizzlies,116,110,401585280
2024-01-28,Atlanta Hawks,Toronto Raptors,126,125,401585281
2024-01-28,Detroit Pistons,Oklahoma City Thunder,120,104,401585282
2024-01-28,Orlando Magic,Phoenix Suns,113,98,401585283
2024-01-28,Portland Trail Blazers,Chicago Bulls,96,104,401585284
2024-01-29,Charlotte Hornets,New York Knicks,92,113,401585285
2024-01-29,Cleveland Cavaliers,LA Clippers,118,108,401585286
2024-01-29,Boston Celtics,New Orleans Pelicans,118,112,401585287
2024-01-29,Brooklyn Nets,Utah Jazz,147,114,401585288
2024-01-29,Miami Heat,Phoenix Suns,105,118,401585289
2024-01-29,Houston Rockets,Los Angeles Lakers,135,119,401585290
2024-01-29,Memphis Grizzlies,Sacramento Kings,94,103,401585291
2024-01-29,Oklahoma City Thunder,Minnesota Timberwolves,101,107,401585292
2024-01-29,San Antonio Spurs,Washington Wizards,113,118,401585293
2024-01-29,Dallas Mavericks,Orlando Magic,131,129,401585294
2024-01-29,Denver Nuggets,Milwaukee Bucks,113,107,401585295
2024-01-29,Portland Trail Blazers,Philadelphia 76ers,130,104,401585296
2024-01-30,Atlanta Hawks,Los Angeles Lakers,138,122,401585297
2024-01-30,Boston Celtics,Indiana Pacers,129,124,401585298
2024-01-30,New York Knicks,Utah Jazz,118,103,401585299
2024-01-30,Chicago Bulls,Toronto Raptors,107,118,401585300
2024-01-30,Golden State Warriors,Philadelphia 76ers,119,107,401585301
2024-01-31,Charlotte Hornets,Chicago Bulls,110,117,401585302
2024-01-31,Cleveland Cavaliers,Detroit Pistons,128,121,401585303
2024-01-31,Washington Wizards,LA Clippers,109,125,401585304
2024-01-31,Brooklyn Nets,Phoenix Suns,120,136,401585305
2024-01-31,Miami Heat,Sacramento Kings,115,106,401585306
2024-01-31,Houston Rockets,New Orleans Pelicans,99,110,401585307
2024-01-31,Minnesota Timberwolves,Dallas Mavericks,121,87,401585308
2024-01-31,San Antonio Spurs,Orlando Magic,98,108,401585309
2024-01-31,Oklahoma City Thunder,Denver Nuggets,105,100,401585310
2024-01-31,Portland Trail Blazers,Milwaukee Bucks,119,116,401585311
2024-02-01,Boston Celtics,Los Angeles Lakers,105,114,401585312
2024-02-01,New York Knicks,Indiana Pacers,109,105,401585313
2024-02-01,Utah Jazz,Philadelphia 76ers,124,127,401585314
2024-02-01,Memphis Grizzlies,Cleveland Cavaliers,101,108,401585315
2024-02-02,Detroit Pistons,LA Clippers,125,136,401585316
2024-02-02,Washington Wizards,Miami Heat,102,110,401585317
2024-02-02,Atlanta Hawks,Phoenix Suns,129,120,401585318
2024-02-02,Indiana Pacers,Sacramento Kings,122,133,401585319
2024-02-02,Houston Rockets,Toronto Raptors,135,106,401585320
2024-02-02,Memphis Grizzlies,Golden State Warriors,101,121,401585321
2024-02-02,Minnesota Timberwolves,Orlando Magic,106,108,401585322
2024-02-02,Oklahoma City Thunder,Charlotte Hornets,126,106,401585323
2024-02-02,San Antonio Spurs,New Orleans Pelicans,113,114,401585324
2024-02-02,Denver Nuggets,Portland Trail Blazers,120,108,401585325
2024-02-03,Philadelphia 76ers,Brooklyn Nets,121,136,401585326
2024-02-03,Atlanta Hawks,Golden State Warriors,141,134,401585327
2024-02-03,Chicago Bulls,Sacramento Kings,115,123,401585328
2024-02-03,New York Knicks,Los Angeles Lakers,105,113,401585329
2024-02-03,Dallas Mavericks,Milwaukee Bucks,117,129,401585330
2024-02-03,San Antonio Spurs,Cleveland Cavaliers,101,117,401585331
2024-02-04,Detroit Pistons,Orlando Magic,99,111,401585332
2024-02-04,Washington Wizards,Phoenix Suns,112,140,401585333
2024-02-04,Boston Celtics,Memphis Grizzlies,131,91,401585334
2024-02-04,Charlotte Hornets,Indiana Pacers,99,115,401585335
2024-02-04,Miami Heat,LA Clippers,95,103,401585336
2024-02-04,Minnesota Timberwolves,Houston Rockets,111,90,401585337
2024-02-04,Oklahoma City Thunder,Toronto Raptors,135,127,401585338
2024-02-04,Utah Jazz,Milwaukee Bucks,123,108,401585339
2024-02-04,Denver Nuggets,Portland Trail Blazers,112,103,401585340
2024-02-05,Charlotte Hornets,Los Angeles Lakers,118,124,401585341
2024-02-05,Cleveland Cavaliers,Sacramento Kings,136,110,401585342
2024-02-05,Philadelphia 76ers,Dallas Mavericks,102,118,401585343
2024-02-05,Atlanta Hawks,LA Clippers,144,149,401585344
2024-02-05,Brooklyn Nets,Golden State Warriors,98,109,401585345
2024-02-05,New Orleans Pelicans,Toronto Raptors,138,100,401585346
2024-02-06,Indiana Pacers,Houston Rockets,132,129,401585347
2024-02-06,Brooklyn Nets,Dallas Mavericks,107,119,401585348
2024-02-06,Miami Heat,Orlando Magic,121,95,401585349
2024-02-06,New York Knicks,Memphis Grizzlies,123,113,401585350
2024-02-06,Chicago Bulls,Minnesota Timberwolves,129,123,401585351
2024-02-06,Utah Jazz,Oklahoma City Thunder,124,117,401585352
2024-02-06,Phoenix Suns,Milwaukee Bucks,114,106,401585353
2024-02-07,Charlotte Hornets,Toronto Raptors,117,123,401585354
2024-02-07,Philadelphia 76ers,Golden State Warriors,104,127,401585355
2024-02-07,Washington Wizards,Cleveland Cavaliers,106,114,401585356
2024-02-07,Boston Celtics,Atlanta Hawks,125,117,401585357
2024-02-07,Miami Heat,San Antonio Spurs,116,104,401585358
2024-02-07,LA Clippers,New Orleans Pelicans,106,117,401585359
2024-02-07,Sacramento Kings,Detroit Pistons,120,133,401585360
2024-02-08,Indiana Pacers,Golden State Warriors,109,131,401585361
2024-02-08,Orlando Magic,San Antonio Spurs,127,111,401585362
2024-02-08,Brooklyn Nets,Cleveland Cavaliers,95,118,401585363
2024-02-08,New York Knicks,Dallas Mavericks,108,122,401585364
2024-02-08,Memphis Grizzlies,Chicago Bulls,110,118,401585365
2024-02-08,Milwaukee Bucks,Minnesota Timberwolves,105,129,401585366
2024-02-08,Phoenix Suns,Utah Jazz,129,115,401585367
2024-02-08,Los Angeles Lakers,Denver Nuggets,106,114,401585368
2024-02-08,Portland Trail Blazers,Detroit Pistons,122,128,401585369
2024-02-09,Philadelphia 76ers,Atlanta Hawks,121,127,401585370
2024-02-09,Boston Celtics,Washington Wizards,133,129,401585371
2024-02-09,Toronto Raptors,Houston Rockets,107,104,401585372
2024-02-09,Milwaukee Bucks,Charlotte Hornets,120,84,401585373
2024-02-09,Sacramento Kings,Denver Nuggets,135,106,401585374
2024-02-09,Los Angeles Lakers,New Orleans Pelicans,139,122,401585375
2024-02-10,Dallas Mavericks,Oklahoma City Thunder,146,111,401585376
2024-02-10,LA Clippers,Detroit Pistons,112,106,401585377
2024-02-10,Brooklyn Nets,San Antonio Spurs,123,103,401585378
2024-02-10,Charlotte Hornets,Memphis Grizzlies,115,106,401585379
2024-02-10,Orlando Magic,Chicago Bulls,114,108,401585380
2024-02-10,Washington Wizards,Philadelphia 76ers,113,119,401585381
2024-02-10,Atlanta Hawks,Houston Rockets,122,113,401585382
2024-02-10,New York Knicks,Indiana Pacers,111,125,401585383
2024-02-10,Toronto Raptors,Cleveland Cavaliers,95,119,401585384
2024-02-10,Golden State Warriors,Phoenix Suns,113,112,401585385
2024-02-10,Portland Trail Blazers,New Orleans Pelicans,84,93,401585386
2024-02-11,Miami Heat,Boston Celtics,106,110,401585387
2024-02-11,Oklahoma City Thunder,Sacramento Kings,127,113,401585388
2024-02-12,Charlotte Hornets,Indiana Pacers,111,102,401585389
2024-02-12,Cleveland Cavaliers,Philadelphia 76ers,121,123,401585390
2024-02-12,Atlanta Hawks,Chicago Bulls,126,136,401585391
2024-02-12,Toronto Raptors,San Antonio Spurs,99,122,401585392
2024-02-12,Houston Rockets,New York Knicks,105,103,401585393
2024-02-12,Memphis Grizzlies,New Orleans Pelicans,87,96,401585394
2024-02-12,Milwaukee Bucks,Denver Nuggets,112,95,401585395
2024-02-12,Dallas Mavericks,Washington Wizards,112,104,401585396
2024-02-12,Utah Jazz,Golden State Warriors,107,129,401585397
2024-02-12,LA Clippers,Minnesota Timberwolves,100,121,401585398
2024-02-13,Brooklyn Nets,Boston Celtics,110,118,401585399
2024-02-13,Orlando Magic,Oklahoma City Thunder,113,127,401585400
2024-02-13,Milwaukee Bucks,Miami Heat,97,123,401585401
2024-02-13,Phoenix Suns,Sacramento Kings,130,125,401585402
2024-02-13,Portland Trail Blazers,Minnesota Timberwolves,109,121,401585403
2024-02-13,Los Angeles Lakers,Detroit Pistons,125,111,401585404
2024-02-14,Charlotte Hornets,Atlanta Hawks,122,99,401585405
2024-02-14,Orlando Magic,New York Knicks,118,100,401585406
2024-02-14,Philadelphia 76ers,Miami Heat,104,109,401585407
2024-02-14,Boston Celtics,Brooklyn Nets,136,86,401585408
2024-02-14,Cleveland Cavaliers,Chicago Bulls,108,105,401585409
2024-02-14,Toronto Raptors,Indiana Pacers,125,127,401585410
2024-02-14,Memphis Grizzlies,Houston Rockets,121,113,401585411
2024-02-14,New Orleans Pelicans,Washington Wizards,133,126,401585412
2024-02-14,Dallas Mavericks,San Antonio Spurs,116,93,401585413
2024-02-14,Denver Nuggets,Sacramento Kings,98,102,401585414
2024-02-14,Phoenix Suns,Detroit Pistons,116,100,401585415
2024-02-14,Utah Jazz,Los Angeles Lakers,122,138,401585416
2024-02-14,Golden State Warriors,LA Clippers,125,130,401585417
2024-02-15,Memphis Grizzlies,Milwaukee Bucks,113,110,401585418
2024-02-15,Portland Trail Blazers,Minnesota Timberwolves,91,128,401585419
2024-02-15,Utah Jazz,Golden State Warriors,137,140,401636113
2024-02-18,Eastern Conf All-Stars,Western Conf All-Stars,211,186,401623259
2024-02-22,Cleveland Cavaliers,Orlando Magic,109,116,401585420
2024-02-22,Indiana Pacers,Detroit Pistons,129,115,401585421
2024-02-22,Philadelphia 76ers,New York Knicks,96,110,401585422
2024-02-22,Toronto Raptors,Brooklyn Nets,121,93,401585423
2024-02-22,Dallas Mavericks,Phoenix Suns,123,113,401585424
2024-02-22,Chicago Bulls,Boston Celtics,112,129,401585425
2024-02-22,New Orleans Pelicans,Houston Rockets,127,105,401585426
2024-02-22,Oklahoma City Thunder,LA Clippers,129,107,401585427
2024-02-22,Denver Nuggets,Washington Wizards,130,110,401585428
2024-02-22,Utah Jazz,Charlotte Hornets,107,115,401585429
2024-02-22,Golden State Warriors,Los Angeles Lakers,128,110,401585430
2024-02-22,Sacramento Kings,San Antonio Spurs,127,122,401585431
2024-02-23,Atlanta Hawks,Toronto Raptors,121,123,401585432
2024-02-23,Philadelphia 76ers,Cleveland Cavaliers,104,97,401585433
2024-02-23,Houston Rockets,Phoenix Suns,114,110,401585434
2024-02-23,Memphis Grizzlies,LA Clippers,95,101,401585435
2024-02-23,Minnesota Timberwolves,Milwaukee Bucks,107,112,401585436
2024-02-23,Oklahoma City Thunder,Washington Wizards,147,106,401585437
2024-02-23,New Orleans Pelicans,Miami Heat,95,106,401585438
2024-02-23,Golden State Warriors,Charlotte Hornets,97,84,401585439
2024-02-23,Portland Trail Blazers,Denver Nuggets,112,127,401585440
2024-02-23,Los Angeles Lakers,San Antonio Spurs,123,118,401585441
2024-02-24,Detroit Pistons,Orlando Magic,109,112,401585442
2024-02-24,Minnesota Timberwolves,Brooklyn Nets,101,86,401585443
2024-02-24,New York Knicks,Boston Celtics,102,116,401585444
2024-02-25,Philadelphia 76ers,Milwaukee Bucks,98,119,401585445
2024-02-25,Phoenix Suns,Los Angeles Lakers,123,113,401585446
2024-02-25,Indiana Pacers,Dallas Mavericks,133,111,401585447
2024-02-25,Washington Wizards,Cleveland Cavaliers,105,114,401585448
2024-02-25,Atlanta Hawks,Orlando Magic,109,92,401585449
2024-02-25,Houston Rockets,Oklahoma City Thunder,110,123,401585450
2024-02-25,New Orleans Pelicans,Chicago Bulls,106,114,401585451
2024-02-25,Golden State Warriors,Denver Nuggets,103,119,401585452
2024-02-25,Utah Jazz,San Antonio Spurs,128,109,401585453
2024-02-25,Portland Trail Blazers,Charlotte Hornets,80,93,401585454
2024-02-25,LA Clippers,Sacramento Kings,107,123,401585455
2024-02-26,New York Knicks,Detroit Pistons,113,111,401585456
2024-02-26,Indiana Pacers,Toronto Raptors,122,130,401585457
2024-02-26,Memphis Grizzlies,Brooklyn Nets,86,111,401585458
2024-02-26,Sacramento Kings,Miami Heat,110,121,401585459
2024-02-27,Cleveland Cavaliers,Dallas Mavericks,121,119,401585460
2024-02-27,Orlando Magic,Brooklyn Nets,108,81,401585461
2024-02-27,Washington Wizards,Golden State Warriors,112,123,401585462
2024-02-27,Atlanta Hawks,Utah Jazz,124,97,401585463
2024-02-27,Boston Celtics,Philadelphia 76ers,117,99,401585464
2024-02-27,New York Knicks,New Orleans Pelicans,92,115,401585465
2024-02-27,Minnesota Timberwolves,San Antonio Spurs,114,105,401585466
2024-02-27,Chicago Bulls,Detroit Pistons,95,105,401585467
2024-02-27,Milwaukee Bucks,Charlotte Hornets,123,85,401585468
2024-02-27,Oklahoma City Thunder,Houston Rockets,112,95,401585469
2024-02-27,Portland Trail Blazers,Miami Heat,96,106,401585470
2024-02-28,Indiana Pacers,New Orleans Pelicans,123,114,401585471
2024-02-28,Toronto Raptors,Dallas Mavericks,125,136,401585472
2024-02-28,Minnesota Timberwolves,Memphis Grizzlies,110,101,401585473
2024-02-28,Chicago Bulls,Cleveland Cavaliers,132,123,401585474
2024-02-28,Denver Nuggets,Sacramento Kings,117,96,401585475
2024-02-28,LA Clippers,Los Angeles Lakers,112,116,401585476
2024-02-29,Charlotte Hornets,Milwaukee Bucks,99,111,401585477
2024-02-29,Orlando Magic,Utah Jazz,115,107,401585478
2024-02-29,Brooklyn Nets,Atlanta Hawks,124,97,401585479
2024-02-29,New York Knicks,Golden State Warriors,99,110,401585480
2024-02-29,San Antonio Spurs,Oklahoma City Thunder,132,118,401585481
2024-02-29,Phoenix Suns,Houston Rockets,110,105,401585482
2024-02-29,Denver Nuggets,Miami Heat,103,97,401585483
2024-02-29,Los Angeles Lakers,Washington Wizards,134,131,401585484
2024-03-01,Detroit Pistons,Cleveland Cavaliers,100,110,401585485
2024-03-01,Philadelphia 76ers,Charlotte Hornets,121,114,401585486
2024-03-01,Boston Celtics,Dallas Mavericks,138,110,401585487
2024-03-01,Toronto Raptors,Golden State Warriors,105,120,401585488
2024-03-01,Memphis Grizzlies,Portland Trail Blazers,92,122,401585489
2024-03-01,Minnesota Timberwolves,Sacramento Kings,120,124,401585490
2024-03-01,New Orleans Pelicans,Indiana Pacers,129,102,401585491
2024-03-01,Chicago Bulls,Milwaukee Bucks,97,113,401585492
2024-03-01,LA Clippers,Washington Wizards,140,115,401585493
2024-03-02,Brooklyn Nets,Atlanta Hawks,114,102,401585494
2024-03-02,Miami Heat,Utah Jazz,126,120,401585495
2024-03-02,Memphis Grizzlies,Portland Trail Blazers,100,107,401585496
2024-03-02,Los Angeles Lakers,Denver Nuggets,114,124,401585497
2024-03-02,Phoenix Suns,Houston Rockets,109,118,401585498
2024-03-03,Dallas Mavericks,Philadelphia 76ers,116,120,401585499
2024-03-03,Boston Celtics,Golden State Warriors,140,88,401585500
2024-03-03,Minnesota Timberwolves,LA Clippers,88,89,401585501
2024-03-03,Orlando Magic,Detroit Pistons,113,91,401585502
2024-03-03,Toronto Raptors,Charlotte Hornets,111,106,401585503
2024-03-03,Cleveland Cavaliers,New York Knicks,98,107,401585504
2024-03-03,San Antonio Spurs,Indiana Pacers,117,105,401585505
2024-03-03,Phoenix Suns,Oklahoma City Thunder,110,118,401585506
2024-03-04,Brooklyn Nets,Memphis Grizzlies,102,106,401585507
2024-03-04,Milwaukee Bucks,LA Clippers,113,106,401585508
2024-03-04,Minnesota Timberwolves,Portland Trail Blazers,119,114,401585509
2024-03-04,Utah Jazz,Washington Wizards,127,115,401585510
2024-03-04,Sacramento Kings,Chicago Bulls,109,113,401585511
2024-03-04,Los Angeles Lakers,Oklahoma City Thunder,116,104,401585512
2024-03-05,Charlotte Hornets,Orlando Magic,89,101,401585513
2024-03-05,Cleveland Cavaliers,Boston Celtics,105,104,401585514
2024-03-05,Brooklyn Nets,Philadelphia 76ers,112,107,401585515
2024-03-05,Miami Heat,Detroit Pistons,118,110,401585516
2024-03-05,New York Knicks,Atlanta Hawks,100,116,401585517
2024-03-05,Toronto Raptors,New Orleans Pelicans,98,139,401585518
2024-03-05,Houston Rockets,San Antonio Spurs,114,101,401585519
2024-03-05,Dallas Mavericks,Indiana Pacers,120,137,401585520
2024-03-05,Denver Nuggets,Phoenix Suns,107,117,401585521
2024-03-06,Washington Wizards,Orlando Magic,109,119,401585522
2024-03-06,Atlanta Hawks,Cleveland Cavaliers,112,101,401585523
2024-03-06,Philadelphia 76ers,Memphis Grizzlies,109,115,401585524
2024-03-06,Houston Rockets,LA Clippers,116,122,401585525
2024-03-06,Utah Jazz,Chicago Bulls,117,119,401585526
2024-03-06,Golden State Warriors,Milwaukee Bucks,125,90,401585527
2024-03-06,Portland Trail Blazers,Oklahoma City Thunder,120,128,401585528
2024-03-06,Los Angeles Lakers,Sacramento Kings,120,130,401585529
2024-03-07,Detroit Pistons,Brooklyn Nets,118,112,401585530
2024-03-07,Indiana Pacers,Minnesota Timberwolves,111,113,401585531
2024-03-07,Dallas Mavericks,Miami Heat,114,108,401585532
2024-03-07,Phoenix Suns,Toronto Raptors,120,113,401585533
2024-03-07,Denver Nuggets,Boston Celtics,115,109,401585534
2024-03-07,Golden State Warriors,Chicago Bulls,122,125,401585535
2024-03-07,Sacramento Kings,San Antonio Spurs,131,129,401585536
2024-03-08,Philadelphia 76ers,New Orleans Pelicans,95,103,401585537
2024-03-08,Washington Wizards,Charlotte Hornets,112,100,401585538
2024-03-08,Cleveland Cavaliers,Minnesota Timberwolves,113,104,401585539
2024-03-08,New York Knicks,Orlando Magic,98,74,401585540
2024-03-08,Memphis Grizzlies,Atlanta Hawks,92,99,401585541
2024-03-08,Oklahoma City Thunder,Miami Heat,107,100,401585542
2024-03-08,Los Angeles Lakers,Milwaukee Bucks,123,122,401585543
2024-03-08,Portland Trail Blazers,Houston Rockets,107,123,401585544
2024-03-09,LA Clippers,Chicago Bulls,112,102,401585545
2024-03-09,Charlotte Hornets,Brooklyn Nets,110,99,401585546
2024-03-09,Detroit Pistons,Dallas Mavericks,124,142,401585547
2024-03-09,Phoenix Suns,Boston Celtics,107,117,401585548
2024-03-09,Golden State Warriors,San Antonio Spurs,113,126,401585549
2024-03-09,Denver Nuggets,Utah Jazz,142,121,401585550
2024-03-09,Portland Trail Blazers,Toronto Raptors,128,118,401585551
2024-03-10,LA Clippers,Milwaukee Bucks,117,124,401585552
2024-03-10,Atlanta Hawks,New Orleans Pelicans,103,116,401585553
2024-03-10,Miami Heat,Washington Wizards,108,110,401585554
2024-03-10,New York Knicks,Philadelphia 76ers,73,79,401585555
2024-03-10,Orlando Magic,Indiana Pacers,97,111,401585556
2024-03-10,Sacramento Kings,Houston Rockets,104,112,401585557
2024-03-10,Cleveland Cavaliers,Brooklyn Nets,101,120,401585558
2024-03-10,Oklahoma City Thunder,Memphis Grizzlies,124,93,401585559
2024-03-10,Los Angeles Lakers,Minnesota Timberwolves,120,109,401585560
2024-03-11,Detroit Pistons,Charlotte Hornets,114,97,401585561
2024-03-11,Cleveland Cavaliers,Phoenix Suns,111,117,401585562
2024-03-11,Chicago Bulls,Dallas Mavericks,92,127,401585563
2024-03-11,San Antonio Spurs,Golden State Warriors,102,112,401585564
2024-03-11,Denver Nuggets,Toronto Raptors,125,119,401585565
2024-03-11,Portland Trail Blazers,Boston Celtics,99,121,401585566
2024-03-12,New York Knicks,Philadelphia 76ers,106,79,401585567
2024-03-12,Memphis Grizzlies,Washington Wizards,109,97,401585568
2024-03-12,Oklahoma City Thunder,Indiana Pacers,111,121,401585569
2024-03-12,San Antonio Spurs,Houston Rockets,101,103,401585570
2024-03-12,Utah Jazz,Boston Celtics,107,123,401585571
2024-03-12,LA Clippers,Minnesota Timberwolves,100,118,401585572
2024-03-12,Sacramento Kings,Milwaukee Bucks,129,94,401585573
2024-03-13,Detroit Pistons,Toronto Raptors,113,104,401585574
2024-03-13,Orlando Magic,Brooklyn Nets,114,106,401585575
2024-03-13,Indiana Pacers,Chicago Bulls,129,132,401585576
2024-03-13,Miami Heat,Denver Nuggets,88,100,401585577
2024-03-13,Memphis Grizzlies,Charlotte Hornets,98,110,401585578
2024-03-13,New Orleans Pelicans,Cleveland Cavaliers,95,116,401585579
2024-03-13,Dallas Mavericks,Golden State Warriors,109,99,401585580
2024-03-13,Portland Trail Blazers,Atlanta Hawks,106,102,401585581
2024-03-13,Sacramento Kings,Los Angeles Lakers,120,107,401585582
2024-03-14,Boston Celtics,Phoenix Suns,127,112,401585583
2024-03-14,Chicago Bulls,LA Clippers,111,126,401585584
2024-03-14,Houston Rockets,Washington Wizards,135,119,401585585
2024-03-14,Milwaukee Bucks,Philadelphia 76ers,114,105,401585586
2024-03-14,Oklahoma City Thunder,Dallas Mavericks,126,119,401585587
2024-03-14,Portland Trail Blazers,New York Knicks,93,105,401585588
2024-03-15,Charlotte Hornets,Phoenix Suns,96,107,401585589
2024-03-15,Detroit Pistons,Miami Heat,95,108,401585590
2024-03-15,Toronto Raptors,Orlando Magic,103,113,401585591
2024-03-15,New Orleans Pelicans,LA Clippers,112,104,401585592
2024-03-15,San Antonio Spurs,Denver Nuggets,106,117,401585593
2024-03-15,Utah Jazz,Atlanta Hawks,124,122,401585594
2024-03-16,Houston Rockets,Cleveland Cavaliers,117,103,401585595
2024-03-16,Indiana Pacers,Brooklyn Nets,121,100,401585596
2024-03-16,Philadelphia 76ers,Charlotte Hornets,109,98,401585597
2024-03-16,New Orleans Pelicans,Portland Trail Blazers,126,107,401585598
2024-03-16,Chicago Bulls,Washington Wizards,127,98,401585599
2024-03-16,Memphis Grizzlies,Oklahoma City Thunder,112,118,401585600
2024-03-16,Los Angeles Lakers,Golden State Warriors,121,128,401585601
2024-03-16,Utah Jazz,Minnesota Timberwolves,100,119,401585602
2024-03-16,Sacramento Kings,New York Knicks,91,98,401585603
2024-03-17,Milwaukee Bucks,Phoenix Suns,140,129,401585604
2024-03-17,Detroit Pistons,Miami Heat,101,104,401585605
2024-03-17,Dallas Mavericks,Denver Nuggets,107,105,401585606
2024-03-17,Orlando Magic,Toronto Raptors,111,96,401585607
2024-03-17,Washington Wizards,Boston Celtics,104,130,401585608
2024-03-17,San Antonio Spurs,Brooklyn Nets,122,115,401585609
2024-03-17,LA Clippers,Atlanta Hawks,93,110,401585610
2024-03-18,Indiana Pacers,Cleveland Cavaliers,103,108,401585611
2024-03-18,Boston Celtics,Detroit Pistons,119,94,401585612
2024-03-18,Philadelphia 76ers,Miami Heat,98,91,401585613
2024-03-18,Chicago Bulls,Portland Trail Blazers,110,107,401585614
2024-03-18,Utah Jazz,Minnesota Timberwolves,104,114,401585615
2024-03-18,Golden State Warriors,New York Knicks,112,119,401585616
2024-03-18,Sacramento Kings,Memphis Grizzlies,121,111,401585617
2024-03-18,Los Angeles Lakers,Atlanta Hawks,136,105,401585618
2024-03-19,Orlando Magic,Charlotte Hornets,112,92,401585619
2024-03-19,Washington Wizards,Houston Rockets,114,137,401585620
2024-03-19,Brooklyn Nets,New Orleans Pelicans,91,104,401585621
2024-03-19,San Antonio Spurs,Dallas Mavericks,107,113,401585622
2024-03-19,Minnesota Timberwolves,Denver Nuggets,112,115,401585623
2024-03-20,Cleveland Cavaliers,Miami Heat,104,107,401585624
2024-03-20,Detroit Pistons,Indiana Pacers,103,122,401585625
2024-03-20,Boston Celtics,Milwaukee Bucks,122,119,401585626
2024-03-20,Toronto Raptors,Sacramento Kings,89,123,401585627
2024-03-20,Oklahoma City Thunder,Utah Jazz,119,107,401585628
2024-03-20,Golden State Warriors,Memphis Grizzlies,137,116,401585629
2024-03-20,Phoenix Suns,Philadelphia 76ers,115,102,401585630
2024-03-20,Portland Trail Blazers,LA Clippers,103,116,401585631
2024-03-21,Orlando Magic,New Orleans Pelicans,121,106,401585632
2024-03-21,Washington Wizards,Sacramento Kings,109,102,401585633
2024-03-21,Houston Rockets,Chicago Bulls,127,117,401585634
2024-03-21,Milwaukee Bucks,Brooklyn Nets,115,108,401585635
2024-03-21,Dallas Mavericks,Utah Jazz,113,97,401585636
2024-03-21,Denver Nuggets,New York Knicks,113,100,401585637
2024-03-21,Phoenix Suns,Atlanta Hawks,128,115,401585638
2024-03-22,Detroit Pistons,Boston Celtics,102,129,401585639
2024-03-22,Toronto Raptors,Oklahoma City Thunder,103,123,401585640
2024-03-22,Miami Heat,New Orleans Pelicans,88,111,401585641
2024-03-22,Minnesota Timberwolves,Cleveland Cavaliers,104,91,401585642
2024-03-22,San Antonio Spurs,Memphis Grizzlies,97,99,401585643
2024-03-22,Golden State Warriors,Indiana Pacers,111,123,401585644
2024-03-22,Portland Trail Blazers,LA Clippers,117,125,401585645
2024-03-22,Los Angeles Lakers,Philadelphia 76ers,101,94,401585646
2024-03-23,New York Knicks,Brooklyn Nets,105,93,401585647
2024-03-23,Orlando Magic,Sacramento Kings,107,109,401585648
2024-03-23,Atlanta Hawks,Charlotte Hornets,132,91,401585649
2024-03-23,Washington Wizards,Toronto Raptors,112,109,401585650
2024-03-23,Chicago Bulls,Boston Celtics,113,124,401585651
2024-03-23,Houston Rockets,Utah Jazz,147,119,401585652
2024-03-23,San Antonio Spurs,Phoenix Suns,106,131,401585653
2024-03-23,Portland Trail Blazers,Denver Nuggets,111,114,401585654
2024-03-24,Detroit Pistons,New Orleans Pelicans,101,114,401585655
2024-03-24,LA Clippers,Philadelphia 76ers,107,121,401585656
2024-03-24,Miami Heat,Cleveland Cavaliers,121,84,401585657
2024-03-24,Milwaukee Bucks,Oklahoma City Thunder,118,93,401585658
2024-03-24,Minnesota Timberwolves,Golden State Warriors,114,110,401585659
2024-03-24,Los Angeles Lakers,Indiana Pacers,150,145,401585660
2024-03-25,Cleveland Cavaliers,Charlotte Hornets,115,92,401585661
2024-03-25,Atlanta Hawks,Boston Celtics,120,118,401585662
2024-03-25,New York Knicks,Detroit Pistons,124,99,401585663
2024-03-25,Toronto Raptors,Brooklyn Nets,88,96,401585664
2024-03-25,Chicago Bulls,Washington Wizards,105,107,401585665
2024-03-25,Houston Rockets,Portland Trail Blazers,110,92,401585666
2024-03-25,San Antonio Spurs,Phoenix Suns,104,102,401585667
2024-03-25,Denver Nuggets,Memphis Grizzlies,128,103,401585668
2024-03-25,Utah Jazz,Dallas Mavericks,105,115,401585669
2024-03-25,Sacramento Kings,Philadelphia 76ers,108,96,401585670
2024-03-25,LA Clippers,Indiana Pacers,116,133,401585671
2024-03-26,Miami Heat,Golden State Warriors,92,113,401585672
2024-03-26,Milwaukee Bucks,Los Angeles Lakers,124,128,401585673
2024-03-26,New Orleans Pelicans,Oklahoma City Thunder,112,119,401585674
2024-03-26,Sacramento Kings,Dallas Mavericks,96,132,401585675
2024-03-27,Charlotte Hornets,Cleveland Cavaliers,118,111,401585676
2024-03-27,Orlando Magic,Golden State Warriors,93,101,401585677
2024-03-27,Washington Wizards,Brooklyn Nets,119,122,401585678
2024-03-27,Atlanta Hawks,Portland Trail Blazers,120,106,401585679
2024-03-27,Philadelphia 76ers,LA Clippers,107,108,401585680
2024-03-27,Toronto Raptors,New York Knicks,101,145,401585681
2024-03-27,Chicago Bulls,Indiana Pacers,125,99,401585682
2024-03-27,Memphis Grizzlies,Los Angeles Lakers,124,136,401585683
2024-03-27,Minnesota Timberwolves,Detroit Pistons,106,91,401585684
2024-03-27,Oklahoma City Thunder,Houston Rockets,126,132,401585685
2024-03-27,Utah Jazz,San Antonio Spurs,111,118,401585686
2024-03-27,Denver Nuggets,Phoenix Suns,97,104,401585687
2024-03-28,Atlanta Hawks,Boston Celtics,123,122,401585688
2024-03-28,New Orleans Pelicans,Milwaukee Bucks,107,100,401585689
2024-03-29,Charlotte Hornets,Golden State Warriors,97,115,401585690
2024-03-29,Indiana Pacers,Los Angeles Lakers,109,90,401585691
2024-03-29,Orlando Magic,LA Clippers,97,100,401585692
2024-03-29,Washington Wizards,Detroit Pistons,87,96,401585693
2024-03-29,Brooklyn Nets,Chicago Bulls,125,108,401585694
2024-03-29,Cleveland Cavaliers,Philadelphia 76ers,117,114,401585695
2024-03-29,Miami Heat,Portland Trail Blazers,142,82,401585696
2024-03-29,Oklahoma City Thunder,Phoenix Suns,128,103,401585697
2024-03-29,San Antonio Spurs,New York Knicks,130,126,401585698
2024-03-29,Denver Nuggets,Minnesota Timberwolves,98,111,401585699
2024-03-29,Utah Jazz,Houston Rockets,100,101,401585700
2024-03-29,Sacramento Kings,Dallas Mavericks,103,107,401585701
2024-03-30,New Orleans Pelicans,Boston Celtics,92,104,401585702
2024-03-30,Orlando Magic,Memphis Grizzlies,118,88,401585703
2024-03-30,Atlanta Hawks,Milwaukee Bucks,113,122,401585704
2024-03-31,Denver Nuggets,Cleveland Cavaliers,130,101,401585705
2024-03-31,Brooklyn Nets,Los Angeles Lakers,104,116,401585706
2024-03-31,Charlotte Hornets,LA Clippers,118,130,401585707
2024-03-31,Toronto Raptors,Philadelphia 76ers,120,135,401585708
2024-03-31,Washington Wizards,Miami Heat,107,119,401585709
2024-03-31,New York Knicks,Oklahoma City Thunder,112,113,401585710
2024-03-31,Houston Rockets,Dallas Mavericks,107,125,401585711
2024-03-31,Minnesota Timberwolves,Chicago Bulls,101,109,401585712
2024-03-31,San Antonio Spurs,Golden State Warriors,113,117,401585713
2024-03-31,Sacramento Kings,Utah Jazz,127,106,401585714
2024-04-01,Charlotte Hornets,Boston Celtics,104,118,401585715
2024-04-01,Detroit Pistons,Memphis Grizzlies,108,110,401585716
2024-04-01,Indiana Pacers,Brooklyn Nets,133,111,401585717
2024-04-01,Orlando Magic,Portland Trail Blazers,104,103,401585718
2024-04-01,Chicago Bulls,Atlanta Hawks,101,113,401585719
2024-04-01,New Orleans Pelicans,Phoenix Suns,111,124,401585720
2024-04-02,Philadelphia 76ers,Oklahoma City Thunder,109,105,401585721
2024-04-02,Toronto Raptors,Los Angeles Lakers,111,128,401585722
2024-04-02,Washington Wizards,Milwaukee Bucks,117,113,401585723
2024-04-02,Miami Heat,New York Knicks,109,99,401585724
2024-04-02,Minnesota Timberwolves,Houston Rockets,113,106,401585726
2024-04-02,Denver Nuggets,San Antonio Spurs,110,105,401585727
2024-04-02,Utah Jazz,Cleveland Cavaliers,113,129,401585728
2024-04-02,Sacramento Kings,LA Clippers,109,95,401585729
2024-04-02,Golden State Warriors,Dallas Mavericks,104,100,401636114
2024-04-03,Charlotte Hornets,Portland Trail Blazers,86,89,401585730
2024-04-03,Washington Wizards,Los Angeles Lakers,120,125,401585731
2024-04-03,Atlanta Hawks,Detroit Pistons,121,113,401585732
2024-04-03,Boston Celtics,Oklahoma City Thunder,135,100,401585733
2024-04-03,Brooklyn Nets,Indiana Pacers,115,111,401585734
2024-04-03,Milwaukee Bucks,Memphis Grizzlies,101,111,401585735
2024-04-03,Minnesota Timberwolves,Toronto Raptors,133,85,401585736
2024-04-03,New Orleans Pelicans,Orlando Magic,108,117,401585737
2024-04-03,Phoenix Suns,Cleveland Cavaliers,122,101,401585738
2024-04-04,Miami Heat,Philadelphia 76ers,105,109,401585739
2024-04-04,New York Knicks,Sacramento Kings,120,109,401585740
2024-04-04,Houston Rockets,Golden State Warriors,110,133,401585741
2024-04-04,LA Clippers,Denver Nuggets,102,100,401585742
2024-04-04,Dallas Mavericks,Atlanta Hawks,109,95,401585752
2024-04-05,Dallas Mavericks,Golden State Warriors,108,106,401585725
2024-04-05,Charlotte Hornets,Orlando Magic,124,115,401585743
2024-04-05,Indiana Pacers,Oklahoma City Thunder,126,112,401585744
2024-04-05,Washington Wizards,Portland Trail Blazers,102,108,401585745
2024-04-05,Boston Celtics,Sacramento Kings,101,100,401585746
2024-04-05,Chicago Bulls,New York Knicks,108,100,401585747
2024-04-05,Houston Rockets,Miami Heat,104,119,401585748
2024-04-05,Memphis Grizzlies,Detroit Pistons,108,90,401585749
2024-04-05,Milwaukee Bucks,Toronto Raptors,111,117,401585750
2024-04-05,New Orleans Pelicans,San Antonio Spurs,109,111,401585751
2024-04-05,Phoenix Suns,Minnesota Timberwolves,97,87,401585753
2024-04-05,LA Clippers,Utah Jazz,131,102,401585754
2024-04-06,Los Angeles Lakers,Cleveland Cavaliers,116,97,401585755
2024-04-06,Brooklyn Nets,Detroit Pistons,113,103,401585756
2024-04-06,Memphis Grizzlies,Philadelphia 76ers,96,116,401585757
2024-04-06,Denver Nuggets,Atlanta Hawks,142,110,401585758
2024-04-07,Dallas Mavericks,Houston Rockets,147,136,401585759
2024-04-07,LA Clippers,Cleveland Cavaliers,120,118,401585760
2024-04-07,Indiana Pacers,Miami Heat,117,115,401585761
2024-04-07,Boston Celtics,Portland Trail Blazers,124,107,401585762
2024-04-07,Charlotte Hornets,Oklahoma City Thunder,118,121,401585763
2024-04-07,Orlando Magic,Chicago Bulls,113,98,401585764
2024-04-07,Toronto Raptors,Washington Wizards,130,122,401585765
2024-04-07,Phoenix Suns,New Orleans Pelicans,105,113,401585766
2024-04-07,Milwaukee Bucks,New York Knicks,109,122,401585767
2024-04-07,San Antonio Spurs,Philadelphia 76ers,126,133,401585768
2024-04-07,Brooklyn Nets,Sacramento Kings,77,107,401585769
2024-04-07,Golden State Warriors,Utah Jazz,118,110,401585770
2024-04-07,Los Angeles Lakers,Minnesota Timberwolves,117,127,401585771
2024-04-09,Charlotte Hornets,Dallas Mavericks,104,130,401585772
2024-04-09,Philadelphia 76ers,Detroit Pistons,120,102,401585773
2024-04-09,Toronto Raptors,Indiana Pacers,123,140,401585774
2024-04-09,Atlanta Hawks,Miami Heat,111,117,401585775
2024-04-09,Milwaukee Bucks,Boston Celtics,104,91,401585776
2024-04-09,Chicago Bulls,New York Knicks,117,128,401585777
2024-04-09,Houston Rockets,Orlando Magic,118,106,401585778
2024-04-09,Memphis Grizzlies,San Antonio Spurs,87,102,401585779
2024-04-09,Minnesota Timberwolves,Washington Wizards,130,121,401585780
2024-04-09,Oklahoma City Thunder,Sacramento Kings,112,105,401585781
2024-04-09,Utah Jazz,Denver Nuggets,95,111,401585782
2024-04-09,Los Angeles Lakers,Golden State Warriors,120,134,401585783
2024-04-09,Phoenix Suns,LA Clippers,92,105,401585784
2024-04-09,Portland Trail Blazers,New Orleans Pelicans,100,110,401585785
2024-04-10,Cleveland Cavaliers,Memphis Grizzlies,110,98,401585786
2024-04-10,Atlanta Hawks,Charlotte Hornets,114,115,401585787
2024-04-10,Brooklyn Nets,Toronto Raptors,106,102,401585788
2024-04-10,Miami Heat,Dallas Mavericks,92,111,401585789
2024-04-10,Milwaukee Bucks,Orlando Magic,117,99,401585790
2024-04-10,Oklahoma City Thunder,San Antonio Spurs,127,89,401585791
2024-04-10,Denver Nuggets,Minnesota Timberwolves,116,107,401585792
2024-04-10,LA Clippers,Phoenix Suns,108,124,401585793
2024-04-11,Detroit Pistons,Chicago Bulls,105,127,401585794
2024-04-11,Boston Celtics,New York Knicks,109,118,401585795
2024-04-11,Utah Jazz,Houston Rockets,124,121,401585796
2024-04-11,Portland Trail Blazers,Golden State Warriors,92,100,401585797
2024-04-11,Sacramento Kings,New Orleans Pelicans,123,135,401585798
2024-04-12,Philadelphia 76ers,Orlando Magic,125,113,401585799
2024-04-12,Washington Wizards,Chicago Bulls,127,129,401585800
2024-04-12,Boston Celtics,Charlotte Hornets,131,98,401585801
2024-04-12,Cleveland Cavaliers,Indiana Pacers,129,120,401585802
2024-04-12,New York Knicks,Brooklyn Nets,111,107,401585803
2024-04-12,Miami Heat,Toronto Raptors,125,103,401585804
2024-04-12,Memphis Grizzlies,Los Angeles Lakers,120,123,401585805
2024-04-12,Minnesota Timberwolves,Atlanta Hawks,109,106,401585806
2024-04-12,Oklahoma City Thunder,Milwaukee Bucks,125,107,401585807
2024-04-12,San Antonio Spurs,Denver Nuggets,121,120,401585808
2024-04-12,Dallas Mavericks,Detroit Pistons,89,107,401585809
2024-04-12,Golden State Warriors,New Orleans Pelicans,109,114,401585810
2024-04-12,Portland Trail Blazers,Houston Rockets,107,116,401585811
2024-04-12,LA Clippers,Utah Jazz,109,110,401585812
2024-04-12,Sacramento Kings,Phoenix Suns,107,108,401585813
2024-04-14,Boston Celtics,Washington Wizards,132,122,401585814
2024-04-14,Cleveland Cavaliers,Charlotte Hornets,110,120,401585815
2024-04-14,Indiana Pacers,Atlanta Hawks,157,115,401585816
2024-04-14,Miami Heat,Toronto Raptors,118,103,401585817
2024-04-14,New York Knicks,Chicago Bulls,120,119,401585818
2024-04-14,Orlando Magic,Milwaukee Bucks,113,88,401585819
2024-04-14,Philadelphia 76ers,Brooklyn Nets,107,86,401585820
2024-04-14,Memphis Grizzlies,Denver Nuggets,111,126,401585821
2024-04-14,Minnesota Timberwolves,Phoenix Suns,106,125,401585822
2024-04-14,New Orleans Pelicans,Los Angeles Lakers,108,124,401585823
2024-04-14,Oklahoma City Thunder,Dallas Mavericks,135,86,401585824
2024-04-14,San Antonio Spurs,Detroit Pistons,123,95,401585825
2024-04-14,Golden State Warriors,Utah Jazz,123,116,401585826
2024-04-14,LA Clippers,Houston Rockets,105,116,401585827
2024-04-14,Sacramento Kings,Portland Trail Blazers,121,82,401585828
2024-04-20,New York Knicks,Philadelphia 76ers,111,104,401654756
2024-04-20,Cleveland Cavaliers,Orlando Magic,97,83,401654757
2024-04-20,Denver Nuggets,Los Angeles Lakers,114,103,401654758
2024-04-20,Minnesota Timberwolves,Phoenix Suns,120,95,401654759
2024-04-21,Boston Celtics,Miami Heat,114,94,401654760
2024-04-21,Milwaukee Bucks,Indiana Pacers,109,94,401654761
2024-04-21,Oklahoma City Thunder,New Orleans Pelicans,94,92,401654762
2024-04-21,LA Clippers,Dallas Mavericks,109,97,401654763
2024-04-22,Denver Nuggets,Los Angeles Lakers,101,99,401655082
2024-04-22,New York Knicks,Philadelphia 76ers,104,101,401655106
2024-04-22,Cleveland Cavaliers,Orlando Magic,96,86,401655118
2024-04-23,Minnesota Timberwolves,Phoenix Suns,105,93,401655088
2024-04-23,LA Clippers,Dallas Mavericks,93,96,401655094
2024-04-23,Milwaukee Bucks,Indiana Pacers,108,125,401655112
2024-04-24,Oklahoma City Thunder,New Orleans Pelicans,124,92,401655076
2024-04-24,Boston Celtics,Miami Heat,101,111,401655100
2024-04-25,Los Angeles Lakers,Denver Nuggets,105,112,401655083
2024-04-25,Philadelphia 76ers,New York Knicks,125,114,401655107
2024-04-25,Orlando Magic,Cleveland Cavaliers,121,83,401655119
2024-04-26,Phoenix Suns,Minnesota Timberwolves,109,126,401655089
2024-04-26,Dallas Mavericks,LA Clippers,101,90,401655095
2024-04-26,Indiana Pacers,Milwaukee Bucks,121,118,401655113
2024-04-27,New Orleans Pelicans,Oklahoma City Thunder,85,106,401655077
2024-04-27,Los Angeles Lakers,Denver Nuggets,119,108,401655084
2024-04-27,Miami Heat,Boston Celtics,84,104,401655101
2024-04-27,Orlando Magic,Cleveland Cavaliers,112,89,401655120
2024-04-28,Phoenix Suns,Minnesota Timberwolves,116,122,401655090
2024-04-28,Dallas Mavericks,LA Clippers,111,116,401655096
2024-04-28,Philadelphia 76ers,New York Knicks,92,97,401655108
2024-04-28,Indiana Pacers,Milwaukee Bucks,126,113,401655114
2024-04-29,New Orleans Pelicans,Oklahoma City Thunder,89,97,401655078
2024-04-29,Denver Nuggets,Los Angeles Lakers,108,106,401655085
2024-04-29,Miami Heat,Boston Celtics,88,102,401655102
2024-04-30,New York Knicks,Philadelphia 76ers,106,112,401655109
2024-04-30,Milwaukee Bucks,Indiana Pacers,115,92,401655115
2024-04-30,Cleveland Cavaliers,Orlando Magic,104,103,401655121
2024-05-01,LA Clippers,Dallas Mavericks,93,123,401655097
2024-05-01,Boston Celtics,Miami Heat,118,84,401655103
2024-05-02,Philadelphia 76ers,New York Knicks,115,118,401655110
2024-05-02,Indiana Pacers,Milwaukee Bucks,120,98,401655116
2024-05-03,Dallas Mavericks,LA Clippers,114,101,401655098
2024-05-03,Orlando Magic,Cleveland Cavaliers,103,96,401655122
2024-05-04,Denver Nuggets,Minnesota Timberwolves,99,106,401657182
2024-05-05,Cleveland Cavaliers,Orlando Magic,106,94,401655123
2024-05-06,Denver Nuggets,Minnesota Timberwolves,80,106,401657183
2024-05-06,New York Knicks,Indiana Pacers,121,117,401657420
2024-05-07,Oklahoma City Thunder,Dallas Mavericks,117,95,401657231
2024-05-07,Boston Celtics,Cleveland Cavaliers,120,95,401658224
2024-05-08,New York Knicks,Indiana Pacers,130,121,401657421
2024-05-09,Oklahoma City Thunder,Dallas Mavericks,110,119,401658188
2024-05-09,Boston Celtics,Cleveland Cavaliers,94,118,401658225
2024-05-10,Minnesota Timberwolves,Denver Nuggets,90,117,401657184
2024-05-10,Indiana Pacers,New York Knicks,111,106,401657422
2024-05-11,Dallas Mavericks,Oklahoma City Thunder,105,101,401658190
2024-05-11,Cleveland Cavaliers,Boston Celtics,93,106,401658226
2024-05-12,Minnesota Timberwolves,Denver Nuggets,107,115,401657185
2024-05-12,Indiana Pacers,New York Knicks,121,89,401657423
2024-05-13,Dallas Mavericks,Oklahoma City Thunder,96,100,401658191
2024-05-13,Cleveland Cavaliers,Boston Celtics,102,109,401658227
2024-05-14,Denver Nuggets,Minnesota Timberwolves,112,97,401657186
2024-05-14,New York Knicks,Indiana Pacers,121,91,401658196
2024-05-15,Oklahoma City Thunder,Dallas Mavericks,92,104,401658192
2024-05-15,Boston Celtics,Cleveland Cavaliers,113,98,401658228
2024-05-16,Minnesota Timberwolves,Denver Nuggets,115,70,401657187
2024-05-17,Indiana Pacers,New York Knicks,116,103,401658197
2024-05-18,Dallas Mavericks,Oklahoma City Thunder,117,116,401658194
2024-05-19,Denver Nuggets,Minnesota Timberwolves,90,98,401657188
2024-05-19,New York Knicks,Indiana Pacers,109,130,401658198
2024-05-21,Boston Celtics,Indiana Pacers,133,128,401671998
2024-05-22,Minnesota Timberwolves,Dallas Mavericks,105,108,401672976
2024-05-23,Boston Celtics,Indiana Pacers,126,110,401671999
2024-05-24,Minnesota Timberwolves,Dallas Mavericks,108,109,401672977
2024-05-25,Indiana Pacers,Boston Celtics,111,114,401672000
2024-05-26,Dallas Mavericks,Minnesota Timberwolves,116,107,401672978
2024-05-27,Indiana Pacers,Boston Celtics,102,105,401672001
2024-05-28,Dallas Mavericks,Minnesota Timberwolves,100,105,401672979
2024-05-30,Minnesota Timberwolves,Dallas Mavericks,103,124,401672980
2024-06-06,Boston Celtics,Dallas Mavericks,107,89,401656359
2024-06-09,Boston Celtics,Dallas Mavericks,105,98,401656360
2024-06-12,Dallas Mavericks,Boston Celtics,99,106,401656361
2024-06-14,Dallas Mavericks,Boston Celtics,122,84,401656362
2024-06-17,Boston Celtics,Dallas Mavericks,106,88,401656363
2024-10-22,Boston Celtics,New York Knicks,132,109,401704627
2024-10-22,Los Angeles Lakers,Minnesota Timberwolves,110,103,401704628
2024-10-23,Detroit Pistons,Indiana Pacers,109,115,401704629
2024-10-23,Atlanta Hawks,Brooklyn Nets,120,116,401704630
2024-10-23,Miami Heat,Orlando Magic,97,116,401704631
2024-10-23,Philadelphia 76ers,Milwaukee Bucks,109,124,401704632
2024-10-23,Toronto Raptors,Cleveland Cavaliers,106,136,401704633
2024-10-23,Houston Rockets,Charlotte Hornets,105,110,401704634
2024-10-23,New Orleans Pelicans,Chicago Bulls,123,111,401704635
2024-10-23,Utah Jazz,Memphis Grizzlies,124,126,401704636
2024-10-23,LA Clippers,Phoenix Suns,113,116,401704637
2024-10-23,Portland Trail Blazers,Golden State Warriors,104,140,401704638
2024-10-24,Washington Wizards,Boston Celtics,102,122,401704639
2024-10-24,Dallas Mavericks,San Antonio Spurs,120,109,401704640
2024-10-24,Denver Nuggets,Oklahoma City Thunder,87,102,401704641
2024-10-24,Sacramento Kings,Minnesota Timberwolves,115,117,401704642
2024-10-25,Orlando Magic,Brooklyn Nets,116,101,401704643
2024-10-25,Toronto Raptors,Philadelphia 76ers,115,107,401704644
2024-10-25,Atlanta Hawks,Charlotte Hornets,125,120,401704645
2024-10-25,Cleveland Cavaliers,Detroit Pistons,113,101,401704646
2024-10-25,New York Knicks,Indiana Pacers,123,98,401704647
2024-10-25,Houston Rockets,Memphis Grizzlies,128,108,401704648
2024-10-25,Milwaukee Bucks,Chicago Bulls,122,133,401704649
2024-10-25,Utah Jazz,Golden State Warriors,86,127,401704650
2024-10-25,Los Angeles Lakers,Phoenix Suns,123,116,401704651
2024-10-25,Portland Trail Blazers,New Orleans Pelicans,103,105,401704652
2024-10-26,Denver Nuggets,LA Clippers,104,109,401704653
2024-10-26,Charlotte Hornets,Miami Heat,106,114,401704654
2024-10-26,Detroit Pistons,Boston Celtics,118,124,401704655
2024-10-26,Washington Wizards,Cleveland Cavaliers,116,135,401704656
2024-10-26,Chicago Bulls,Oklahoma City Thunder,95,114,401704657
2024-10-26,Memphis Grizzlies,Orlando Magic,124,111,401704658
2024-10-26,Minnesota Timberwolves,Toronto Raptors,112,101,401704659
2024-10-26,San Antonio Spurs,Houston Rockets,109,106,401704660
2024-10-26,Phoenix Suns,Dallas Mavericks,114,102,401704661
2024-10-26,Los Angeles Lakers,Sacramento Kings,131,127,401704662
2024-10-27,Indiana Pacers,Philadelphia 76ers,114,118,401704663
2024-10-27,Brooklyn Nets,Milwaukee Bucks,115,102,401704664
2024-10-27,Portland Trail Blazers,New Orleans Pelicans,125,103,401704665
2024-10-27,Oklahoma City Thunder,Atlanta Hawks,128,104,401704666
2024-10-27,Golden State Warriors,LA Clippers,104,112,401704667
2024-10-28,Orlando Magic,Indiana Pacers,119,115,401704668
2024-10-28,Atlanta Hawks,Washington Wizards,119,121,401704669
2024-10-28,Boston Celtics,Milwaukee Bucks,119,108,401704670
2024-10-28,Miami Heat,Detroit Pistons,106,98,401704671
2024-10-28,New York Knicks,Cleveland Cavaliers,104,110,401704672
2024-10-28,Toronto Raptors,Denver Nuggets,125,127,401704673
2024-10-28,Memphis Grizzlies,Chicago Bulls,123,126,401704674
2024-10-28,San Antonio Spurs,Houston Rockets,101,106,401704675
2024-10-28,Dallas Mavericks,Utah Jazz,110,102,401704676
2024-10-28,Phoenix Suns,Los Angeles Lakers,109,105,401704677
2024-10-28,Sacramento Kings,Portland Trail Blazers,111,98,401704678
2024-10-29,Brooklyn Nets,Denver Nuggets,139,144,401704679
2024-10-29,Minnesota Timberwolves,Dallas Mavericks,114,120,401704680
2024-10-29,Utah Jazz,Sacramento Kings,96,113,401704681
2024-10-29,Golden State Warriors,New Orleans Pelicans,124,106,401704682
2024-10-30,Charlotte Hornets,Toronto Raptors,138,133,401704683
2024-10-30,Cleveland Cavaliers,Los Angeles Lakers,134,110,401704684
2024-10-30,Indiana Pacers,Boston Celtics,135,132,401704685
2024-10-30,Philadelphia 76ers,Detroit Pistons,95,105,401704686
2024-10-30,Washington Wizards,Atlanta Hawks,133,120,401704687
2024-10-30,Miami Heat,New York Knicks,107,116,401704688
2024-10-30,Chicago Bulls,Orlando Magic,102,99,401704689
2024-10-30,Memphis Grizzlies,Brooklyn Nets,106,119,401704690
2024-10-30,Oklahoma City Thunder,San Antonio Spurs,105,93,401704691
2024-10-30,Golden State Warriors,New Orleans Pelicans,104,89,401704692
2024-10-30,LA Clippers,Portland Trail Blazers,105,106,401704693
2024-10-31,Memphis Grizzlies,Milwaukee Bucks,122,99,401704694
2024-10-31,Dallas Mavericks,Houston Rockets,102,108,401704695
2024-10-31,Utah Jazz,San Antonio Spurs,88,106,401704696
2024-10-31,LA Clippers,Phoenix Suns,119,125,401704697
2024-11-01,Charlotte Hornets,Boston Celtics,109,124,401704698
2024-11-01,Cleveland Cavaliers,Orlando Magic,120,109,401704699
2024-11-01,Detroit Pistons,New York Knicks,98,128,401704700
2024-11-01,Atlanta Hawks,Sacramento Kings,115,123,401704701
2024-11-01,Brooklyn Nets,Chicago Bulls,120,112,401704702
2024-11-01,Toronto Raptors,Los Angeles Lakers,125,131,401704703
2024-11-01,New Orleans Pelicans,Indiana Pacers,125,118,401704704
2024-11-01,Minnesota Timberwolves,Denver Nuggets,119,116,401704705
2024-11-01,Portland Trail Blazers,Oklahoma City Thunder,114,137,401704706
2024-11-02,Charlotte Hornets,Boston Celtics,103,113,401704707
2024-11-02,Philadelphia 76ers,Memphis Grizzlies,107,124,401704708
2024-11-02,Toronto Raptors,Sacramento Kings,131,128,401704709
2024-11-02,Houston Rockets,Golden State Warriors,121,127,401704710
2024-11-02,Milwaukee Bucks,Cleveland Cavaliers,113,114,401704711
2024-11-02,San Antonio Spurs,Minnesota Timberwolves,113,103,401704712
2024-11-02,Washington Wizards,Miami Heat,98,118,401704713
2024-11-02,Denver Nuggets,Utah Jazz,129,103,401704714
2024-11-02,Phoenix Suns,Portland Trail Blazers,103,97,401704715
2024-11-02,LA Clippers,Oklahoma City Thunder,92,105,401704716
2024-11-03,Brooklyn Nets,Detroit Pistons,92,106,401704717
2024-11-03,New Orleans Pelicans,Atlanta Hawks,111,126,401704718
2024-11-03,Dallas Mavericks,Orlando Magic,108,85,401704719
2024-11-04,Cleveland Cavaliers,Milwaukee Bucks,116,114,401704720
2024-11-04,Washington Wizards,Golden State Warriors,112,125,401704721
2024-11-04,Detroit Pistons,Los Angeles Lakers,115,103,401704722
2024-11-04,Atlanta Hawks,Boston Celtics,93,123,401704723
2024-11-04,Brooklyn Nets,Memphis Grizzlies,106,104,401704724
2024-11-04,Miami Heat,Sacramento Kings,110,111,401704725
2024-11-04,Chicago Bulls,Utah Jazz,126,135,401704726
2024-11-04,Houston Rockets,New York Knicks,109,97,401704727
2024-11-04,Minnesota Timberwolves,Charlotte Hornets,114,93,401704728
2024-11-04,Oklahoma City Thunder,Orlando Magic,102,86,401704729
2024-11-04,New Orleans Pelicans,Portland Trail Blazers,100,118,401704730
2024-11-04,Dallas Mavericks,Indiana Pacers,127,134,401704731
2024-11-04,Denver Nuggets,Toronto Raptors,121,119,401704732
2024-11-04,Phoenix Suns,Philadelphia 76ers,118,116,401704733
2024-11-04,LA Clippers,San Antonio Spurs,113,104,401704734
2024-11-06,Charlotte Hornets,Detroit Pistons,108,107,401704735
2024-11-06,Indiana Pacers,Orlando Magic,118,111,401704736
2024-11-06,Atlanta Hawks,New York Knicks,121,116,401704737
2024-11-06,Boston Celtics,Golden State Warriors,112,118,401704738
2024-11-06,Houston Rockets,San Antonio Spurs,127,100,401704739
2024-11-06,Memphis Grizzlies,Los Angeles Lakers,131,114,401704740
2024-11-06,New Orleans Pelicans,Cleveland Cavaliers,122,131,401704741
2024-11-06,Dallas Mavericks,Chicago Bulls,119,99,401704742
2024-11-06,Denver Nuggets,Oklahoma City Thunder,124,122,401704743
2024-11-06,Phoenix Suns,Miami Heat,115,112,401704744
2024-11-06,LA Clippers,Philadelphia 76ers,110,98,401704745
2024-11-06,Sacramento Kings,Toronto Raptors,122,107,401704746
2024-11-07,Chicago Bulls,Minnesota Timberwolves,119,135,401704747
2024-11-07,Milwaukee Bucks,Utah Jazz,123,100,401704748
2024-11-07,San Antonio Spurs,Portland Trail Blazers,118,105,401704749
2024-11-08,Charlotte Hornets,Indiana Pacers,103,83,401704750
2024-11-08,Detroit Pistons,Atlanta Hawks,122,121,401704751
2024-11-08,Orlando Magic,New Orleans Pelicans,115,88,401704752
2024-11-08,Boston Celtics,Brooklyn Nets,108,104,401704753
2024-11-08,Cleveland Cavaliers,Golden State Warriors,136,117,401704754
2024-11-08,New York Knicks,Milwaukee Bucks,116,94,401704755
2024-11-08,Dallas Mavericks,Phoenix Suns,113,114,401704756
2024-11-08,Memphis Grizzlies,Washington Wizards,128,104,401704757
2024-11-08,Oklahoma City Thunder,Houston Rockets,126,107,401704758
2024-11-08,Minnesota Timberwolves,Portland Trail Blazers,127,102,401704759
2024-11-08,Denver Nuggets,Miami Heat,135,122,401704760
2024-11-08,Los Angeles Lakers,Philadelphia 76ers,116,106,401704761
2024-11-08,Sacramento Kings,LA Clippers,98,107,401704762
2024-11-09,San Antonio Spurs,Utah Jazz,110,111,401704763
2024-11-09,Atlanta Hawks,Chicago Bulls,113,125,401704764
2024-11-09,Cleveland Cavaliers,Brooklyn Nets,105,100,401704765
2024-11-09,LA Clippers,Toronto Raptors,105,103,401704766
2024-11-10,Detroit Pistons,Houston Rockets,99,101,401704767
2024-11-10,Milwaukee Bucks,Boston Celtics,107,113,401704768
2024-11-10,Indiana Pacers,New York Knicks,132,121,401704769
2024-11-10,Orlando Magic,Washington Wizards,121,94,401704770
2024-11-10,Philadelphia 76ers,Charlotte Hornets,107,105,401704771
2024-11-10,Minnesota Timberwolves,Miami Heat,94,95,401704772
2024-11-10,Oklahoma City Thunder,Golden State Warriors,116,127,401704773
2024-11-10,Denver Nuggets,Dallas Mavericks,122,120,401704774
2024-11-10,Phoenix Suns,Sacramento Kings,118,127,401704775
2024-11-10,Portland Trail Blazers,Memphis Grizzlies,89,134,401704776
2024-11-10,Los Angeles Lakers,Toronto Raptors,123,103,401704777
2024-11-11,Chicago Bulls,Cleveland Cavaliers,113,119,401704778
2024-11-11,Houston Rockets,Washington Wizards,107,92,401704779
2024-11-11,New Orleans Pelicans,Brooklyn Nets,105,107,401704780
2024-11-11,Oklahoma City Thunder,LA Clippers,134,128,401704781
2024-11-11,San Antonio Spurs,Sacramento Kings,116,96,401704782
2024-11-12,Boston Celtics,Atlanta Hawks,116,117,401703370
2024-11-12,Detroit Pistons,Miami Heat,123,121,401703371
2024-11-12,Orlando Magic,Charlotte Hornets,114,89,401703372
2024-11-12,Philadelphia 76ers,New York Knicks,99,111,401703373
2024-11-12,Milwaukee Bucks,Toronto Raptors,99,85,401703374
2024-11-12,Utah Jazz,Phoenix Suns,112,120,401703375
2024-11-12,Golden State Warriors,Dallas Mavericks,120,117,401703376
2024-11-12,Portland Trail Blazers,Minnesota Timberwolves,122,108,401703377
2024-11-13,Orlando Magic,Indiana Pacers,94,90,401704783
2024-11-13,Brooklyn Nets,Boston Celtics,114,139,401704784
2024-11-13,New York Knicks,Chicago Bulls,123,124,401704785
2024-11-13,Philadelphia 76ers,Cleveland Cavaliers,106,114,401704786
2024-11-13,Oklahoma City Thunder,New Orleans Pelicans,106,88,401704787
2024-11-13,Houston Rockets,LA Clippers,111,103,401704788
2024-11-13,Milwaukee Bucks,Detroit Pistons,127,120,401704789
2024-11-13,San Antonio Spurs,Washington Wizards,139,130,401704790
2024-11-13,Los Angeles Lakers,Memphis Grizzlies,128,123,401704791
2024-11-13,Portland Trail Blazers,Minnesota Timberwolves,106,98,401704792
2024-11-13,Sacramento Kings,Phoenix Suns,127,104,401704793
2024-11-14,Utah Jazz,Dallas Mavericks,115,113,401704794
2024-11-15,Indiana Pacers,Miami Heat,111,124,401703378
2024-11-15,Orlando Magic,Philadelphia 76ers,98,86,401703379
2024-11-15,Toronto Raptors,Detroit Pistons,95,99,401703380
2024-11-15,Atlanta Hawks,Washington Wizards,129,117,401703381
2024-11-15,Cleveland Cavaliers,Chicago Bulls,144,126,401703382
2024-11-15,New York Knicks,Brooklyn Nets,124,122,401703383
2024-11-15,San Antonio Spurs,Los Angeles Lakers,115,120,401703384
2024-11-15,Houston Rockets,LA Clippers,125,104,401703385
2024-11-15,New Orleans Pelicans,Denver Nuggets,101,94,401703386
2024-11-15,Oklahoma City Thunder,Phoenix Suns,99,83,401703387
2024-11-15,Golden State Warriors,Memphis Grizzlies,123,118,401703388
2024-11-15,Sacramento Kings,Minnesota Timberwolves,126,130,401703389
2024-11-16,Charlotte Hornets,Milwaukee Bucks,115,114,401704795
2024-11-16,Boston Celtics,Toronto Raptors,126,123,401704796
2024-11-16,New Orleans Pelicans,Los Angeles Lakers,99,104,401704797
2024-11-16,Dallas Mavericks,San Antonio Spurs,110,93,401704798
2024-11-16,Sacramento Kings,Utah Jazz,121,117,401704799
2024-11-17,Minnesota Timberwolves,Phoenix Suns,120,117,401704800
2024-11-17,Indiana Pacers,Miami Heat,119,110,401704801
2024-11-17,Cleveland Cavaliers,Charlotte Hornets,128,114,401704802
2024-11-17,Washington Wizards,Detroit Pistons,104,124,401704803
2024-11-17,Memphis Grizzlies,Denver Nuggets,105,90,401704804
2024-11-17,Portland Trail Blazers,Atlanta Hawks,114,110,401704805
2024-11-17,New York Knicks,Brooklyn Nets,114,104,401704806
2024-11-17,Chicago Bulls,Houston Rockets,107,143,401704807
2024-11-17,Oklahoma City Thunder,Dallas Mavericks,119,121,401704808
2024-11-17,LA Clippers,Utah Jazz,116,105,401704809
2024-11-18,Detroit Pistons,Chicago Bulls,112,122,401704810
2024-11-18,Miami Heat,Philadelphia 76ers,106,89,401704811
2024-11-18,New York Knicks,Washington Wizards,134,106,401704812
2024-11-18,Toronto Raptors,Indiana Pacers,130,119,401704813
2024-11-18,Milwaukee Bucks,Houston Rockets,101,100,401704814
2024-11-18,Phoenix Suns,Orlando Magic,99,109,401704815
2024-11-18,Sacramento Kings,Atlanta Hawks,108,109,401704816
2024-11-18,LA Clippers,Golden State Warriors,102,99,401704817
2024-11-19,Boston Celtics,Cleveland Cavaliers,120,117,401703390
2024-11-19,Brooklyn Nets,Charlotte Hornets,116,115,401703391
2024-11-19,Memphis Grizzlies,Denver Nuggets,110,122,401703392
2024-11-19,Dallas Mavericks,New Orleans Pelicans,132,91,401703393
2024-11-19,San Antonio Spurs,Oklahoma City Thunder,110,104,401703394
2024-11-19,Los Angeles Lakers,Utah Jazz,124,118,401703395
2024-11-20,Cleveland Cavaliers,New Orleans Pelicans,128,100,401704818
2024-11-20,Milwaukee Bucks,Chicago Bulls,122,106,401704819
2024-11-20,Houston Rockets,Indiana Pacers,130,113,401704820
2024-11-20,Memphis Grizzlies,Philadelphia 76ers,117,111,401704821
2024-11-20,Oklahoma City Thunder,Portland Trail Blazers,109,99,401704822
2024-11-20,Phoenix Suns,New York Knicks,122,138,401704823
2024-11-20,Golden State Warriors,Atlanta Hawks,120,97,401704824
2024-11-20,LA Clippers,Orlando Magic,104,93,401704825
2024-11-21,Charlotte Hornets,Detroit Pistons,123,121,401704826
2024-11-21,Toronto Raptors,Minnesota Timberwolves,110,105,401704827
2024-11-21,San Antonio Spurs,Utah Jazz,126,118,401704828
2024-11-21,Los Angeles Lakers,Orlando Magic,118,119,401704829
2024-11-22,Philadelphia 76ers,Brooklyn Nets,113,98,401703396
2024-11-22,Washington Wizards,Boston Celtics,96,108,401703397
2024-11-22,Milwaukee Bucks,Indiana Pacers,129,117,401703398
2024-11-22,Chicago Bulls,Atlanta Hawks,136,122,401703399
2024-11-22,Houston Rockets,Portland Trail Blazers,116,88,401703400
2024-11-22,New Orleans Pelicans,Golden State Warriors,108,112,401703401
2024-11-22,Denver Nuggets,Dallas Mavericks,120,123,401703402
2024-11-22,LA Clippers,Sacramento Kings,104,88,401703403
2024-11-23,Utah Jazz,New York Knicks,121,106,401704830
2024-11-23,Orlando Magic,Detroit Pistons,111,100,401704831
2024-11-23,Chicago Bulls,Memphis Grizzlies,131,142,401704832
2024-11-23,Houston Rockets,Portland Trail Blazers,98,104,401704833
2024-11-23,Milwaukee Bucks,Charlotte Hornets,125,119,401704834
2024-11-23,San Antonio Spurs,Golden State Warriors,104,94,401704835
2024-11-23,Los Angeles Lakers,Denver Nuggets,102,127,401704836
2024-11-24,Boston Celtics,Minnesota Timberwolves,107,105,401704837
2024-11-24,Indiana Pacers,Washington Wizards,115,103,401704838
2024-11-24,Miami Heat,Dallas Mavericks,123,118,401704839
2024-11-24,Philadelphia 76ers,LA Clippers,99,125,401704840
2024-11-24,Cleveland Cavaliers,Toronto Raptors,122,108,401704841
2024-11-24,Sacramento Kings,Brooklyn Nets,103,108,401704842
2024-11-25,Charlotte Hornets,Orlando Magic,84,95,401704843
2024-11-25,Detroit Pistons,Toronto Raptors,102,100,401704844
2024-11-25,Indiana Pacers,New Orleans Pelicans,114,110,401704845
2024-11-25,Atlanta Hawks,Dallas Mavericks,119,129,401704846
2024-11-25,Boston Celtics,LA Clippers,126,94,401704847
2024-11-25,Memphis Grizzlies,Portland Trail Blazers,123,98,401704848
2024-11-25,Denver Nuggets,New York Knicks,118,145,401704849
2024-11-25,Golden State Warriors,Brooklyn Nets,120,128,401704850
2024-11-25,Sacramento Kings,Oklahoma City Thunder,109,130,401704851
2024-11-26,Washington Wizards,Chicago Bulls,108,127,401703404
2024-11-26,Miami Heat,Milwaukee Bucks,103,106,401703405
2024-11-26,Minnesota Timberwolves,Houston Rockets,111,117,401703406
2024-11-26,Utah Jazz,San Antonio Spurs,115,128,401703407
2024-11-26,Phoenix Suns,Los Angeles Lakers,127,100,401703408
2024-11-27,Charlotte Hornets,Miami Heat,94,98,401704852
2024-11-27,Cleveland Cavaliers,Atlanta Hawks,124,135,401704853
2024-11-27,Indiana Pacers,Portland Trail Blazers,121,114,401704854
2024-11-27,Orlando Magic,Chicago Bulls,133,119,401704855
2024-11-27,Philadelphia 76ers,Houston Rockets,115,122,401704856
2024-11-27,Washington Wizards,LA Clippers,96,121,401704857
2024-11-27,Dallas Mavericks,New York Knicks,129,114,401704858
2024-11-27,Memphis Grizzlies,Detroit Pistons,131,111,401704859
2024-11-27,Minnesota Timberwolves,Sacramento Kings,104,115,401704860
2024-11-27,New Orleans Pelicans,Toronto Raptors,93,119,401704861
2024-11-27,San Antonio Spurs,Los Angeles Lakers,101,119,401704862
2024-11-27,Phoenix Suns,Brooklyn Nets,117,127,401704863
2024-11-27,Utah Jazz,Denver Nuggets,103,122,401704864
2024-11-27,Golden State Warriors,Oklahoma City Thunder,101,105,401704865
2024-11-29,Charlotte Hornets,New York Knicks,98,99,401703409
2024-11-29,Atlanta Hawks,Cleveland Cavaliers,117,101,401703410
2024-11-29,Memphis Grizzlies,New Orleans Pelicans,120,109,401703411
2024-11-29,Brooklyn Nets,Orlando Magic,100,123,401703412
2024-11-29,Minnesota Timberwolves,LA Clippers,93,92,401703413
2024-11-29,Indiana Pacers,Detroit Pistons,106,130,401703414
2024-11-29,Miami Heat,Toronto Raptors,121,111,401703415
2024-11-29,Chicago Bulls,Boston Celtics,129,138,401703416
2024-11-29,Los Angeles Lakers,Oklahoma City Thunder,93,101,401703417
2024-11-29,Portland Trail Blazers,Sacramento Kings,115,106,401703418
2024-11-30,Charlotte Hornets,Atlanta Hawks,104,107,401704866
2024-11-30,Detroit Pistons,Philadelphia 76ers,96,111,401704867
2024-11-30,Milwaukee Bucks,Washington Wizards,124,114,401704868
2024-11-30,Phoenix Suns,Golden State Warriors,113,105,401704869
2024-11-30,Utah Jazz,Dallas Mavericks,94,106,401704870
2024-12-01,Brooklyn Nets,Orlando Magic,92,100,401704871
2024-12-01,Memphis Grizzlies,Indiana Pacers,136,121,401704872
2024-12-01,Cleveland Cavaliers,Boston Celtics,115,111,401704873
2024-12-01,New York Knicks,New Orleans Pelicans,118,85,401704874
2024-12-01,Toronto Raptors,Miami Heat,119,116,401704875
2024-12-01,Houston Rockets,Oklahoma City Thunder,119,116,401704876
2024-12-01,Utah Jazz,Los Angeles Lakers,104,105,401704877
2024-12-01,Portland Trail Blazers,Dallas Mavericks,131,137,401704878
2024-12-01,Sacramento Kings,San Antonio Spurs,125,127,401704879
2024-12-01,LA Clippers,Denver Nuggets,126,122,401704880
2024-12-02,Atlanta Hawks,New Orleans Pelicans,124,112,401704881
2024-12-02,Boston Celtics,Miami Heat,108,89,401704882
2024-12-02,Chicago Bulls,Brooklyn Nets,128,102,401704883
2024-12-02,Minnesota Timberwolves,Los Angeles Lakers,109,80,401704884
2024-12-03,Charlotte Hornets,Philadelphia 76ers,104,110,401703419
2024-12-03,Cleveland Cavaliers,Washington Wizards,118,87,401703420
2024-12-03,Detroit Pistons,Milwaukee Bucks,107,128,401703421
2024-12-03,New York Knicks,Orlando Magic,121,106,401703422
2024-12-03,Toronto Raptors,Indiana Pacers,122,111,401703423
2024-12-03,Oklahoma City Thunder,Utah Jazz,133,106,401703424
2024-12-03,Dallas Mavericks,Memphis Grizzlies,121,116,401703425
2024-12-03,Phoenix Suns,San Antonio Spurs,104,93,401703426
2024-12-03,Denver Nuggets,Golden State Warriors,119,115,401703427
2024-12-03,Sacramento Kings,Houston Rockets,120,111,401703428
2024-12-03,LA Clippers,Portland Trail Blazers,127,105,401703429
2024-12-04,Boston Celtics,Detroit Pistons,130,120,401704885
2024-12-04,Brooklyn Nets,Indiana Pacers,99,90,401704886
2024-12-04,Miami Heat,Los Angeles Lakers,134,93,401704887
2024-12-04,Philadelphia 76ers,Orlando Magic,102,106,401704888
2024-12-04,Milwaukee Bucks,Atlanta Hawks,104,119,401704889
2024-12-04,LA Clippers,Minnesota Timberwolves,80,108,401704890
2024-12-05,Cleveland Cavaliers,Denver Nuggets,126,114,401704891
2024-12-05,Washington Wizards,Dallas Mavericks,101,137,401704892
2024-12-05,New York Knicks,Charlotte Hornets,125,101,401704893
2024-12-05,Toronto Raptors,Oklahoma City Thunder,92,129,401704894
2024-12-05,Memphis Grizzlies,Sacramento Kings,115,110,401704895
2024-12-05,New Orleans Pelicans,Phoenix Suns,126,124,401704896
2024-12-05,San Antonio Spurs,Chicago Bulls,124,139,401704897
2024-12-05,Golden State Warriors,Houston Rockets,99,93,401704898
2024-12-06,Philadelphia 76ers,Orlando Magic,102,94,401704899
2024-12-06,Atlanta Hawks,Los Angeles Lakers,134,132,401704900
2024-12-06,Boston Celtics,Milwaukee Bucks,111,105,401704901
2024-12-06,Chicago Bulls,Indiana Pacers,123,132,401704902
2024-12-06,San Antonio Spurs,Sacramento Kings,113,140,401704903
2024-12-06,Golden State Warriors,Minnesota Timberwolves,90,107,401704904
2024-12-06,Portland Trail Blazers,Utah Jazz,99,141,401704905
2024-12-07,Charlotte Hornets,Cleveland Cavaliers,102,116,401704906
2024-12-07,Washington Wizards,Denver Nuggets,122,113,401704907
2024-12-07,New Orleans Pelicans,Oklahoma City Thunder,109,119,401704908
2024-12-07,New York Knicks,Detroit Pistons,111,120,401704909
2024-12-07,Toronto Raptors,Dallas Mavericks,118,125,401704910
2024-12-07,Boston Celtics,Memphis Grizzlies,121,127,401704911
2024-12-07,Miami Heat,Phoenix Suns,121,111,401704912
2024-12-08,Chicago Bulls,Philadelphia 76ers,100,108,401704913
2024-12-08,Brooklyn Nets,Milwaukee Bucks,113,118,401704914
2024-12-08,Indiana Pacers,Charlotte Hornets,109,113,401704915
2024-12-08,Atlanta Hawks,Denver Nuggets,111,141,401704916
2024-12-08,Miami Heat,Cleveland Cavaliers,122,113,401704917
2024-12-08,Orlando Magic,Phoenix Suns,115,110,401704918
2024-12-08,Washington Wizards,Memphis Grizzlies,112,140,401704919
2024-12-08,San Antonio Spurs,New Orleans Pelicans,121,116,401704920
2024-12-08,Golden State Warriors,Minnesota Timberwolves,114,106,401704921
2024-12-08,LA Clippers,Houston Rockets,106,117,401704922
2024-12-08,Sacramento Kings,Utah Jazz,141,97,401704923
2024-12-08,Los Angeles Lakers,Portland Trail Blazers,107,98,401704924
2024-12-09,Toronto Raptors,New York Knicks,108,113,401704925
2024-12-10,Milwaukee Bucks,Orlando Magic,114,109,401734902
2024-12-10,Oklahoma City Thunder,Dallas Mavericks,118,104,401734903
2024-12-11,New York Knicks,Atlanta Hawks,100,108,401734904
2024-12-11,Houston Rockets,Golden State Warriors,91,90,401734905
2024-12-12,Boston Celtics,Detroit Pistons,123,99,401736799
2024-12-12,Miami Heat,Toronto Raptors,114,104,401736800
2024-12-12,New Orleans Pelicans,Sacramento Kings,109,111,401736801
2024-12-13,Cleveland Cavaliers,Washington Wizards,115,105,401736802
2024-12-13,Philadelphia 76ers,Indiana Pacers,107,121,401736803
2024-12-13,Minnesota Timberwolves,Los Angeles Lakers,97,87,401736804
2024-12-13,Memphis Grizzlies,Brooklyn Nets,135,119,401736805
2024-12-13,Chicago Bulls,Charlotte Hornets,109,95,401736806
2024-12-13,Denver Nuggets,LA Clippers,120,98,401736807
2024-12-13,Utah Jazz,Phoenix Suns,126,134,401736808
2024-12-13,Portland Trail Blazers,San Antonio Spurs,116,118,401736809
2024-12-14,Milwaukee Bucks,Atlanta Hawks,110,102,401734906
2024-12-14,Oklahoma City Thunder,Houston Rockets,111,96,401734907
2024-12-15,Indiana Pacers,New Orleans Pelicans,119,104,401736810
2024-12-15,Washington Wizards,Boston Celtics,98,112,401736811
2024-12-15,San Antonio Spurs,Minnesota Timberwolves,92,106,401736812
2024-12-15,Phoenix Suns,Portland Trail Blazers,116,109,401736813
2024-12-15,Los Angeles Lakers,Memphis Grizzlies,116,110,401736814
2024-12-15,Orlando Magic,New York Knicks,91,100,401737902
2024-12-15,Golden State Warriors,Dallas Mavericks,133,143,401737912
2024-12-16,Charlotte Hornets,Philadelphia 76ers,108,121,401736815
2024-12-16,Detroit Pistons,Miami Heat,125,124,401736816
2024-12-16,Toronto Raptors,Chicago Bulls,121,122,401736817
2024-12-16,Brooklyn Nets,Cleveland Cavaliers,101,130,401736818
2024-12-16,Sacramento Kings,Denver Nuggets,129,130,401736819
2024-12-16,LA Clippers,Utah Jazz,144,107,401736820
2024-12-17,Oklahoma City Thunder,Milwaukee Bucks,81,97,401734908
2024-12-19,Detroit Pistons,Utah Jazz,119,126,401704926
2024-12-19,Orlando Magic,Oklahoma City Thunder,99,105,401704927
2024-12-19,Washington Wizards,Charlotte Hornets,123,114,401704928
2024-12-19,Boston Celtics,Chicago Bulls,108,117,401704929
2024-12-19,Toronto Raptors,Brooklyn Nets,94,101,401704930
2024-12-19,Houston Rockets,New Orleans Pelicans,133,113,401704931
2024-12-19,Memphis Grizzlies,Golden State Warriors,144,93,401704932
2024-12-19,Minnesota Timberwolves,New York Knicks,107,133,401704933
2024-12-19,Dallas Mavericks,LA Clippers,95,118,401704934
2024-12-19,Phoenix Suns,Indiana Pacers,111,120,401704935
2024-12-19,San Antonio Spurs,Atlanta Hawks,133,126,401704936
2024-12-19,Portland Trail Blazers,Denver Nuggets,126,124,401704937
2024-12-19,Sacramento Kings,Los Angeles Lakers,100,113,401704938
2024-12-20,Philadelphia 76ers,Charlotte Hornets,108,98,401704939
2024-12-20,Cleveland Cavaliers,Milwaukee Bucks,124,101,401704940
2024-12-20,Miami Heat,Oklahoma City Thunder,97,104,401704941
2024-12-21,Sacramento Kings,Los Angeles Lakers,99,103,401704942
2024-12-21,Orlando Magic,Miami Heat,121,114,401704943
2024-12-21,Atlanta Hawks,Memphis Grizzlies,112,128,401704944
2024-12-21,Brooklyn Nets,Utah Jazz,94,105,401704945
2024-12-21,Cleveland Cavaliers,Philadelphia 76ers,126,99,401704946
2024-12-21,Chicago Bulls,Boston Celtics,98,123,401704947
2024-12-21,Milwaukee Bucks,Washington Wizards,112,101,401704948
2024-12-21,Minnesota Timberwolves,Golden State Warriors,103,113,401704949
2024-12-21,New Orleans Pelicans,New York Knicks,93,104,401704950
2024-12-21,Dallas Mavericks,LA Clippers,113,97,401704951
2024-12-21,San Antonio Spurs,Portland Trail Blazers,114,94,401704952
2024-12-21,Phoenix Suns,Detroit Pistons,125,133,401704953
2024-12-22,Toronto Raptors,Houston Rockets,110,114,401704954
2024-12-22,Sacramento Kings,Indiana Pacers,95,122,401704955
2024-12-22,New Orleans Pelicans,Denver Nuggets,129,132,401704956
2024-12-23,Charlotte Hornets,Houston Rockets,101,114,401704957
2024-12-23,Cleveland Cavaliers,Utah Jazz,124,113,401704958
2024-12-23,Orlando Magic,Boston Celtics,108,104,401704959
2024-12-23,Philadelphia 76ers,San Antonio Spurs,111,106,401704960
2024-12-23,Atlanta Hawks,Minnesota Timberwolves,117,104,401704961
2024-12-23,Miami Heat,Brooklyn Nets,110,95,401704962
2024-12-23,New York Knicks,Toronto Raptors,139,125,401704963
2024-12-23,Chicago Bulls,Milwaukee Bucks,91,112,401704964
2024-12-23,Memphis Grizzlies,LA Clippers,110,114,401704965
2024-12-23,Oklahoma City Thunder,Washington Wizards,123,105,401704966
2024-12-23,Dallas Mavericks,Portland Trail Blazers,132,108,401704967
2024-12-23,Denver Nuggets,Phoenix Suns,117,90,401704968
2024-12-23,Golden State Warriors,Indiana Pacers,105,111,401704969
2024-12-23,Los Angeles Lakers,Detroit Pistons,114,117,401704970
2024-12-25,New York Knicks,San Antonio Spurs,117,114,401704971
2024-12-25,Dallas Mavericks,Minnesota Timberwolves,99,105,401704972
2024-12-25,Boston Celtics,Philadelphia 76ers,114,118,401704973
2024-12-25,Golden State Warriors,Los Angeles Lakers,113,115,401704974
2024-12-25,Phoenix Suns,Denver Nuggets,110,100,401704975
2024-12-26,Indiana Pacers,Oklahoma City Thunder,114,120,401704976
2024-12-26,Orlando Magic,Miami Heat,88,89,401704977
2024-12-26,Washington Wizards,Charlotte Hornets,113,110,401704978
2024-12-26,Atlanta Hawks,Chicago Bulls,141,133,401704979
2024-12-26,Memphis Grizzlies,Toronto Raptors,155,126,401704980
2024-12-26,Milwaukee Bucks,Brooklyn Nets,105,111,401704981
2024-12-26,New Orleans Pelicans,Houston Rockets,111,128,401704982
2024-12-26,Portland Trail Blazers,Utah Jazz,122,120,401704983
2024-12-26,Sacramento Kings,Detroit Pistons,113,114,401704984
2024-12-27,Orlando Magic,New York Knicks,85,108,401704985
2024-12-27,Boston Celtics,Indiana Pacers,142,105,401704986
2024-12-27,Brooklyn Nets,San Antonio Spurs,87,96,401704987
2024-12-27,Houston Rockets,Minnesota Timberwolves,112,113,401704988
2024-12-27,New Orleans Pelicans,Memphis Grizzlies,124,132,401704989
2024-12-27,Denver Nuggets,Cleveland Cavaliers,135,149,401704990
2024-12-27,Phoenix Suns,Dallas Mavericks,89,98,401704991
2024-12-27,LA Clippers,Golden State Warriors,102,92,401704992
2024-12-28,Atlanta Hawks,Miami Heat,120,110,401704993
2024-12-28,Charlotte Hornets,Oklahoma City Thunder,94,106,401704994
2024-12-28,Washington Wizards,New York Knicks,132,136,401704995
2024-12-28,Chicago Bulls,Milwaukee Bucks,116,111,401704996
2024-12-28,Golden State Warriors,Phoenix Suns,109,105,401704997
2024-12-28,Denver Nuggets,Detroit Pistons,134,121,401704998
2024-12-28,Utah Jazz,Philadelphia 76ers,111,114,401704999
2024-12-28,Portland Trail Blazers,Dallas Mavericks,126,122,401705000
2024-12-28,Los Angeles Lakers,Sacramento Kings,132,122,401705001
2024-12-29,Orlando Magic,Brooklyn Nets,102,101,401705002
2024-12-29,Boston Celtics,Indiana Pacers,114,123,401705003
2024-12-29,Toronto Raptors,Atlanta Hawks,107,136,401705004
2024-12-29,Houston Rockets,Miami Heat,100,104,401705005
2024-12-29,Oklahoma City Thunder,Memphis Grizzlies,130,106,401705006
2024-12-29,Minnesota Timberwolves,San Antonio Spurs,112,110,401705007
2024-12-30,Charlotte Hornets,Chicago Bulls,108,115,401705008
2024-12-30,Washington Wizards,New York Knicks,106,126,401705009
2024-12-30,New Orleans Pelicans,LA Clippers,113,116,401705010
2024-12-30,Utah Jazz,Denver Nuggets,121,132,401705011
2024-12-30,Golden State Warriors,Cleveland Cavaliers,95,113,401705012
2024-12-30,Portland Trail Blazers,Philadelphia 76ers,103,125,401705013
2024-12-30,Sacramento Kings,Dallas Mavericks,110,100,401705014
2024-12-31,Boston Celtics,Toronto Raptors,125,71,401705015
2024-12-31,Indiana Pacers,Milwaukee Bucks,112,120,401705016
2024-12-31,San Antonio Spurs,LA Clippers,122,86,401705017
2024-12-31,Oklahoma City Thunder,Minnesota Timberwolves,113,105,401705018
2024-12-31,Phoenix Suns,Memphis Grizzlies,112,117,401705019
2024-12-31,Los Angeles Lakers,Cleveland Cavaliers,110,122,401705020
2025-01-01,Detroit Pistons,Orlando Magic,105,96,401705021
2025-01-01,Washington Wizards,Chicago Bulls,125,107,401705022
2025-01-01,Miami Heat,New Orleans Pelicans,119,108,401705023
2025-01-01,New York Knicks,Utah Jazz,119,103,401705024
2025-01-01,Toronto Raptors,Brooklyn Nets,130,113,401705025
2025-01-01,Houston Rockets,Dallas Mavericks,110,99,401705026
2025-01-01,Denver Nuggets,Atlanta Hawks,139,120,401705027
2025-01-01,Sacramento Kings,Philadelphia 76ers,113,107,401705028
2025-01-02,Miami Heat,Indiana Pacers,115,128,401705029
2025-01-02,Minnesota Timberwolves,Boston Celtics,115,118,401705030
2025-01-02,Milwaukee Bucks,Brooklyn Nets,110,113,401705031
2025-01-02,Oklahoma City Thunder,LA Clippers,116,98,401705032
2025-01-02,Golden State Warriors,Philadelphia 76ers,139,105,401705033
2025-01-02,Los Angeles Lakers,Portland Trail Blazers,114,106,401705034
2025-01-03,Detroit Pistons,Charlotte Hornets,98,94,401705035
2025-01-03,Toronto Raptors,Orlando Magic,97,106,401705036
2025-01-03,Houston Rockets,Boston Celtics,86,109,401705037
2025-01-03,New Orleans Pelicans,Washington Wizards,132,120,401705038
2025-01-03,Oklahoma City Thunder,New York Knicks,117,107,401705039
2025-01-03,Dallas Mavericks,Cleveland Cavaliers,122,134,401705040
2025-01-03,Denver Nuggets,San Antonio Spurs,110,113,401705041
2025-01-03,Sacramento Kings,Memphis Grizzlies,138,133,401705042
2025-01-03,Los Angeles Lakers,Atlanta Hawks,119,102,401705043
2025-01-04,Brooklyn Nets,Philadelphia 76ers,94,123,401705044
2025-01-04,Detroit Pistons,Minnesota Timberwolves,119,105,401705045
2025-01-04,Indiana Pacers,Phoenix Suns,126,108,401705046
2025-01-04,Miami Heat,Utah Jazz,100,136,401705047
2025-01-04,Chicago Bulls,New York Knicks,139,126,401705048
2025-01-04,Milwaukee Bucks,Portland Trail Blazers,102,105,401705049
2025-01-04,San Antonio Spurs,Denver Nuggets,111,122,401705050
2025-01-04,Golden State Warriors,Memphis Grizzlies,121,113,401705051
2025-01-04,LA Clippers,Atlanta Hawks,131,105,401705052
2025-01-05,Oklahoma City Thunder,Boston Celtics,105,92,401705053
2025-01-05,Cleveland Cavaliers,Charlotte Hornets,115,105,401705054
2025-01-05,Washington Wizards,New Orleans Pelicans,98,110,401705055
2025-01-05,Orlando Magic,Utah Jazz,92,105,401705056
2025-01-05,Houston Rockets,Los Angeles Lakers,119,115,401705057
2025-01-05,Golden State Warriors,Sacramento Kings,99,129,401705058
2025-01-06,Detroit Pistons,Portland Trail Blazers,118,115,401705059
2025-01-06,Philadelphia 76ers,Phoenix Suns,99,109,401705060
2025-01-06,Brooklyn Nets,Indiana Pacers,99,113,401705061
2025-01-06,New York Knicks,Orlando Magic,94,103,401705062
2025-01-06,Toronto Raptors,Milwaukee Bucks,104,128,401705063
2025-01-06,Chicago Bulls,San Antonio Spurs,114,110,401705064
2025-01-06,Memphis Grizzlies,Dallas Mavericks,119,104,401705065
2025-01-06,Minnesota Timberwolves,LA Clippers,108,106,401705066
2025-01-06,Sacramento Kings,Miami Heat,123,118,401705067
2025-01-07,Charlotte Hornets,Phoenix Suns,115,104,401705068
2025-01-07,Washington Wizards,Houston Rockets,112,135,401705069
2025-01-07,Dallas Mavericks,Los Angeles Lakers,118,97,401705070
2025-01-07,New Orleans Pelicans,Minnesota Timberwolves,97,104,401705071
2025-01-07,Utah Jazz,Atlanta Hawks,121,124,401705072
2025-01-07,Denver Nuggets,Boston Celtics,106,118,401705073
2025-01-07,Golden State Warriors,Miami Heat,98,114,401705074
2025-01-08,Cleveland Cavaliers,Oklahoma City Thunder,129,122,401705075
2025-01-08,Indiana Pacers,Chicago Bulls,129,113,401705076
2025-01-08,New York Knicks,Toronto Raptors,112,98,401705077
2025-01-08,Philadelphia 76ers,Washington Wizards,109,103,401705078
2025-01-08,Brooklyn Nets,Detroit Pistons,98,113,401705079
2025-01-08,New Orleans Pelicans,Portland Trail Blazers,100,119,401705080
2025-01-08,Denver Nuggets,LA Clippers,126,103,401705081
2025-01-08,Milwaukee Bucks,San Antonio Spurs,121,105,401705082
2025-01-09,Cleveland Cavaliers,Toronto Raptors,132,126,401705083
2025-01-09,Detroit Pistons,Golden State Warriors,104,107,401705084
2025-01-09,Orlando Magic,Minnesota Timberwolves,89,104,401705085
2025-01-09,Memphis Grizzlies,Houston Rockets,115,119,401705086
2025-01-09,Dallas Mavericks,Portland Trail Blazers,117,111,401705087
2025-01-09,Phoenix Suns,Atlanta Hawks,123,115,401705088
2025-01-09,Utah Jazz,Miami Heat,92,97,401705089
2025-01-10,Indiana Pacers,Golden State Warriors,108,96,401705091
2025-01-10,Orlando Magic,Milwaukee Bucks,106,109,401705092
2025-01-10,Philadelphia 76ers,New Orleans Pelicans,115,123,401705093
2025-01-10,Boston Celtics,Sacramento Kings,97,114,401705094
2025-01-10,New York Knicks,Oklahoma City Thunder,101,126,401705095
2025-01-10,Chicago Bulls,Washington Wizards,138,105,401705096
2025-01-10,Denver Nuggets,Brooklyn Nets,124,105,401705097
2025-01-11,Phoenix Suns,Utah Jazz,114,106,401705099
2025-01-11,Detroit Pistons,Toronto Raptors,123,114,401705100
2025-01-11,Minnesota Timberwolves,Memphis Grizzlies,125,127,401705101
2025-01-11,Portland Trail Blazers,Miami Heat,98,119,401705102
2025-01-12,New York Knicks,Milwaukee Bucks,140,106,401705105
2025-01-12,Dallas Mavericks,Denver Nuggets,101,112,401705106
2025-01-12,Chicago Bulls,Sacramento Kings,119,124,401705107
2025-01-12,Boston Celtics,New Orleans Pelicans,120,119,401705108
2025-01-12,Cleveland Cavaliers,Indiana Pacers,93,108,401705109
2025-01-12,Orlando Magic,Philadelphia 76ers,104,99,401705110
2025-01-12,Washington Wizards,Oklahoma City Thunder,95,136,401705111
2025-01-12,Utah Jazz,Brooklyn Nets,112,111,401705112
2025-01-12,Phoenix Suns,Charlotte Hornets,120,113,401705113
2025-01-13,Washington Wizards,Minnesota Timberwolves,106,120,401705114
2025-01-13,New York Knicks,Detroit Pistons,119,124,401705115
2025-01-13,Toronto Raptors,Golden State Warriors,104,101,401705116
2025-01-13,Houston Rockets,Memphis Grizzlies,120,118,401705117
2025-01-13,Los Angeles Lakers,San Antonio Spurs,102,126,401705118
2025-01-13,LA Clippers,Miami Heat,109,98,401705119
2025-01-14,Indiana Pacers,Cleveland Cavaliers,117,127,401705120
2025-01-14,Philadelphia 76ers,Oklahoma City Thunder,102,118,401705121
2025-01-14,Atlanta Hawks,Phoenix Suns,122,117,401705122
2025-01-14,Chicago Bulls,New Orleans Pelicans,113,119,401705123
2025-01-14,Milwaukee Bucks,Sacramento Kings,130,115,401705124
2025-01-14,Dallas Mavericks,Denver Nuggets,99,118,401705125
2025-01-14,Portland Trail Blazers,Brooklyn Nets,114,132,401705126
2025-01-15,Philadelphia 76ers,New York Knicks,119,125,401705127
2025-01-15,Toronto Raptors,Boston Celtics,110,97,401705128
2025-01-15,Chicago Bulls,Atlanta Hawks,94,110,401705129
2025-01-15,Milwaukee Bucks,Orlando Magic,122,93,401705130
2025-01-15,Minnesota Timberwolves,Golden State Warriors,115,116,401705131
2025-01-15,New Orleans Pelicans,Dallas Mavericks,119,116,401705132
2025-01-15,San Antonio Spurs,Memphis Grizzlies,115,129,401705133
2025-01-15,Denver Nuggets,Houston Rockets,108,128,401705134
2025-01-15,Utah Jazz,Charlotte Hornets,112,117,401705135
2025-01-15,Los Angeles Lakers,Miami Heat,117,108,401705136
2025-01-15,LA Clippers,Brooklyn Nets,126,67,401705137
2025-01-16,Detroit Pistons,Indiana Pacers,100,111,401705138
2025-01-16,Washington Wizards,Phoenix Suns,123,130,401705139
2025-01-16,Oklahoma City Thunder,Cleveland Cavaliers,134,114,401705140
2025-01-16,Portland Trail Blazers,LA Clippers,89,118,401705141
2025-01-16,Sacramento Kings,Houston Rockets,132,127,401705142
2025-01-17,Boston Celtics,Orlando Magic,121,94,401705143
2025-01-17,New York Knicks,Minnesota Timberwolves,99,116,401705144
2025-01-17,Miami Heat,Denver Nuggets,113,133,401705145
2025-01-17,Milwaukee Bucks,Toronto Raptors,130,112,401705146
2025-01-17,New Orleans Pelicans,Utah Jazz,136,123,401705147
2025-01-17,San Antonio Spurs,Memphis Grizzlies,112,140,401705148
2025-01-17,Dallas Mavericks,Oklahoma City Thunder,106,98,401705149
2025-01-17,Chicago Bulls,Charlotte Hornets,123,125,401705150
2025-01-17,Los Angeles Lakers,Brooklyn Nets,102,101,401705151
2025-01-18,Detroit Pistons,Phoenix Suns,121,125,401705152
2025-01-18,Boston Celtics,Atlanta Hawks,115,119,401705153
2025-01-18,Indiana Pacers,Philadelphia 76ers,115,102,401705154
2025-01-18,Golden State Warriors,Washington Wizards,122,114,401705155
2025-01-18,Minnesota Timberwolves,Cleveland Cavaliers,117,124,401705156
2025-01-18,Portland Trail Blazers,Houston Rockets,103,125,401705157
2025-01-19,Miami Heat,San Antonio Spurs,128,107,401705158
2025-01-19,Orlando Magic,Denver Nuggets,100,113,401705159
2025-01-19,Milwaukee Bucks,Philadelphia 76ers,123,109,401705160
2025-01-19,Oklahoma City Thunder,Brooklyn Nets,127,101,401705161
2025-01-19,LA Clippers,Los Angeles Lakers,116,102,401705162
2025-01-19,Portland Trail Blazers,Chicago Bulls,113,102,401705163
2025-01-19,Sacramento Kings,Washington Wizards,123,100,401705164
2025-01-20,Charlotte Hornets,Dallas Mavericks,110,105,401705165
2025-01-20,Houston Rockets,Detroit Pistons,96,107,401705166
2025-01-20,Memphis Grizzlies,Minnesota Timberwolves,108,106,401705167
2025-01-20,New York Knicks,Atlanta Hawks,119,110,401705168
2025-01-20,Cleveland Cavaliers,Phoenix Suns,118,92,401705169
2025-01-20,Golden State Warriors,Boston Celtics,85,125,401705170
2025-01-20,New Orleans Pelicans,Utah Jazz,123,119,401705171
2025-01-20,LA Clippers,Chicago Bulls,99,112,401705177
2025-01-21,Brooklyn Nets,New York Knicks,95,99,401705172
2025-01-21,Miami Heat,Portland Trail Blazers,107,116,401705173
2025-01-21,Toronto Raptors,Orlando Magic,109,93,401705174
2025-01-21,Denver Nuggets,Philadelphia 76ers,144,109,401705175
2025-01-21,Los Angeles Lakers,Washington Wizards,111,88,401705176
2025-01-22,Atlanta Hawks,Detroit Pistons,104,114,401705178
2025-01-22,Brooklyn Nets,Phoenix Suns,84,108,401705179
2025-01-22,Dallas Mavericks,Minnesota Timberwolves,114,115,401705180
2025-01-22,Houston Rockets,Cleveland Cavaliers,109,108,401705181
2025-01-22,Memphis Grizzlies,Charlotte Hornets,132,120,401705182
2025-01-22,Oklahoma City Thunder,Utah Jazz,123,114,401705184
2025-01-22,Sacramento Kings,Golden State Warriors,123,117,401705185
2025-01-22,LA Clippers,Boston Celtics,113,117,401705186
2025-01-23,Indiana Pacers,San Antonio Spurs,110,140,401705187
2025-01-23,Orlando Magic,Portland Trail Blazers,79,101,401705188
2025-01-23,Atlanta Hawks,Toronto Raptors,119,122,401705189
2025-01-23,Milwaukee Bucks,Miami Heat,125,96,401705190
2025-01-23,Oklahoma City Thunder,Dallas Mavericks,115,121,401705191
2025-01-23,Denver Nuggets,Sacramento Kings,132,123,401705192
2025-01-23,Golden State Warriors,Chicago Bulls,131,106,401705194
2025-01-23,Los Angeles Lakers,Boston Celtics,117,96,401705195
2025-01-23,LA Clippers,Washington Wizards,110,93,401705549
2025-01-24,Charlotte Hornets,Portland Trail Blazers,97,102,401705196
2025-01-24,Philadelphia 76ers,Cleveland Cavaliers,132,129,401705197
2025-01-24,Memphis Grizzlies,New Orleans Pelicans,139,126,401705198
2025-01-25,San Antonio Spurs,Indiana Pacers,98,136,401705199
2025-01-25,Minnesota Timberwolves,Denver Nuggets,133,104,401705200
2025-01-25,Dallas Mavericks,Boston Celtics,107,122,401705201
2025-01-25,Brooklyn Nets,Miami Heat,97,106,401705202
2025-01-25,Charlotte Hornets,New Orleans Pelicans,123,92,401705203
2025-01-25,Orlando Magic,Detroit Pistons,121,113,401705204
2025-01-25,Atlanta Hawks,Toronto Raptors,94,117,401705205
2025-01-25,Cleveland Cavaliers,Houston Rockets,131,135,401705206
2025-01-25,New York Knicks,Sacramento Kings,143,120,401705207
2025-01-25,Chicago Bulls,Philadelphia 76ers,97,109,401705208
2025-01-25,Memphis Grizzlies,Utah Jazz,125,103,401705209
2025-01-25,Golden State Warriors,Los Angeles Lakers,108,118,401705210
2025-01-25,Phoenix Suns,Washington Wizards,119,109,401705211
2025-01-25,LA Clippers,Milwaukee Bucks,127,117,401705212
2025-01-26,Portland Trail Blazers,Oklahoma City Thunder,108,118,401705213
2025-01-27,Charlotte Hornets,Los Angeles Lakers,107,112,401705214
2025-01-27,Cleveland Cavaliers,Detroit Pistons,110,91,401705215
2025-01-27,Boston Celtics,Houston Rockets,112,114,401705216
2025-01-27,Brooklyn Nets,Sacramento Kings,96,110,401705217
2025-01-27,Miami Heat,Orlando Magic,125,119,401705218
2025-01-27,New York Knicks,Memphis Grizzlies,143,106,401705219
2025-01-27,Toronto Raptors,New Orleans Pelicans,113,104,401705220
2025-01-27,Chicago Bulls,Denver Nuggets,129,121,401705221
2025-01-27,Minnesota Timberwolves,Atlanta Hawks,100,92,401705222
2025-01-27,Dallas Mavericks,Washington Wizards,130,108,401705223
2025-01-27,Utah Jazz,Milwaukee Bucks,110,125,401705224
2025-01-27,Phoenix Suns,LA Clippers,111,109,401705225
2025-01-28,Philadelphia 76ers,Los Angeles Lakers,118,104,401705226
2025-01-28,Golden State Warriors,Utah Jazz,114,103,401705227
2025-01-28,Portland Trail Blazers,Milwaukee Bucks,125,112,401705228
2025-01-28,Atlanta Hawks,Houston Rockets,96,100,401748705
2025-01-29,Charlotte Hornets,Brooklyn Nets,83,104,401705229
2025-01-29,Indiana Pacers,Detroit Pistons,133,119,401705230
2025-01-29,Washington Wizards,Toronto Raptors,82,106,401705231
2025-01-29,Boston Celtics,Chicago Bulls,122,100,401705232
2025-01-29,Miami Heat,Cleveland Cavaliers,106,126,401705233
2025-01-29,New York Knicks,Denver Nuggets,122,112,401705234
2025-01-29,Philadelphia 76ers,Sacramento Kings,117,104,401705235
2025-01-29,New Orleans Pelicans,Dallas Mavericks,136,137,401705236
2025-01-29,San Antonio Spurs,LA Clippers,116,128,401705237
2025-01-29,Phoenix Suns,Minnesota Timberwolves,113,121,401705238
2025-01-29,Golden State Warriors,Oklahoma City Thunder,116,109,401705239
2025-01-30,Washington Wizards,Los Angeles Lakers,96,134,401705240
2025-01-30,Cleveland Cavaliers,Atlanta Hawks,137,115,401705241
2025-01-30,Memphis Grizzlies,Houston Rockets,120,119,401705242
2025-01-30,Utah Jazz,Minnesota Timberwolves,113,138,401705243
2025-01-30,Portland Trail Blazers,Orlando Magic,119,90,401705244
2025-01-31,Charlotte Hornets,LA Clippers,104,112,401705245
2025-01-31,Detroit Pistons,Dallas Mavericks,117,102,401705246
2025-01-31,Philadelphia 76ers,Denver Nuggets,134,137,401705247
2025-01-31,Toronto Raptors,Chicago Bulls,106,122,401705248
2025-01-31,New Orleans Pelicans,Boston Celtics,116,118,401705249
2025-01-31,San Antonio Spurs,Milwaukee Bucks,144,118,401705250
2025-01-31,Golden State Warriors,Phoenix Suns,105,130,401705251
2025-02-01,Indiana Pacers,Atlanta Hawks,132,127,401705252
2025-02-01,Utah Jazz,Orlando Magic,113,99,401705253
2025-02-01,Charlotte Hornets,Denver Nuggets,104,107,401705254
2025-02-01,Houston Rockets,Brooklyn Nets,98,110,401705255
2025-02-01,Minnesota Timberwolves,Washington Wizards,103,105,401705256
2025-02-01,Oklahoma City Thunder,Sacramento Kings,144,110,401705257
2025-02-01,New York Knicks,Los Angeles Lakers,112,128,401705258
2025-02-01,San Antonio Spurs,Miami Heat,103,105,401705259
2025-02-01,Portland Trail Blazers,Phoenix Suns,127,108,401705260
2025-02-02,Detroit Pistons,Chicago Bulls,127,119,401705261
2025-02-02,Cleveland Cavaliers,Dallas Mavericks,144,101,401705262
2025-02-02,Toronto Raptors,LA Clippers,115,108,401705263
2025-02-02,Philadelphia 76ers,Boston Celtics,110,118,401705264
2025-02-02,Milwaukee Bucks,Memphis Grizzlies,119,132,401705265
2025-02-03,Charlotte Hornets,Washington Wizards,114,124,401705266
2025-02-03,Detroit Pistons,Atlanta Hawks,130,132,401705267
2025-02-03,New York Knicks,Houston Rockets,124,118,401705268
2025-02-03,Memphis Grizzlies,San Antonio Spurs,128,109,401705269
2025-02-03,Minnesota Timberwolves,Sacramento Kings,114,116,401705270
2025-02-03,Oklahoma City Thunder,Milwaukee Bucks,125,96,401705271
2025-02-03,Denver Nuggets,New Orleans Pelicans,125,113,401705272
2025-02-03,Utah Jazz,Indiana Pacers,111,112,401705273
2025-02-03,Golden State Warriors,Orlando Magic,104,99,401705274
2025-02-03,Portland Trail Blazers,Phoenix Suns,121,119,401705275
2025-02-04,Cleveland Cavaliers,Boston Celtics,105,112,401705276
2025-02-04,Brooklyn Nets,Houston Rockets,99,97,401705277
2025-02-04,Philadelphia 76ers,Dallas Mavericks,118,116,401705278
2025-02-04,Toronto Raptors,New York Knicks,115,121,401705279
2025-02-04,Chicago Bulls,Miami Heat,133,124,401705280
2025-02-04,LA Clippers,Los Angeles Lakers,97,122,401705281
2025-02-04,Portland Trail Blazers,Indiana Pacers,112,89,401705282
2025-02-05,Charlotte Hornets,Milwaukee Bucks,102,112,401705283
2025-02-05,Detroit Pistons,Cleveland Cavaliers,115,118,401705284
2025-02-05,Atlanta Hawks,San Antonio Spurs,125,126,401705285
2025-02-05,Brooklyn Nets,Washington Wizards,102,119,401705286
2025-02-05,Philadelphia 76ers,Miami Heat,101,108,401705287
2025-02-05,Toronto Raptors,Memphis Grizzlies,107,138,401705288
2025-02-05,Minnesota Timberwolves,Chicago Bulls,127,108,401705289
2025-02-05,Oklahoma City Thunder,Phoenix Suns,140,109,401705290
2025-02-05,Utah Jazz,Golden State Warriors,131,128,401705291
2025-02-05,Denver Nuggets,New Orleans Pelicans,144,119,401705292
2025-02-05,Sacramento Kings,Orlando Magic,111,130,401705293
2025-02-06,Boston Celtics,Dallas Mavericks,120,127,401705294
2025-02-06,Minnesota Timberwolves,Houston Rockets,127,114,401705295
2025-02-06,Denver Nuggets,Orlando Magic,112,90,401705296
2025-02-06,Los Angeles Lakers,Golden State Warriors,120,112,401705297
2025-02-06,Portland Trail Blazers,Sacramento Kings,108,102,401705298
2025-02-06,LA Clippers,Indiana Pacers,112,119,401705299
2025-02-07,Charlotte Hornets,San Antonio Spurs,117,116,401705300
2025-02-07,Washington Wizards,Cleveland Cavaliers,124,134,401705301
2025-02-07,Atlanta Hawks,Milwaukee Bucks,115,110,401705302
2025-02-07,Brooklyn Nets,Miami Heat,102,86,401705303
2025-02-07,Detroit Pistons,Philadelphia 76ers,125,112,401705304
2025-02-07,Oklahoma City Thunder,Toronto Raptors,121,109,401705305
2025-02-07,Phoenix Suns,Utah Jazz,135,127,401705306
2025-02-08,Dallas Mavericks,Houston Rockets,116,105,401705307
2025-02-08,Los Angeles Lakers,Indiana Pacers,124,117,401705308
2025-02-08,Orlando Magic,San Antonio Spurs,112,111,401705309
2025-02-08,Washington Wizards,Atlanta Hawks,111,125,401705310
2025-02-08,Chicago Bulls,Golden State Warriors,111,132,401705311
2025-02-08,Memphis Grizzlies,Oklahoma City Thunder,112,125,401705312
2025-02-08,Minnesota Timberwolves,Portland Trail Blazers,114,98,401705313
2025-02-08,New York Knicks,Boston Celtics,104,131,401705314
2025-02-08,Phoenix Suns,Denver Nuggets,105,122,401705315
2025-02-08,Sacramento Kings,New Orleans Pelicans,123,118,401705316
2025-02-08,LA Clippers,Utah Jazz,130,110,401705317
2025-02-09,Detroit Pistons,Charlotte Hornets,112,102,401705318
2025-02-09,Houston Rockets,Toronto Raptors,94,87,401705319
2025-02-09,Milwaukee Bucks,Philadelphia 76ers,135,127,401705320
2025-02-10,Cleveland Cavaliers,Minnesota Timberwolves,128,107,401705321
2025-02-10,Orlando Magic,Atlanta Hawks,106,112,401705322
2025-02-10,Washington Wizards,San Antonio Spurs,121,131,401705323
2025-02-10,Brooklyn Nets,Charlotte Hornets,97,89,401705324
2025-02-10,Miami Heat,Boston Celtics,85,103,401705325
2025-02-10,Milwaukee Bucks,Golden State Warriors,111,125,401705326
2025-02-10,Oklahoma City Thunder,New Orleans Pelicans,137,101,401705327
2025-02-10,Dallas Mavericks,Sacramento Kings,128,129,401705328
2025-02-10,Denver Nuggets,Portland Trail Blazers,146,117,401705329
2025-02-10,Los Angeles Lakers,Utah Jazz,132,113,401705334
2025-02-11,Philadelphia 76ers,Toronto Raptors,103,106,401705330
2025-02-11,Indiana Pacers,New York Knicks,115,128,401705331
2025-02-11,Chicago Bulls,Detroit Pistons,92,132,401705332
2025-02-11,Phoenix Suns,Memphis Grizzlies,112,119,401705333
2025-02-12,Boston Celtics,San Antonio Spurs,116,103,401705335
2025-02-12,Orlando Magic,Charlotte Hornets,102,86,401705336
2025-02-12,Washington Wizards,Indiana Pacers,130,134,401705337
2025-02-12,Brooklyn Nets,Philadelphia 76ers,100,96,401705338
2025-02-12,New York Knicks,Atlanta Hawks,149,148,401705339
2025-02-12,Toronto Raptors,Cleveland Cavaliers,108,131,401705340
2025-02-12,Chicago Bulls,Detroit Pistons,110,128,401705341
2025-02-12,Minnesota Timberwolves,Milwaukee Bucks,101,103,401705342
2025-02-12,New Orleans Pelicans,Sacramento Kings,111,119,401705343
2025-02-12,Oklahoma City Thunder,Miami Heat,115,101,401705344
2025-02-12,Houston Rockets,Phoenix Suns,119,111,401705345
2025-02-12,Denver Nuggets,Portland Trail Blazers,132,121,401705346
2025-02-12,Utah Jazz,Los Angeles Lakers,131,119,401705347
2025-02-12,Dallas Mavericks,Golden State Warriors,111,107,401705348
2025-02-12,LA Clippers,Memphis Grizzlies,128,114,401705349
2025-02-13,Houston Rockets,Golden State Warriors,98,105,401705350
2025-02-13,New Orleans Pelicans,Sacramento Kings,140,133,401705351
2025-02-13,Dallas Mavericks,Miami Heat,118,113,401705352
2025-02-13,Minnesota Timberwolves,Oklahoma City Thunder,116,101,401705353
2025-02-13,Utah Jazz,LA Clippers,116,120,401705570
2025-02-16,Team Chuck,Team Kenny,41,32,401752955
2025-02-16,Team Shaq,Team Candace,42,35,401752956
2025-02-16,Team Chuck,Team Shaq,25,41,401752957
2025-02-19,Los Angeles Lakers,Charlotte Hornets,97,100,401748704
2025-02-20,Indiana Pacers,Memphis Grizzlies,127,113,401705354
2025-02-20,Philadelphia 76ers,Boston Celtics,104,124,401705355
2025-02-20,Atlanta Hawks,Orlando Magic,108,114,401705356
2025-02-20,Brooklyn Nets,Cleveland Cavaliers,97,110,401705357
2025-02-20,New York Knicks,Chicago Bulls,113,111,401705358
2025-02-20,Milwaukee Bucks,LA Clippers,116,110,401705359
2025-02-20,Denver Nuggets,Charlotte Hornets,129,115,401705360
2025-02-20,San Antonio Spurs,Phoenix Suns,120,109,401705361
2025-02-20,Portland Trail Blazers,Los Angeles Lakers,102,110,401705362
2025-02-21,Cleveland Cavaliers,New York Knicks,142,105,401705363
2025-02-21,Orlando Magic,Memphis Grizzlies,104,105,401705364
2025-02-21,Washington Wizards,Milwaukee Bucks,101,104,401705365
2025-02-21,Toronto Raptors,Miami Heat,111,120,401705366
2025-02-21,Houston Rockets,Minnesota Timberwolves,121,115,401705367
2025-02-21,San Antonio Spurs,Detroit Pistons,110,125,401705368
2025-02-21,Dallas Mavericks,New Orleans Pelicans,111,103,401705369
2025-02-21,Utah Jazz,Oklahoma City Thunder,107,130,401705370
2025-02-21,Sacramento Kings,Golden State Warriors,108,132,401705371
2025-02-22,Chicago Bulls,Phoenix Suns,117,121,401705372
2025-02-22,Philadelphia 76ers,Brooklyn Nets,103,105,401705373
2025-02-22,Denver Nuggets,Los Angeles Lakers,100,123,401705374
2025-02-22,Utah Jazz,Houston Rockets,124,115,401705375
2025-02-22,Portland Trail Blazers,Charlotte Hornets,141,88,401705376
2025-02-23,Boston Celtics,New York Knicks,118,105,401705377
2025-02-23,Golden State Warriors,Dallas Mavericks,126,102,401705378
2025-02-23,Indiana Pacers,LA Clippers,129,111,401705379
2025-02-23,Atlanta Hawks,Detroit Pistons,143,148,401705380
2025-02-23,Orlando Magic,Washington Wizards,110,90,401705381
2025-02-23,Toronto Raptors,Phoenix Suns,127,109,401705382
2025-02-23,Milwaukee Bucks,Miami Heat,120,113,401705383
2025-02-23,New Orleans Pelicans,San Antonio Spurs,114,96,401705384
2025-02-23,Cleveland Cavaliers,Memphis Grizzlies,129,123,401705385
2025-02-23,Minnesota Timberwolves,Oklahoma City Thunder,123,130,401705386
2025-02-24,Detroit Pistons,LA Clippers,106,97,401705387
2025-02-24,Indiana Pacers,Denver Nuggets,116,125,401705388
2025-02-24,Philadelphia 76ers,Chicago Bulls,110,142,401705389
2025-02-24,Washington Wizards,Brooklyn Nets,107,99,401705390
2025-02-24,Atlanta Hawks,Miami Heat,98,86,401705391
2025-02-24,Oklahoma City Thunder,Minnesota Timberwolves,128,131,401705392
2025-02-24,Utah Jazz,Portland Trail Blazers,112,114,401705393
2025-02-24,Sacramento Kings,Charlotte Hornets,130,88,401705394
2025-02-25,Toronto Raptors,Boston Celtics,101,111,401705395
2025-02-25,Orlando Magic,Cleveland Cavaliers,82,122,401705396
2025-02-25,Houston Rockets,Milwaukee Bucks,100,97,401705397
2025-02-25,Memphis Grizzlies,Phoenix Suns,151,148,401705398
2025-02-25,New Orleans Pelicans,San Antonio Spurs,109,103,401705399
2025-02-25,Golden State Warriors,Charlotte Hornets,128,92,401705400
2025-02-25,Los Angeles Lakers,Dallas Mavericks,107,99,401705401
2025-02-26,Detroit Pistons,Boston Celtics,117,97,401705402
2025-02-26,Indiana Pacers,Toronto Raptors,111,91,401705403
2025-02-26,New York Knicks,Philadelphia 76ers,110,105,401705404
2025-02-26,Washington Wizards,Portland Trail Blazers,121,129,401705405
2025-02-26,Brooklyn Nets,Oklahoma City Thunder,121,129,401705406
2025-02-26,Miami Heat,Atlanta Hawks,131,109,401705407
2025-02-26,Chicago Bulls,LA Clippers,117,122,401705408
2025-02-26,Utah Jazz,Sacramento Kings,101,118,401705409
2025-02-26,Houston Rockets,San Antonio Spurs,118,106,401705410
2025-02-27,Orlando Magic,Golden State Warriors,115,121,401705411
2025-02-27,Milwaukee Bucks,Denver Nuggets,121,112,401705412
2025-02-27,Dallas Mavericks,Charlotte Hornets,103,96,401705413
2025-02-27,Phoenix Suns,New Orleans Pelicans,116,124,401705414
2025-02-27,Los Angeles Lakers,Minnesota Timberwolves,111,102,401705415
2025-02-28,Detroit Pistons,Denver Nuggets,119,134,401705416
2025-02-28,Atlanta Hawks,Oklahoma City Thunder,119,135,401705417
2025-02-28,Boston Celtics,Cleveland Cavaliers,116,123,401705418
2025-02-28,Brooklyn Nets,Portland Trail Blazers,102,121,401705419
2025-02-28,Miami Heat,Indiana Pacers,125,120,401705420
2025-02-28,Chicago Bulls,Toronto Raptors,125,115,401705421
2025-02-28,Memphis Grizzlies,New York Knicks,113,114,401705422
2025-02-28,Phoenix Suns,New Orleans Pelicans,125,108,401705423
2025-02-28,Utah Jazz,Minnesota Timberwolves,117,116,401705424
2025-02-28,Los Angeles Lakers,LA Clippers,106,102,401705425
2025-03-01,Charlotte Hornets,Washington Wizards,100,113,401705426
2025-03-01,Detroit Pistons,Brooklyn Nets,115,94,401705427
2025-03-01,Houston Rockets,Sacramento Kings,103,113,401705428
2025-03-01,Memphis Grizzlies,San Antonio Spurs,128,130,401705429
2025-03-01,Philadelphia 76ers,Golden State Warriors,126,119,401705430
2025-03-01,Dallas Mavericks,Milwaukee Bucks,117,132,401705431
2025-03-02,Boston Celtics,Denver Nuggets,110,103,401705432
2025-03-02,Cleveland Cavaliers,Portland Trail Blazers,133,129,401705433
2025-03-02,Indiana Pacers,Chicago Bulls,127,112,401705434
2025-03-02,Miami Heat,New York Knicks,112,116,401705435
2025-03-02,Orlando Magic,Toronto Raptors,102,104,401705436
2025-03-02,San Antonio Spurs,Oklahoma City Thunder,132,146,401705437
2025-03-02,Utah Jazz,New Orleans Pelicans,121,128,401705438
2025-03-02,Phoenix Suns,Minnesota Timberwolves,98,116,401705439
2025-03-02,Los Angeles Lakers,LA Clippers,108,102,401705440
2025-03-03,Charlotte Hornets,Golden State Warriors,101,119,401705441
2025-03-03,Philadelphia 76ers,Portland Trail Blazers,102,119,401705442
2025-03-03,Miami Heat,Washington Wizards,106,90,401705443
2025-03-03,Memphis Grizzlies,Atlanta Hawks,130,132,401705444
2025-03-03,Oklahoma City Thunder,Houston Rockets,137,128,401705445
2025-03-03,Dallas Mavericks,Sacramento Kings,98,122,401705446
2025-03-03,Utah Jazz,Detroit Pistons,106,134,401705447
2025-03-04,Indiana Pacers,Houston Rockets,115,102,401705448
2025-03-04,Orlando Magic,Toronto Raptors,113,114,401705449
2025-03-04,Atlanta Hawks,Milwaukee Bucks,121,127,401705450
2025-03-04,New York Knicks,Golden State Warriors,102,114,401705451
2025-03-04,Chicago Bulls,Cleveland Cavaliers,117,139,401705452
2025-03-04,Minnesota Timberwolves,Philadelphia 76ers,126,112,401705453
2025-03-04,San Antonio Spurs,Brooklyn Nets,127,113,401705454
2025-03-04,Phoenix Suns,LA Clippers,119,117,401705455
2025-03-04,Los Angeles Lakers,New Orleans Pelicans,136,115,401705456
2025-03-05,Boston Celtics,Portland Trail Blazers,128,118,401705457
2025-03-05,Charlotte Hornets,Minnesota Timberwolves,110,125,401705458
2025-03-05,Cleveland Cavaliers,Miami Heat,112,107,401705459
2025-03-05,Washington Wizards,Utah Jazz,125,122,401705460
2025-03-05,Memphis Grizzlies,Oklahoma City Thunder,103,120,401705461
2025-03-05,Denver Nuggets,Sacramento Kings,116,110,401705462
2025-03-05,Milwaukee Bucks,Dallas Mavericks,137,107,401705463
2025-03-05,LA Clippers,Detroit Pistons,123,115,401705464
2025-03-06,Atlanta Hawks,Indiana Pacers,124,118,401705465
2025-03-06,Boston Celtics,Philadelphia 76ers,123,105,401705466
2025-03-06,Brooklyn Nets,Golden State Warriors,119,121,401705467
2025-03-06,New Orleans Pelicans,Houston Rockets,97,109,401705468
2025-03-06,Los Angeles Lakers,New York Knicks,113,109,401705469
2025-03-06,Orlando Magic,Chicago Bulls,123,125,401705510
2025-03-07,Charlotte Hornets,Cleveland Cavaliers,117,118,401705470
2025-03-07,Toronto Raptors,Utah Jazz,118,109,401705471
2025-03-07,Dallas Mavericks,Memphis Grizzlies,111,122,401705472
2025-03-07,Miami Heat,Minnesota Timberwolves,104,106,401705473
2025-03-07,Oklahoma City Thunder,Portland Trail Blazers,107,89,401705474
2025-03-07,Denver Nuggets,Phoenix Suns,149,141,401705475
2025-03-07,Sacramento Kings,San Antonio Spurs,127,109,401705476
2025-03-07,LA Clippers,New York Knicks,105,95,401705477
2025-03-08,Charlotte Hornets,Brooklyn Nets,105,102,401705478
2025-03-08,Houston Rockets,New Orleans Pelicans,146,117,401705479
2025-03-08,Atlanta Hawks,Indiana Pacers,120,118,401705480
2025-03-08,Toronto Raptors,Washington Wizards,117,118,401705481
2025-03-08,Miami Heat,Chicago Bulls,109,114,401705482
2025-03-08,Milwaukee Bucks,Orlando Magic,109,111,401705483
2025-03-08,Boston Celtics,Los Angeles Lakers,111,101,401705484
2025-03-08,Golden State Warriors,Detroit Pistons,115,110,401705485
2025-03-09,Oklahoma City Thunder,Denver Nuggets,127,103,401705486
2025-03-09,Dallas Mavericks,Phoenix Suns,116,125,401705487
2025-03-09,Milwaukee Bucks,Cleveland Cavaliers,100,112,401705488
2025-03-09,New Orleans Pelicans,Memphis Grizzlies,104,107,401705489
2025-03-09,Philadelphia 76ers,Utah Jazz,126,122,401705490
2025-03-09,Minnesota Timberwolves,San Antonio Spurs,141,124,401705491
2025-03-09,Portland Trail Blazers,Detroit Pistons,112,119,401705492
2025-03-09,LA Clippers,Sacramento Kings,111,110,401705493
2025-03-10,Atlanta Hawks,Philadelphia 76ers,132,123,401705494
2025-03-10,Boston Celtics,Utah Jazz,114,108,401705495
2025-03-10,Brooklyn Nets,Los Angeles Lakers,111,108,401705496
2025-03-10,Miami Heat,Charlotte Hornets,102,105,401705497
2025-03-10,Toronto Raptors,Washington Wizards,119,104,401705498
2025-03-10,Chicago Bulls,Indiana Pacers,121,103,401705499
2025-03-10,Houston Rockets,Orlando Magic,97,84,401705500
2025-03-10,Memphis Grizzlies,Phoenix Suns,120,118,401705501
2025-03-10,Oklahoma City Thunder,Denver Nuggets,127,140,401705502
2025-03-10,San Antonio Spurs,Dallas Mavericks,129,133,401705503
2025-03-10,Golden State Warriors,Portland Trail Blazers,130,120,401705504
2025-03-10,Sacramento Kings,New York Knicks,104,133,401705505
2025-03-11,Cleveland Cavaliers,Brooklyn Nets,109,104,401705506
2025-03-11,Detroit Pistons,Washington Wizards,123,103,401705507
2025-03-11,Indiana Pacers,Milwaukee Bucks,115,114,401705508
2025-03-11,New Orleans Pelicans,LA Clippers,127,120,401705509
2025-03-12,Atlanta Hawks,Charlotte Hornets,123,110,401705511
2025-03-12,Boston Celtics,Oklahoma City Thunder,112,118,401705512
2025-03-12,Toronto Raptors,Philadelphia 76ers,118,105,401705513
2025-03-12,Miami Heat,LA Clippers,104,119,401705514
2025-03-12,Houston Rockets,Phoenix Suns,111,104,401705515
2025-03-12,Memphis Grizzlies,Utah Jazz,122,115,401705516
2025-03-12,San Antonio Spurs,Dallas Mavericks,126,116,401705517
2025-03-12,Denver Nuggets,Minnesota Timberwolves,95,115,401705518
2025-03-12,Portland Trail Blazers,New York Knicks,113,114,401705519
2025-03-13,Detroit Pistons,Washington Wizards,125,129,401705520
2025-03-13,Milwaukee Bucks,Los Angeles Lakers,126,106,401705521
2025-03-13,Chicago Bulls,Brooklyn Nets,116,110,401705522
2025-03-13,Golden State Warriors,Sacramento Kings,130,104,401705523
2025-03-13,New Orleans Pelicans,Orlando Magic,93,113,401705707
2025-03-14,Miami Heat,Boston Celtics,91,103,401705524
2025-03-14,Philadelphia 76ers,Indiana Pacers,100,112,401705525
2025-03-14,Atlanta Hawks,LA Clippers,98,121,401705526
2025-03-14,Houston Rockets,Dallas Mavericks,133,96,401705527
2025-03-14,Memphis Grizzlies,Cleveland Cavaliers,124,133,401705528
2025-03-14,Minnesota Timberwolves,Orlando Magic,118,111,401705529
2025-03-14,San Antonio Spurs,Charlotte Hornets,134,145,401705530
2025-03-14,Denver Nuggets,Los Angeles Lakers,131,126,401705531
2025-03-14,Utah Jazz,Toronto Raptors,118,126,401705532
2025-03-14,Phoenix Suns,Sacramento Kings,122,106,401705533
2025-03-15,Brooklyn Nets,Boston Celtics,113,115,401705534
2025-03-15,Detroit Pistons,Oklahoma City Thunder,107,113,401705535
2025-03-15,Houston Rockets,Chicago Bulls,117,114,401705536
2025-03-15,Memphis Grizzlies,Miami Heat,125,91,401705537
2025-03-15,Milwaukee Bucks,Indiana Pacers,126,119,401705538
2025-03-15,San Antonio Spurs,New Orleans Pelicans,119,115,401705539
2025-03-15,Golden State Warriors,New York Knicks,97,94,401705540
2025-03-15,Denver Nuggets,Washington Wizards,123,126,401705541
2025-03-16,Dallas Mavericks,Philadelphia 76ers,125,130,401705542
2025-03-16,Los Angeles Lakers,Phoenix Suns,107,96,401705543
2025-03-16,Brooklyn Nets,Atlanta Hawks,122,114,401705544
2025-03-16,Cleveland Cavaliers,Orlando Magic,103,108,401705545
2025-03-16,Portland Trail Blazers,Toronto Raptors,105,102,401705546
2025-03-16,Minnesota Timberwolves,Utah Jazz,128,102,401705547
2025-03-16,Milwaukee Bucks,Oklahoma City Thunder,105,121,401705548
2025-03-16,LA Clippers,Charlotte Hornets,123,88,401748706
2025-03-17,New York Knicks,Miami Heat,116,95,401705550
2025-03-17,Houston Rockets,Philadelphia 76ers,144,137,401705551
2025-03-17,Minnesota Timberwolves,Indiana Pacers,130,132,401705552
2025-03-17,New Orleans Pelicans,Detroit Pistons,81,127,401705553
2025-03-17,Utah Jazz,Chicago Bulls,97,111,401705555
2025-03-17,Golden State Warriors,Denver Nuggets,105,114,401705556
2025-03-17,Phoenix Suns,Toronto Raptors,129,89,401705557
2025-03-17,Sacramento Kings,Memphis Grizzlies,132,122,401705558
2025-03-17,Portland Trail Blazers,Washington Wizards,112,97,401705561
2025-03-17,Los Angeles Lakers,San Antonio Spurs,125,109,401754705
2025-03-18,Charlotte Hornets,Atlanta Hawks,102,134,401705559
2025-03-18,Boston Celtics,Brooklyn Nets,104,96,401705560
2025-03-18,LA Clippers,Cleveland Cavaliers,132,119,401705563
2025-03-18,Golden State Warriors,Milwaukee Bucks,104,93,401705578
2025-03-19,Utah Jazz,Washington Wizards,128,112,401705193
2025-03-19,Indiana Pacers,Dallas Mavericks,135,131,401705564
2025-03-19,Orlando Magic,Houston Rockets,108,116,401705565
2025-03-19,Miami Heat,Detroit Pistons,113,116,401705566
2025-03-19,Minnesota Timberwolves,New Orleans Pelicans,115,119,401705567
2025-03-19,Oklahoma City Thunder,Philadelphia 76ers,133,100,401705568
2025-03-19,San Antonio Spurs,New York Knicks,120,105,401705569
2025-03-19,Los Angeles Lakers,Denver Nuggets,120,108,401705572
2025-03-19,Phoenix Suns,Chicago Bulls,127,121,401705573
2025-03-19,Portland Trail Blazers,Memphis Grizzlies,115,99,401705574
2025-03-19,Sacramento Kings,Cleveland Cavaliers,123,119,401705575
2025-03-20,Los Angeles Lakers,Milwaukee Bucks,89,118,401705562
2025-03-20,Golden State Warriors,Toronto Raptors,117,114,401705571
2025-03-20,Charlotte Hornets,New York Knicks,115,98,401705576
2025-03-20,Indiana Pacers,Brooklyn Nets,105,99,401705577
2025-03-20,Sacramento Kings,Chicago Bulls,116,128,401705579
2025-03-21,Washington Wizards,Orlando Magic,105,120,401705580
2025-03-21,Miami Heat,Houston Rockets,98,102,401705581
2025-03-21,Minnesota Timberwolves,New Orleans Pelicans,134,93,401705582
2025-03-21,Oklahoma City Thunder,Charlotte Hornets,141,106,401705583
2025-03-21,San Antonio Spurs,Philadelphia 76ers,128,120,401705584
2025-03-21,Dallas Mavericks,Detroit Pistons,123,117,401705585
2025-03-21,Utah Jazz,Boston Celtics,99,121,401705586
2025-03-21,Phoenix Suns,Cleveland Cavaliers,123,112,401705587
2025-03-21,Portland Trail Blazers,Denver Nuggets,128,109,401705588
2025-03-21,LA Clippers,Memphis Grizzlies,128,108,401705589
2025-03-22,Indiana Pacers,Brooklyn Nets,108,103,401705590
2025-03-22,Atlanta Hawks,Golden State Warriors,124,115,401705591
2025-03-22,New York Knicks,Washington Wizards,122,103,401705592
2025-03-22,Sacramento Kings,Milwaukee Bucks,108,114,401705593
2025-03-22,Los Angeles Lakers,Chicago Bulls,115,146,401705594
2025-03-23,Detroit Pistons,New Orleans Pelicans,136,130,401705595
2025-03-23,Utah Jazz,Cleveland Cavaliers,91,120,401705596
2025-03-23,Atlanta Hawks,Philadelphia 76ers,132,119,401705597
2025-03-23,Miami Heat,Charlotte Hornets,122,105,401705598
2025-03-23,Toronto Raptors,San Antonio Spurs,89,123,401705599
2025-03-23,Portland Trail Blazers,Boston Celtics,116,129,401705600
2025-03-23,Houston Rockets,Denver Nuggets,111,116,401705601
2025-03-23,LA Clippers,Oklahoma City Thunder,101,103,401705602
2025-03-24,Indiana Pacers,Minnesota Timberwolves,119,103,401705603
2025-03-24,Orlando Magic,Los Angeles Lakers,118,106,401705604
2025-03-24,Washington Wizards,Toronto Raptors,104,112,401705605
2025-03-24,Brooklyn Nets,Dallas Mavericks,101,120,401705606
2025-03-24,New Orleans Pelicans,Philadelphia 76ers,112,99,401705607
2025-03-24,Denver Nuggets,Chicago Bulls,119,129,401705608
2025-03-24,Phoenix Suns,Milwaukee Bucks,108,106,401705609
2025-03-24,Sacramento Kings,Boston Celtics,95,113,401705610
2025-03-25,Charlotte Hornets,Orlando Magic,104,111,401705611
2025-03-25,Detroit Pistons,San Antonio Spurs,122,96,401705612
2025-03-25,Miami Heat,Golden State Warriors,112,86,401705613
2025-03-25,New York Knicks,Dallas Mavericks,128,113,401705614
2025-03-25,Houston Rockets,Atlanta Hawks,121,114,401705615
2025-03-25,Utah Jazz,Memphis Grizzlies,103,140,401705616
2025-03-25,Portland Trail Blazers,Cleveland Cavaliers,111,122,401705617
2025-03-25,Sacramento Kings,Oklahoma City Thunder,105,121,401705618
2025-03-26,Philadelphia 76ers,Washington Wizards,114,119,401705619
2025-03-26,Brooklyn Nets,Toronto Raptors,86,116,401705620
2025-03-26,Indiana Pacers,Los Angeles Lakers,119,120,401705621
2025-03-26,New York Knicks,LA Clippers,113,126,401705622
2025-03-26,Denver Nuggets,Milwaukee Bucks,127,117,401705623
2025-03-26,Phoenix Suns,Boston Celtics,102,132,401705624
2025-03-27,Cleveland Cavaliers,San Antonio Spurs,124,116,401705625
2025-03-27,Orlando Magic,Dallas Mavericks,92,101,401705626
2025-03-27,Washington Wizards,Indiana Pacers,109,162,401705627
2025-03-27,Miami Heat,Atlanta Hawks,122,112,401705628
2025-03-27,Chicago Bulls,Los Angeles Lakers,119,117,401705629
2025-03-27,Oklahoma City Thunder,Memphis Grizzlies,125,104,401705630
2025-03-27,Utah Jazz,Houston Rockets,110,121,401705631
2025-03-27,Sacramento Kings,Portland Trail Blazers,128,107,401705632
2025-03-28,Detroit Pistons,Cleveland Cavaliers,133,122,401705633
2025-03-28,Brooklyn Nets,LA Clippers,100,132,401705634
2025-03-28,Toronto Raptors,Charlotte Hornets,108,97,401705635
2025-03-28,Milwaukee Bucks,New York Knicks,107,116,401705636
2025-03-28,Minnesota Timberwolves,Phoenix Suns,124,109,401705637
2025-03-28,New Orleans Pelicans,Golden State Warriors,95,111,401705638
2025-03-28,Denver Nuggets,Utah Jazz,129,93,401705639
2025-03-29,Orlando Magic,Sacramento Kings,121,91,401705640
2025-03-29,Washington Wizards,Brooklyn Nets,112,115,401705641
2025-03-29,Philadelphia 76ers,Miami Heat,95,118,401705642
2025-03-29,Chicago Bulls,Dallas Mavericks,119,120,401705643
2025-03-29,Memphis Grizzlies,Los Angeles Lakers,127,134,401705644
2025-03-29,Oklahoma City Thunder,Indiana Pacers,132,111,401705645
2025-03-29,San Antonio Spurs,Boston Celtics,111,121,401705646
2025-03-30,Cleveland Cavaliers,LA Clippers,127,122,401705647
2025-03-30,New York Knicks,Portland Trail Blazers,110,93,401705648
2025-03-30,Milwaukee Bucks,Atlanta Hawks,124,145,401705649
2025-03-30,Minnesota Timberwolves,Detroit Pistons,123,104,401705650
2025-03-30,New Orleans Pelicans,Charlotte Hornets,98,94,401705651
2025-03-30,San Antonio Spurs,Golden State Warriors,106,148,401705652
2025-03-30,Philadelphia 76ers,Toronto Raptors,109,127,401705653
2025-03-30,Phoenix Suns,Houston Rockets,109,148,401705654
2025-03-31,Charlotte Hornets,Utah Jazz,110,106,401705655
2025-03-31,Indiana Pacers,Sacramento Kings,111,109,401705656
2025-03-31,Orlando Magic,LA Clippers,87,96,401705657
2025-03-31,Washington Wizards,Miami Heat,94,120,401705658
2025-03-31,Memphis Grizzlies,Boston Celtics,103,117,401705659
2025-03-31,Oklahoma City Thunder,Chicago Bulls,145,117,401705660
2025-03-31,Dallas Mavericks,Brooklyn Nets,109,113,401705661
2025-03-31,Los Angeles Lakers,Houston Rockets,104,98,401705662
2025-04-01,San Antonio Spurs,Orlando Magic,105,116,401705554
2025-04-01,Atlanta Hawks,Portland Trail Blazers,113,127,401705663
2025-04-01,New York Knicks,Philadelphia 76ers,105,91,401705664
2025-04-01,Chicago Bulls,Toronto Raptors,137,118,401705665
2025-04-01,Memphis Grizzlies,Golden State Warriors,125,134,401705666
2025-04-01,Milwaukee Bucks,Phoenix Suns,133,123,401705667
2025-04-01,Denver Nuggets,Minnesota Timberwolves,139,140,401705668
2025-04-02,Cleveland Cavaliers,New York Knicks,124,105,401705669
2025-04-02,Indiana Pacers,Charlotte Hornets,119,105,401705670
2025-04-02,Washington Wizards,Sacramento Kings,116,111,401705671
2025-04-02,Boston Celtics,Miami Heat,103,124,401705672
2025-04-02,Houston Rockets,Utah Jazz,143,105,401705673
2025-04-02,Oklahoma City Thunder,Detroit Pistons,119,103,401705674
2025-04-02,Dallas Mavericks,Atlanta Hawks,120,118,401705675
2025-04-02,Denver Nuggets,San Antonio Spurs,106,113,401705676
2025-04-02,LA Clippers,New Orleans Pelicans,114,98,401705677
2025-04-03,Washington Wizards,Orlando Magic,97,109,401705678
2025-04-03,Brooklyn Nets,Minnesota Timberwolves,90,105,401705679
2025-04-03,Miami Heat,Memphis Grizzlies,108,110,401705680
2025-04-03,Philadelphia 76ers,Milwaukee Bucks,113,126,401705681
2025-04-03,Toronto Raptors,Portland Trail Blazers,103,112,401705682
2025-04-03,Los Angeles Lakers,Golden State Warriors,116,123,401705683
2025-04-04,Charlotte Hornets,Sacramento Kings,102,125,401705684
2025-04-04,Indiana Pacers,Utah Jazz,140,112,401705685
2025-04-04,Boston Celtics,Phoenix Suns,123,103,401705686
2025-04-04,Toronto Raptors,Detroit Pistons,105,117,401705687
2025-04-04,Chicago Bulls,Portland Trail Blazers,118,113,401705688
2025-04-04,Houston Rockets,Oklahoma City Thunder,125,111,401705689
2025-04-04,San Antonio Spurs,Cleveland Cavaliers,113,114,401705690
2025-04-04,Golden State Warriors,Denver Nuggets,118,104,401705691
2025-04-04,Los Angeles Lakers,New Orleans Pelicans,124,108,401705692
2025-04-04,LA Clippers,Dallas Mavericks,114,91,401705693
2025-04-05,Atlanta Hawks,New York Knicks,105,121,401705694
2025-04-05,Detroit Pistons,Memphis Grizzlies,103,109,401705695
2025-04-05,Philadelphia 76ers,Minnesota Timberwolves,109,114,401705696
2025-04-05,Miami Heat,Milwaukee Bucks,115,121,401705697
2025-04-05,LA Clippers,Dallas Mavericks,135,104,401705698
2025-04-06,Charlotte Hornets,Chicago Bulls,117,131,401705699
2025-04-06,Brooklyn Nets,Toronto Raptors,109,120,401705700
2025-04-06,Oklahoma City Thunder,Los Angeles Lakers,99,126,401705701
2025-04-06,Atlanta Hawks,Utah Jazz,147,134,401705702
2025-04-06,Boston Celtics,Washington Wizards,124,90,401705703
2025-04-06,Cleveland Cavaliers,Sacramento Kings,113,120,401705704
2025-04-06,Portland Trail Blazers,San Antonio Spurs,120,109,401705705
2025-04-06,New York Knicks,Phoenix Suns,112,98,401705706
2025-04-06,Denver Nuggets,Indiana Pacers,120,125,401705708
2025-04-06,Golden State Warriors,Houston Rockets,96,106,401705709
2025-04-06,New Orleans Pelicans,Milwaukee Bucks,107,111,401754706
2025-04-07,Detroit Pistons,Sacramento Kings,117,127,401705710
2025-04-07,Miami Heat,Philadelphia 76ers,117,105,401705711
2025-04-08,Charlotte Hornets,Memphis Grizzlies,100,124,401705712
2025-04-08,Cleveland Cavaliers,Chicago Bulls,135,113,401705713
2025-04-08,Indiana Pacers,Washington Wizards,104,98,401705714
2025-04-08,Orlando Magic,Atlanta Hawks,119,112,401705715
2025-04-08,Brooklyn Nets,New Orleans Pelicans,119,114,401705716
2025-04-08,New York Knicks,Boston Celtics,117,119,401705717
2025-04-08,Milwaukee Bucks,Minnesota Timberwolves,110,103,401705718
2025-04-08,Oklahoma City Thunder,Los Angeles Lakers,136,120,401705719
2025-04-08,Phoenix Suns,Golden State Warriors,95,133,401705720
2025-04-08,LA Clippers,San Antonio Spurs,122,117,401705721
2025-04-09,Orlando Magic,Boston Celtics,96,76,401705722
2025-04-09,Washington Wizards,Philadelphia 76ers,103,122,401705723
2025-04-09,Toronto Raptors,Charlotte Hornets,126,96,401705724
2025-04-09,Dallas Mavericks,Los Angeles Lakers,97,112,401705725
2025-04-09,Chicago Bulls,Miami Heat,119,111,401705726
2025-04-09,Utah Jazz,Portland Trail Blazers,133,126,401705728
2025-04-09,Golden State Warriors,San Antonio Spurs,111,114,401705729
2025-04-09,Phoenix Suns,Oklahoma City Thunder,112,125,401705730
2025-04-09,Sacramento Kings,Denver Nuggets,116,124,401705731
2025-04-09,LA Clippers,Houston Rockets,134,117,401705732
2025-04-10,Milwaukee Bucks,New Orleans Pelicans,136,111,401705727
2025-04-10,Detroit Pistons,New York Knicks,115,106,401705733
2025-04-10,Indiana Pacers,Cleveland Cavaliers,114,112,401705734
2025-04-10,Brooklyn Nets,Atlanta Hawks,109,133,401705735
2025-04-10,Memphis Grizzlies,Minnesota Timberwolves,125,141,401705736
2025-04-11,Detroit Pistons,Milwaukee Bucks,119,125,401705737
2025-04-11,Indiana Pacers,Orlando Magic,115,129,401705738
2025-04-11,Philadelphia 76ers,Atlanta Hawks,110,124,401705739
2025-04-11,Boston Celtics,Charlotte Hornets,130,94,401705740
2025-04-11,New York Knicks,Cleveland Cavaliers,102,108,401705741
2025-04-11,Chicago Bulls,Washington Wizards,119,89,401705742
2025-04-11,New Orleans Pelicans,Miami Heat,104,153,401705743
2025-04-11,Dallas Mavericks,Toronto Raptors,124,102,401705744
2025-04-11,Minnesota Timberwolves,Brooklyn Nets,117,91,401705745
2025-04-11,Denver Nuggets,Memphis Grizzlies,117,109,401705746
2025-04-11,Utah Jazz,Oklahoma City Thunder,111,145,401705747
2025-04-11,Phoenix Suns,San Antonio Spurs,117,98,401705748
2025-04-11,Portland Trail Blazers,Golden State Warriors,86,103,401705749
2025-04-11,Sacramento Kings,LA Clippers,100,101,401705750
2025-04-11,Los Angeles Lakers,Houston Rockets,140,109,401705751
2025-04-13,Atlanta Hawks,Orlando Magic,117,105,401705752
2025-04-13,Boston Celtics,Charlotte Hornets,93,86,401705753
2025-04-13,Brooklyn Nets,New York Knicks,105,113,401705754
2025-04-13,Cleveland Cavaliers,Indiana Pacers,118,126,401705755
2025-04-13,Miami Heat,Washington Wizards,118,119,401705756
2025-04-13,Philadelphia 76ers,Chicago Bulls,102,122,401705757
2025-04-13,Milwaukee Bucks,Detroit Pistons,140,133,401705758
2025-04-13,Houston Rockets,Denver Nuggets,111,126,401705759
2025-04-13,Memphis Grizzlies,Dallas Mavericks,132,97,401705760
2025-04-13,Minnesota Timberwolves,Utah Jazz,116,105,401705761
2025-04-13,New Orleans Pelicans,Oklahoma City Thunder,100,115,401705762
2025-04-13,San Antonio Spurs,Toronto Raptors,125,118,401705763
2025-04-13,Golden State Warriors,LA Clippers,119,124,401705764
2025-04-13,Portland Trail Blazers,Los Angeles Lakers,109,81,401705765
2025-04-13,Sacramento Kings,Phoenix Suns,109,98,401705766
2025-04-19,Indiana Pacers,Milwaukee Bucks,117,98,401767817
2025-04-19,Denver Nuggets,LA Clippers,112,110,401767819
2025-04-19,New York Knicks,Detroit Pistons,123,112,401767820
2025-04-19,Los Angeles Lakers,Minnesota Timberwolves,95,117,401767821
2025-04-20,Cleveland Cavaliers,Miami Heat,121,100,401767816
2025-04-20,Oklahoma City Thunder,Memphis Grizzlies,131,80,401767818
2025-04-20,Boston Celtics,Orlando Magic,103,86,401767822
2025-04-20,Houston Rockets,Golden State Warriors,85,95,401767823
2025-04-21,New York Knicks,Detroit Pistons,94,100,401768041
2025-04-21,Denver Nuggets,LA Clippers,102,105,401768061
2025-04-22,Oklahoma City Thunder,Memphis Grizzlies,118,99,401767903
2025-04-22,Los Angeles Lakers,Minnesota Timberwolves,94,85,401767915
2025-04-22,Indiana Pacers,Milwaukee Bucks,123,115,401768047
2025-04-23,Houston Rockets,Golden State Warriors,109,94,401767909
2025-04-23,Boston Celtics,Orlando Magic,109,100,401768029
2025-04-23,Cleveland Cavaliers,Miami Heat,121,112,401768035
2025-04-24,Memphis Grizzlies,Oklahoma City Thunder,108,114,401767904
2025-04-24,Detroit Pistons,New York Knicks,116,118,401768042
2025-04-24,LA Clippers,Denver Nuggets,117,83,401768062
2025-04-25,Orlando Magic,Boston Celtics,95,93,401768030
2025-04-25,Milwaukee Bucks,Indiana Pacers,117,101,401768048
2025-04-25,Minnesota Timberwolves,Los Angeles Lakers,116,104,401768056
2025-04-26,Memphis Grizzlies,Oklahoma City Thunder,115,117,401767905
2025-04-26,Golden State Warriors,Houston Rockets,104,93,401767910
2025-04-26,Miami Heat,Cleveland Cavaliers,87,124,401768036
2025-04-26,LA Clippers,Denver Nuggets,99,101,401768063
2025-04-27,Orlando Magic,Boston Celtics,98,107,401768031
2025-04-27,Detroit Pistons,New York Knicks,93,94,401768043
2025-04-27,Milwaukee Bucks,Indiana Pacers,103,129,401768049
2025-04-27,Minnesota Timberwolves,Los Angeles Lakers,116,113,401768057
2025-04-28,Golden State Warriors,Houston Rockets,109,106,401767911
2025-04-28,Miami Heat,Cleveland Cavaliers,83,138,401768037
2025-04-29,Boston Celtics,Orlando Magic,120,89,401768032
2025-04-29,New York Knicks,Detroit Pistons,103,106,401768044
2025-04-29,Indiana Pacers,Milwaukee Bucks,119,118,401768050
2025-04-29,Denver Nuggets,LA Clippers,131,115,401768064
2025-04-30,Houston Rockets,Golden State Warriors,131,116,401767912
2025-04-30,Los Angeles Lakers,Minnesota Timberwolves,96,103,401768058
2025-05-01,Detroit Pistons,New York Knicks,113,116,401768045
2025-05-01,LA Clippers,Denver Nuggets,111,105,401768065
2025-05-02,Golden State Warriors,Houston Rockets,107,115,401767913
2025-05-03,Denver Nuggets,LA Clippers,120,101,401768066
2025-05-04,Houston Rockets,Golden State Warriors,89,103,401767914
2025-05-04,Cleveland Cavaliers,Indiana Pacers,112,121,401769689
2025-05-05,Boston Celtics,New York Knicks,105,108,401769746
2025-05-05,Oklahoma City Thunder,Denver Nuggets,119,121,401769820
2025-05-06,Cleveland Cavaliers,Indiana Pacers,119,120,401769740
2025-05-06,Minnesota Timberwolves,Golden State Warriors,88,99,401769837
2025-05-07,Boston Celtics,New York Knicks,90,91,401769747
2025-05-07,Oklahoma City Thunder,Denver Nuggets,149,106,401769821
2025-05-08,Minnesota Timberwolves,Golden State Warriors,117,93,401769838
2025-05-09,Indiana Pacers,Cleveland Cavaliers,104,126,401769741
2025-05-09,Denver Nuggets,Oklahoma City Thunder,113,104,401769822
2025-05-10,New York Knicks,Boston Celtics,93,115,401769748
2025-05-10,Golden State Warriors,Minnesota Timberwolves,97,102,401769839
2025-05-11,Indiana Pacers,Cleveland Cavaliers,129,109,401769742
2025-05-11,Denver Nuggets,Oklahoma City Thunder,87,92,401769823
2025-05-12,New York Knicks,Boston Celtics,121,113,401769749
2025-05-12,Golden State Warriors,Minnesota Timberwolves,110,117,401769840
2025-05-13,Cleveland Cavaliers,Indiana Pacers,105,114,401769743
2025-05-13,Oklahoma City Thunder,Denver Nuggets,112,105,401769990
2025-05-14,Boston Celtics,New York Knicks,127,102,401769750
2025-05-14,Minnesota Timberwolves,Golden State Warriors,121,110,401769987
2025-05-15,Denver Nuggets,Oklahoma City Thunder,119,107,401769991
2025-05-16,New York Knicks,Boston Celtics,119,81,401769751
2025-05-18,Oklahoma City Thunder,Denver Nuggets,125,93,401769992
2025-05-20,Oklahoma City Thunder,Minnesota Timberwolves,114,88,401773148
2025-05-21,New York Knicks,Indiana Pacers,135,138,401772989
2025-05-22,Oklahoma City Thunder,Minnesota Timberwolves,118,103,401773149
2025-05-23,New York Knicks,Indiana Pacers,109,114,401772990
2025-05-24,Minnesota Timberwolves,Oklahoma City Thunder,143,101,401773150
2025-05-25,Indiana Pacers,New York Knicks,100,106,401772991
2025-05-26,Minnesota Timberwolves,Oklahoma City Thunder,126,128,401773151
2025-05-27,Indiana Pacers,New York Knicks,130,121,401772992
2025-05-28,Oklahoma City Thunder,Minnesota Timberwolves,124,94,401773152
2025-05-29,New York Knicks,Indiana Pacers,111,94,401772993
2025-05-31,Indiana Pacers,New York Knicks,125,108,401772994
2025-06-05,Oklahoma City Thunder,Indiana Pacers,110,111,401766122
2025-06-08,Oklahoma City Thunder,Indiana Pacers,123,107,401766123
2025-06-11,Indiana Pacers,Oklahoma City Thunder,116,107,401766124
2025-06-13,Indiana Pacers,Oklahoma City Thunder,104,111,401766125
2025-06-16,Oklahoma City Thunder,Indiana Pacers,120,109,401766126
2025-06-19,Indiana Pacers,Oklahoma City Thunder,108,91,401766127
2025-06-22,Oklahoma City Thunder,Indiana Pacers,103,91,401766128
2025-10-21,Oklahoma City Thunder,Houston Rockets,125,124,401809243
2025-10-21,Los Angeles Lakers,Golden State Warriors,109,119,401809244
2025-10-22,New York Knicks,Cleveland Cavaliers,119,111,401809234
2025-10-22,Dallas Mavericks,San Antonio Spurs,92,125,401809235
2025-10-22,Charlotte Hornets,Brooklyn Nets,136,117,401809933
2025-10-22,Orlando Magic,Miami Heat,125,121,401809934
2025-10-22,Atlanta Hawks,Toronto Raptors,118,138,401809935
2025-10-22,Boston Celtics,Philadelphia 76ers,116,117,401809936
2025-10-22,Chicago Bulls,Detroit Pistons,115,111,401809937
2025-10-22,Memphis Grizzlies,New Orleans Pelicans,128,122,401809938
2025-10-22,Milwaukee Bucks,Washington Wizards,133,120,401809939
2025-10-22,Utah Jazz,LA Clippers,129,108,401809940
2025-10-22,Phoenix Suns,Sacramento Kings,120,116,401809941
2025-10-22,Portland Trail Blazers,Minnesota Timberwolves,114,118,401809942
2025-10-23,Indiana Pacers,Oklahoma City Thunder,135,141,401809236
2025-10-23,Golden State Warriors,Denver Nuggets,137,131,401809237
2025-10-24,Orlando Magic,Atlanta Hawks,107,111,401809943
2025-10-24,Brooklyn Nets,Cleveland Cavaliers,124,131,401809944
2025-10-24,New York Knicks,Boston Celtics,105,95,401809945
2025-10-24,Toronto Raptors,Milwaukee Bucks,116,122,401809946
2025-10-24,Houston Rockets,Detroit Pistons,111,115,401809947
2025-10-24,Memphis Grizzlies,Miami Heat,114,146,401809948
2025-10-24,New Orleans Pelicans,San Antonio Spurs,116,120,401809949
2025-10-24,Dallas Mavericks,Washington Wizards,107,117,401809950
2025-10-24,Los Angeles Lakers,Minnesota Timberwolves,128,110,401809951
2025-10-24,Portland Trail Blazers,Golden State Warriors,139,119,401809952
2025-10-24,Sacramento Kings,Utah Jazz,105,104,401809953
2025-10-24,LA Clippers,Phoenix Suns,129,102,401809954
2025-10-25,Orlando Magic,Chicago Bulls,98,110,401809955
2025-10-25,Atlanta Hawks,Oklahoma City Thunder,100,117,401809956
2025-10-25,Philadelphia 76ers,Charlotte Hornets,125,121,401809957
2025-10-25,Memphis Grizzlies,Indiana Pacers,128,103,401809958
2025-10-25,Denver Nuggets,Phoenix Suns,133,111,401809959
2025-10-26,San Antonio Spurs,Brooklyn Nets,118,107,401809960
2025-10-26,Detroit Pistons,Boston Celtics,119,113,401809961
2025-10-26,Cleveland Cavaliers,Milwaukee Bucks,118,113,401809962
2025-10-26,Miami Heat,New York Knicks,115,107,401809963
2025-10-26,Washington Wizards,Charlotte Hornets,113,139,401809964
2025-10-26,Minnesota Timberwolves,Indiana Pacers,114,110,401809965
2025-10-26,Dallas Mavericks,Toronto Raptors,139,129,401809966
2025-10-26,LA Clippers,Portland Trail Blazers,114,107,401809967
2025-10-26,Sacramento Kings,Los Angeles Lakers,120,127,401809968
2025-10-27,Detroit Pistons,Cleveland Cavaliers,95,116,401809245
2025-10-27,Minnesota Timberwolves,Denver Nuggets,114,127,401809246
2025-10-27,Philadelphia 76ers,Orlando Magic,136,124,401809969
2025-10-27,Chicago Bulls,Atlanta Hawks,128,123,401809970
2025-10-27,Houston Rockets,Brooklyn Nets,137,109,401809971
2025-10-27,New Orleans Pelicans,Boston Celtics,90,122,401809972
2025-10-27,San Antonio Spurs,Toronto Raptors,121,103,401809973
2025-10-27,Dallas Mavericks,Oklahoma City Thunder,94,101,401809974
2025-10-27,Utah Jazz,Phoenix Suns,138,134,401809975
2025-10-27,Golden State Warriors,Memphis Grizzlies,131,118,401809976
2025-10-27,Los Angeles Lakers,Portland Trail Blazers,108,122,401809977
2025-10-28,Washington Wizards,Philadelphia 76ers,134,139,401809978
2025-10-28,Miami Heat,Charlotte Hornets,144,117,401809979
2025-10-28,Milwaukee Bucks,New York Knicks,121,111,401809980
2025-10-28,Oklahoma City Thunder,Sacramento Kings,107,101,401809981
2025-10-28,Golden State Warriors,LA Clippers,98,79,401809982
2025-10-29,Boston Celtics,Cleveland Cavaliers,125,105,401809983
2025-10-29,Detroit Pistons,Orlando Magic,135,116,401809984
2025-10-29,Brooklyn Nets,Atlanta Hawks,112,117,401809985
2025-10-29,Toronto Raptors,Houston Rockets,121,139,401809986
2025-10-29,Chicago Bulls,Sacramento Kings,126,113,401809987
2025-10-29,Dallas Mavericks,Indiana Pacers,107,105,401809988
2025-10-29,Denver Nuggets,New Orleans Pelicans,122,88,401809989
2025-10-29,Utah Jazz,Portland Trail Blazers,134,136,401809990
2025-10-29,Minnesota Timberwolves,Los Angeles Lakers,115,116,401809991
2025-10-29,Phoenix Suns,Memphis Grizzlies,113,114,401809992
2025-10-30,Charlotte Hornets,Orlando Magic,107,123,401809993
2025-10-30,Milwaukee Bucks,Golden State Warriors,120,110,401809994
2025-10-30,Oklahoma City Thunder,Washington Wizards,127,108,401809995
2025-10-30,San Antonio Spurs,Miami Heat,107,101,401809996
2025-10-31,Indiana Pacers,Atlanta Hawks,108,128,401809502
2025-10-31,Philadelphia 76ers,Boston Celtics,108,109,401809503
2025-10-31,Cleveland Cavaliers,Toronto Raptors,101,112,401809504
2025-10-31,Chicago Bulls,New York Knicks,135,125,401809505
2025-10-31,Memphis Grizzlies,Los Angeles Lakers,112,117,401809506
2025-10-31,Phoenix Suns,Utah Jazz,118,96,401809507
2025-10-31,Portland Trail Blazers,Denver Nuggets,109,107,401809508
2025-10-31,LA Clippers,New Orleans Pelicans,126,124,401809509
2025-11-01,Milwaukee Bucks,Sacramento Kings,133,135,401809997
2025-11-01,Charlotte Hornets,Minnesota Timberwolves,105,122,401809998
2025-11-01,Indiana Pacers,Golden State Warriors,114,109,401809999
2025-11-01,Washington Wizards,Orlando Magic,94,125,401810000
2025-11-01,Boston Celtics,Houston Rockets,101,128,401810001
2025-11-01,Detroit Pistons,Dallas Mavericks,122,110,401810002
2025-11-02,Oklahoma City Thunder,New Orleans Pelicans,137,106,401810003
2025-11-02,Brooklyn Nets,Philadelphia 76ers,105,129,401810004
2025-11-02,Charlotte Hornets,Utah Jazz,126,103,401810005
2025-11-02,Cleveland Cavaliers,Atlanta Hawks,117,109,401810006
2025-11-02,Toronto Raptors,Memphis Grizzlies,117,104,401810007
2025-11-02,New York Knicks,Chicago Bulls,128,116,401810008
2025-11-02,Phoenix Suns,San Antonio Spurs,130,118,401810009
2025-11-02,Los Angeles Lakers,Miami Heat,130,120,401810010
2025-11-03,Brooklyn Nets,Minnesota Timberwolves,109,125,401810011
2025-11-03,Indiana Pacers,Milwaukee Bucks,115,117,401810012
2025-11-03,Boston Celtics,Utah Jazz,103,105,401810013
2025-11-03,New York Knicks,Washington Wizards,119,102,401810014
2025-11-03,Houston Rockets,Dallas Mavericks,110,102,401810015
2025-11-03,Memphis Grizzlies,Detroit Pistons,106,114,401810016
2025-11-03,Denver Nuggets,Sacramento Kings,130,124,401810017
2025-11-03,Portland Trail Blazers,Los Angeles Lakers,115,123,401810018
2025-11-03,LA Clippers,Miami Heat,119,120,401810019
2025-11-04,Toronto Raptors,Milwaukee Bucks,128,100,401810020
2025-11-04,Atlanta Hawks,Orlando Magic,127,112,401810021
2025-11-04,Chicago Bulls,Philadelphia 76ers,113,111,401810022
2025-11-04,New Orleans Pelicans,Charlotte Hornets,116,112,401810023
2025-11-04,Golden State Warriors,Phoenix Suns,118,107,401810024
2025-11-04,LA Clippers,Oklahoma City Thunder,107,126,401810025
2025-11-05,Cleveland Cavaliers,Philadelphia 76ers,132,121,401810026
2025-11-05,Detroit Pistons,Utah Jazz,114,103,401810027
2025-11-05,Indiana Pacers,Brooklyn Nets,103,112,401810028
2025-11-05,Boston Celtics,Washington Wizards,136,107,401810029
2025-11-05,New York Knicks,Minnesota Timberwolves,137,114,401810030
2025-11-05,Memphis Grizzlies,Houston Rockets,109,124,401810031
2025-11-05,Dallas Mavericks,New Orleans Pelicans,99,101,401810032
2025-11-05,Denver Nuggets,Miami Heat,122,112,401810033
2025-11-05,Los Angeles Lakers,San Antonio Spurs,118,116,401810034
2025-11-05,Portland Trail Blazers,Oklahoma City Thunder,121,119,401810035
2025-11-05,Sacramento Kings,Golden State Warriors,121,116,401810036
2025-11-06,Phoenix Suns,LA Clippers,115,102,401810037
2025-11-07,Orlando Magic,Boston Celtics,123,110,401809510
2025-11-07,Washington Wizards,Cleveland Cavaliers,115,148,401809511
2025-11-07,Atlanta Hawks,Toronto Raptors,97,109,401809512
2025-11-07,Brooklyn Nets,Detroit Pistons,107,125,401809773
2025-11-07,San Antonio Spurs,Houston Rockets,121,110,401809774
2025-11-07,Miami Heat,Charlotte Hornets,126,108,401809775
2025-11-07,Memphis Grizzlies,Dallas Mavericks,118,104,401809776
2025-11-07,Milwaukee Bucks,Chicago Bulls,126,110,401809777
2025-11-07,Minnesota Timberwolves,Utah Jazz,137,97,401809778
2025-11-07,Denver Nuggets,Golden State Warriors,129,104,401809779
2025-11-07,Sacramento Kings,Oklahoma City Thunder,101,132,401809780
2025-11-08,Washington Wizards,Dallas Mavericks,105,111,401810038
2025-11-08,Philadelphia 76ers,Toronto Raptors,130,120,401810039
2025-11-08,Atlanta Hawks,Los Angeles Lakers,122,102,401810040
2025-11-08,Cleveland Cavaliers,Chicago Bulls,128,122,401810041
2025-11-08,Miami Heat,Portland Trail Blazers,136,131,401810042
2025-11-08,San Antonio Spurs,New Orleans Pelicans,126,119,401810043
2025-11-08,Denver Nuggets,Indiana Pacers,117,100,401810044
2025-11-08,LA Clippers,Phoenix Suns,103,114,401810045
2025-11-09,Milwaukee Bucks,Houston Rockets,115,122,401810046
2025-11-09,New York Knicks,Brooklyn Nets,134,98,401810047
2025-11-09,Orlando Magic,Boston Celtics,107,111,401810048
2025-11-09,Memphis Grizzlies,Oklahoma City Thunder,100,114,401810049
2025-11-09,Philadelphia 76ers,Detroit Pistons,108,111,401810050
2025-11-09,Golden State Warriors,Indiana Pacers,114,83,401810051
2025-11-09,Sacramento Kings,Minnesota Timberwolves,117,144,401810052
2025-11-10,Charlotte Hornets,Los Angeles Lakers,111,121,401810053
2025-11-10,Detroit Pistons,Washington Wizards,137,135,401810054
2025-11-10,Orlando Magic,Portland Trail Blazers,115,112,401810055
2025-11-10,Miami Heat,Cleveland Cavaliers,140,138,401810056
2025-11-10,Chicago Bulls,San Antonio Spurs,117,121,401810057
2025-11-10,Dallas Mavericks,Milwaukee Bucks,114,116,401810058
2025-11-10,Phoenix Suns,New Orleans Pelicans,121,98,401810059
2025-11-10,Utah Jazz,Minnesota Timberwolves,113,120,401810060
2025-11-10,LA Clippers,Atlanta Hawks,102,105,401810061
2025-11-11,Brooklyn Nets,Toronto Raptors,109,119,401810062
2025-11-11,New York Knicks,Memphis Grizzlies,133,120,401810063
2025-11-11,Philadelphia 76ers,Boston Celtics,102,100,401810064
2025-11-11,Oklahoma City Thunder,Golden State Warriors,126,102,401810065
2025-11-11,Utah Jazz,Indiana Pacers,152,128,401810066
2025-11-11,Sacramento Kings,Denver Nuggets,108,122,401810067
2025-11-12,Charlotte Hornets,Milwaukee Bucks,111,100,401810068
2025-11-12,Detroit Pistons,Chicago Bulls,124,113,401810069
2025-11-12,New York Knicks,Orlando Magic,107,124,401810070
2025-11-12,Boston Celtics,Memphis Grizzlies,131,95,401810071
2025-11-12,Miami Heat,Cleveland Cavaliers,116,130,401810072
2025-11-12,Houston Rockets,Washington Wizards,135,112,401810073
2025-11-12,New Orleans Pelicans,Portland Trail Blazers,117,125,401810074
2025-11-12,San Antonio Spurs,Golden State Warriors,120,125,401810075
2025-11-12,Dallas Mavericks,Phoenix Suns,114,123,401810076
2025-11-12,Oklahoma City Thunder,Los Angeles Lakers,121,92,401810077
2025-11-12,Sacramento Kings,Atlanta Hawks,100,133,401810078
2025-11-12,LA Clippers,Denver Nuggets,116,130,401810079
2025-11-13,Cleveland Cavaliers,Toronto Raptors,113,126,401810080
2025-11-13,Phoenix Suns,Indiana Pacers,133,98,401810081
2025-11-13,Utah Jazz,Atlanta Hawks,122,132,401810082
2025-11-14,New York Knicks,Miami Heat,140,132,401809781
2025-11-14,Orlando Magic,Brooklyn Nets,105,98,401809782
2025-11-14,Detroit Pistons,Philadelphia 76ers,114,105,401809783
2025-11-14,Houston Rockets,Portland Trail Blazers,140,116,401809784
2025-11-14,Milwaukee Bucks,Charlotte Hornets,147,134,401809785
2025-11-14,Minnesota Timberwolves,Sacramento Kings,124,110,401809786
2025-11-14,New Orleans Pelicans,Los Angeles Lakers,104,118,401809787
2025-11-14,Dallas Mavericks,LA Clippers,127,133,401809788
2025-11-14,San Antonio Spurs,Golden State Warriors,108,109,401809789
2025-11-15,Cleveland Cavaliers,Memphis Grizzlies,108,100,401810083
2025-11-15,Charlotte Hornets,Oklahoma City Thunder,96,109,401810084
2025-11-15,Indiana Pacers,Toronto Raptors,111,129,401810085
2025-11-15,Milwaukee Bucks,Los Angeles Lakers,95,119,401810086
2025-11-15,Minnesota Timberwolves,Denver Nuggets,112,123,401810087
2025-11-16,Boston Celtics,LA Clippers,121,118,401810088
2025-11-16,San Antonio Spurs,Sacramento Kings,123,110,401810089
2025-11-16,Washington Wizards,Brooklyn Nets,106,129,401810090
2025-11-16,Houston Rockets,Orlando Magic,117,113,401810091
2025-11-16,New Orleans Pelicans,Golden State Warriors,106,124,401810092
2025-11-16,Dallas Mavericks,Portland Trail Blazers,138,133,401810093
2025-11-16,Phoenix Suns,Atlanta Hawks,122,124,401810094
2025-11-16,Utah Jazz,Chicago Bulls,150,147,401810095
2025-11-17,Cleveland Cavaliers,Milwaukee Bucks,118,106,401810096
2025-11-17,Detroit Pistons,Indiana Pacers,127,112,401810097
2025-11-17,Philadelphia 76ers,LA Clippers,110,108,401810098
2025-11-17,Miami Heat,New York Knicks,115,113,401810099
2025-11-17,Toronto Raptors,Charlotte Hornets,110,108,401810100
2025-11-17,Minnesota Timberwolves,Dallas Mavericks,120,96,401810101
2025-11-17,New Orleans Pelicans,Oklahoma City Thunder,109,126,401810102
2025-11-17,Denver Nuggets,Chicago Bulls,127,130,401810103
2025-11-18,Orlando Magic,Golden State Warriors,121,113,401810104
2025-11-18,Brooklyn Nets,Boston Celtics,99,113,401810105
2025-11-18,Atlanta Hawks,Detroit Pistons,112,120,401810106
2025-11-18,San Antonio Spurs,Memphis Grizzlies,111,101,401810107
2025-11-18,Los Angeles Lakers,Utah Jazz,140,126,401810108
2025-11-18,Portland Trail Blazers,Phoenix Suns,110,127,401810109
2025-11-19,Cleveland Cavaliers,Houston Rockets,104,114,401810110
2025-11-19,Indiana Pacers,Charlotte Hornets,127,118,401810111
2025-11-19,Miami Heat,Golden State Warriors,110,96,401810112
2025-11-19,Philadelphia 76ers,Toronto Raptors,112,121,401810113
2025-11-19,Minnesota Timberwolves,Washington Wizards,120,109,401810114
2025-11-19,New Orleans Pelicans,Denver Nuggets,118,125,401810115
2025-11-19,Oklahoma City Thunder,Sacramento Kings,113,99,401810116
2025-11-19,Dallas Mavericks,New York Knicks,111,113,401810117
2025-11-19,Portland Trail Blazers,Chicago Bulls,121,122,401810118
2025-11-20,Orlando Magic,LA Clippers,129,101,401810119
2025-11-20,Memphis Grizzlies,Sacramento Kings,137,96,401810120
2025-11-20,Milwaukee Bucks,Philadelphia 76ers,114,123,401810121
2025-11-20,San Antonio Spurs,Atlanta Hawks,135,126,401810122
2025-11-21,Cleveland Cavaliers,Indiana Pacers,120,109,401809790
2025-11-21,Boston Celtics,Brooklyn Nets,105,113,401809791
2025-11-21,Toronto Raptors,Washington Wizards,140,110,401809792
2025-11-21,Chicago Bulls,Miami Heat,107,143,401809793
2025-11-21,Dallas Mavericks,New Orleans Pelicans,118,115,401809794
2025-11-21,Phoenix Suns,Minnesota Timberwolves,114,113,401809795
2025-11-21,Houston Rockets,Denver Nuggets,109,112,401809796
2025-11-21,Utah Jazz,Oklahoma City Thunder,112,144,401809797
2025-11-21,Golden State Warriors,Portland Trail Blazers,123,127,401809798
2025-11-22,Charlotte Hornets,LA Clippers,116,131,401810123
2025-11-22,Orlando Magic,New York Knicks,133,121,401810124
2025-11-22,New Orleans Pelicans,Atlanta Hawks,98,115,401810125
2025-11-22,Chicago Bulls,Washington Wizards,121,120,401810126
2025-11-22,Milwaukee Bucks,Detroit Pistons,116,129,401810127
2025-11-22,Dallas Mavericks,Memphis Grizzlies,96,102,401810128
2025-11-22,Denver Nuggets,Sacramento Kings,123,128,401810129
2025-11-23,Philadelphia 76ers,Miami Heat,117,127,401810130
2025-11-23,Atlanta Hawks,Charlotte Hornets,113,110,401810131
2025-11-23,Boston Celtics,Orlando Magic,138,129,401810132
2025-11-23,Cleveland Cavaliers,LA Clippers,120,105,401810133
2025-11-23,Toronto Raptors,Brooklyn Nets,119,109,401810134
2025-11-23,Oklahoma City Thunder,Portland Trail Blazers,122,95,401810135
2025-11-23,Phoenix Suns,San Antonio Spurs,111,102,401810136
2025-11-23,Utah Jazz,Los Angeles Lakers,106,108,401810137
2025-11-24,Indiana Pacers,Detroit Pistons,117,122,401810138
2025-11-24,Toronto Raptors,Cleveland Cavaliers,110,99,401810139
2025-11-24,Brooklyn Nets,New York Knicks,100,113,401810140
2025-11-24,Miami Heat,Dallas Mavericks,106,102,401810141
2025-11-24,Memphis Grizzlies,Denver Nuggets,115,125,401810142
2025-11-24,Milwaukee Bucks,Portland Trail Blazers,103,115,401810143
2025-11-24,New Orleans Pelicans,Chicago Bulls,143,130,401810144
2025-11-24,Phoenix Suns,Houston Rockets,92,114,401810145
2025-11-24,Golden State Warriors,Utah Jazz,134,117,401810146
2025-11-24,Sacramento Kings,Minnesota Timberwolves,117,112,401810147
2025-11-25,Washington Wizards,Atlanta Hawks,132,113,401809799
2025-11-25,Philadelphia 76ers,Orlando Magic,103,144,401809800
2025-11-25,Los Angeles Lakers,LA Clippers,135,118,401809801
2025-11-26,Boston Celtics,Detroit Pistons,117,114,401809802
2025-11-26,Charlotte Hornets,New York Knicks,101,129,401809803
2025-11-26,Miami Heat,Milwaukee Bucks,106,103,401809804
2025-11-26,Toronto Raptors,Indiana Pacers,97,95,401809805
2025-11-26,Oklahoma City Thunder,Minnesota Timberwolves,113,105,401809806
2025-11-26,New Orleans Pelicans,Memphis Grizzlies,128,133,401809807
2025-11-26,Golden State Warriors,Houston Rockets,100,104,401809808
2025-11-26,Portland Trail Blazers,San Antonio Spurs,102,115,401809809
2025-11-26,Sacramento Kings,Phoenix Suns,100,112,401809810
2025-11-28,Atlanta Hawks,Cleveland Cavaliers,130,123,401809811
2025-11-28,Brooklyn Nets,Philadelphia 76ers,103,115,401809812
2025-11-28,Charlotte Hornets,Chicago Bulls,123,116,401809813
2025-11-28,Detroit Pistons,Orlando Magic,109,112,401809814
2025-11-28,Indiana Pacers,Washington Wizards,119,86,401809815
2025-11-28,New York Knicks,Milwaukee Bucks,118,109,401809816
2025-11-28,Oklahoma City Thunder,Phoenix Suns,123,119,401809817
2025-11-28,Denver Nuggets,San Antonio Spurs,136,139,401809818
2025-11-28,Utah Jazz,Sacramento Kings,128,119,401809819
2025-11-28,Los Angeles Lakers,Dallas Mavericks,129,119,401809820
2025-11-28,LA Clippers,Memphis Grizzlies,107,112,401809821
2025-11-29,Minnesota Timberwolves,Boston Celtics,119,115,401810148
2025-11-29,Charlotte Hornets,Toronto Raptors,118,111,401810149
2025-11-29,Indiana Pacers,Chicago Bulls,103,101,401810150
2025-11-29,Miami Heat,Detroit Pistons,135,138,401810151
2025-11-29,Milwaukee Bucks,Brooklyn Nets,116,99,401810152
2025-11-29,Golden State Warriors,New Orleans Pelicans,104,96,401810153
2025-11-29,Phoenix Suns,Denver Nuggets,112,130,401810154
2025-11-29,LA Clippers,Dallas Mavericks,110,114,401810155
2025-11-30,Utah Jazz,Houston Rockets,101,129,401810156
2025-11-30,Cleveland Cavaliers,Boston Celtics,115,117,401810157
2025-11-30,New York Knicks,Toronto Raptors,116,94,401810158
2025-11-30,Philadelphia 76ers,Atlanta Hawks,134,142,401810159
2025-11-30,Portland Trail Blazers,Oklahoma City Thunder,115,123,401810160
2025-11-30,Minnesota Timberwolves,San Antonio Spurs,125,112,401810161
2025-11-30,Sacramento Kings,Memphis Grizzlies,107,115,401810162
2025-11-30,Los Angeles Lakers,New Orleans Pelicans,133,121,401810163
2025-12-01,Detroit Pistons,Atlanta Hawks,99,98,401810164
2025-12-01,Indiana Pacers,Cleveland Cavaliers,119,135,401810165
2025-12-01,Washington Wizards,Milwaukee Bucks,129,126,401810166
2025-12-01,Brooklyn Nets,Charlotte Hornets,116,103,401810167
2025-12-01,Miami Heat,LA Clippers,140,123,401810168
2025-12-01,Orlando Magic,Chicago Bulls,125,120,401810169
2025-12-01,Denver Nuggets,Dallas Mavericks,121,131,401810170
2025-12-01,Utah Jazz,Houston Rockets,133,125,401810171
2025-12-01,Los Angeles Lakers,Phoenix Suns,108,125,401810172
2025-12-02,Philadelphia 76ers,Washington Wizards,121,102,401810173
2025-12-02,Toronto Raptors,Portland Trail Blazers,121,118,401810174
2025-12-02,Boston Celtics,New York Knicks,123,117,401810175
2025-12-02,New Orleans Pelicans,Minnesota Timberwolves,142,149,401810176
2025-12-02,San Antonio Spurs,Memphis Grizzlies,126,119,401810177
2025-12-02,Golden State Warriors,Oklahoma City Thunder,112,124,401810178
2025-12-03,Cleveland Cavaliers,Portland Trail Blazers,110,122,401810179
2025-12-03,Indiana Pacers,Denver Nuggets,120,135,401810180
2025-12-03,Orlando Magic,San Antonio Spurs,112,114,401810181
2025-12-03,Atlanta Hawks,LA Clippers,92,115,401810182
2025-12-03,New York Knicks,Charlotte Hornets,119,104,401810183
2025-12-03,Chicago Bulls,Brooklyn Nets,103,113,401810184
2025-12-03,Houston Rockets,Sacramento Kings,121,95,401810185
2025-12-03,Milwaukee Bucks,Detroit Pistons,113,109,401810186
2025-12-03,Dallas Mavericks,Miami Heat,118,108,401810187
2025-12-04,Philadelphia 76ers,Golden State Warriors,99,98,401810188
2025-12-04,Washington Wizards,Boston Celtics,101,146,401810189
2025-12-04,Brooklyn Nets,Utah Jazz,110,123,401810190
2025-12-04,Toronto Raptors,Los Angeles Lakers,120,123,401810191
2025-12-04,New Orleans Pelicans,Minnesota Timberwolves,116,125,401810192
2025-12-05,Boston Celtics,Los Angeles Lakers,126,105,401810193
2025-12-05,Orlando Magic,Miami Heat,106,105,401810194
2025-12-05,Atlanta Hawks,Denver Nuggets,133,134,401810195
2025-12-05,Cleveland Cavaliers,San Antonio Spurs,130,117,401810196
2025-12-05,Detroit Pistons,Portland Trail Blazers,122,116,401810197
2025-12-05,New York Knicks,Utah Jazz,146,112,401810198
2025-12-05,Toronto Raptors,Charlotte Hornets,86,111,401810199
2025-12-05,Chicago Bulls,Indiana Pacers,105,120,401810200
2025-12-05,Houston Rockets,Phoenix Suns,117,98,401810201
2025-12-05,Memphis Grizzlies,LA Clippers,107,98,401810202
2025-12-05,Milwaukee Bucks,Philadelphia 76ers,101,116,401810203
2025-12-05,Oklahoma City Thunder,Dallas Mavericks,132,111,401810204
2025-12-06,Brooklyn Nets,New Orleans Pelicans,119,101,401810205
2025-12-06,Washington Wizards,Atlanta Hawks,116,131,401810206
2025-12-06,Cleveland Cavaliers,Golden State Warriors,94,99,401810207
2025-12-06,Detroit Pistons,Milwaukee Bucks,124,112,401810208
2025-12-06,Miami Heat,Sacramento Kings,111,127,401810209
2025-12-06,Minnesota Timberwolves,LA Clippers,109,106,401810210
2025-12-06,Dallas Mavericks,Houston Rockets,122,109,401810211
2025-12-07,New York Knicks,Orlando Magic,106,100,401810212
2025-12-07,Toronto Raptors,Boston Celtics,113,121,401810213
2025-12-07,Charlotte Hornets,Denver Nuggets,106,115,401810214
2025-12-07,Memphis Grizzlies,Portland Trail Blazers,119,96,401810215
2025-12-07,Chicago Bulls,Golden State Warriors,91,123,401810216
2025-12-07,Philadelphia 76ers,Los Angeles Lakers,108,112,401810217
2025-12-07,Utah Jazz,Oklahoma City Thunder,101,131,401810218
2025-12-08,Indiana Pacers,Sacramento Kings,116,105,401810219
2025-12-08,Minnesota Timberwolves,Phoenix Suns,105,108,401810220
2025-12-08,New Orleans Pelicans,San Antonio Spurs,132,135,401810221
2025-12-09,Orlando Magic,Miami Heat,117,108,401809833
2025-12-09,Toronto Raptors,New York Knicks,101,117,401809834
2025-12-10,Oklahoma City Thunder,Phoenix Suns,138,89,401809835
2025-12-10,Los Angeles Lakers,San Antonio Spurs,119,132,401809836
2025-12-11,Houston Rockets,LA Clippers,115,113,401836746
2025-12-11,Milwaukee Bucks,Boston Celtics,116,101,401836747
2025-12-11,New Orleans Pelicans,Portland Trail Blazers,143,120,401836748
2025-12-11,Sacramento Kings,Denver Nuggets,105,136,401836749
2025-12-12,Charlotte Hornets,Chicago Bulls,126,129,401836750
2025-12-12,Detroit Pistons,Atlanta Hawks,142,115,401836751
2025-12-12,Philadelphia 76ers,Indiana Pacers,115,105,401836752
2025-12-12,Washington Wizards,Cleveland Cavaliers,126,130,401836753
2025-12-12,Memphis Grizzlies,Utah Jazz,126,130,401836754
2025-12-12,Dallas Mavericks,Brooklyn Nets,119,111,401836795
2025-12-12,Golden State Warriors,Minnesota Timberwolves,120,127,401836796
2025-12-13,Orlando Magic,New York Knicks,120,132,401809837
2025-12-13,Oklahoma City Thunder,San Antonio Spurs,109,111,401809838
2025-12-14,Indiana Pacers,Washington Wizards,89,108,401836797
2025-12-14,Atlanta Hawks,Philadelphia 76ers,120,117,401836798
2025-12-14,Cleveland Cavaliers,Charlotte Hornets,111,119,401836799
2025-12-14,Brooklyn Nets,Milwaukee Bucks,127,82,401836800
2025-12-14,Minnesota Timberwolves,Sacramento Kings,117,103,401836801
2025-12-14,Portland Trail Blazers,Golden State Warriors,136,131,401836802
2025-12-14,Chicago Bulls,New Orleans Pelicans,104,114,401836804
2025-12-14,Phoenix Suns,Los Angeles Lakers,114,116,401839699
2025-12-15,Boston Celtics,Detroit Pistons,105,112,401836803
2025-12-15,Utah Jazz,Dallas Mavericks,140,133,401836805
2025-12-15,Denver Nuggets,Houston Rockets,128,125,401836806
2025-12-15,LA Clippers,Memphis Grizzlies,103,121,401836807
2025-12-15,Miami Heat,Toronto Raptors,96,106,401839023
2025-12-16,New York Knicks,San Antonio Spurs,124,113,401809839
2025-12-17,Chicago Bulls,Cleveland Cavaliers,127,111,401810222
2025-12-17,Minnesota Timberwolves,Memphis Grizzlies,110,116,401810223
2025-12-18,Oklahoma City Thunder,LA Clippers,122,101,401810224
2025-12-18,San Antonio Spurs,Washington Wizards,119,94,401810225
2025-12-18,Charlotte Hornets,Atlanta Hawks,133,126,401810226
2025-12-18,Indiana Pacers,New York Knicks,113,114,401810227
2025-12-18,Brooklyn Nets,Miami Heat,95,106,401810228
2025-12-18,Milwaukee Bucks,Toronto Raptors,105,111,401810229
2025-12-18,New Orleans Pelicans,Houston Rockets,133,128,401810230
2025-12-18,Dallas Mavericks,Detroit Pistons,116,114,401810231
2025-12-18,Denver Nuggets,Orlando Magic,126,115,401810232
2025-12-18,Phoenix Suns,Golden State Warriors,99,98,401810233
2025-12-18,Utah Jazz,Los Angeles Lakers,135,143,401810234
2025-12-18,Portland Trail Blazers,Sacramento Kings,134,133,401810235
2025-12-19,Boston Celtics,Miami Heat,129,116,401810236
2025-12-19,New York Knicks,Philadelphia 76ers,107,116,401810237
2025-12-19,Atlanta Hawks,San Antonio Spurs,98,126,401810238
2025-12-19,Cleveland Cavaliers,Chicago Bulls,125,136,401810239
2025-12-19,Minnesota Timberwolves,Oklahoma City Thunder,112,107,401810240
2025-12-20,Denver Nuggets,Houston Rockets,101,115,401810241
2025-12-20,Philadelphia 76ers,Dallas Mavericks,121,114,401810242
2025-12-20,Toronto Raptors,Boston Celtics,96,112,401810243
2025-12-20,New Orleans Pelicans,Indiana Pacers,128,109,401810244
2025-12-20,Detroit Pistons,Charlotte Hornets,112,86,401810245
2025-12-20,Memphis Grizzlies,Washington Wizards,122,130,401810246
2025-12-20,Golden State Warriors,Phoenix Suns,119,116,401810247
2025-12-20,Utah Jazz,Orlando Magic,127,128,401810248
2025-12-20,Sacramento Kings,Portland Trail Blazers,93,98,401810249
2025-12-20,LA Clippers,Los Angeles Lakers,103,88,401810250
2025-12-21,Atlanta Hawks,Chicago Bulls,150,152,401810251
2025-12-21,Brooklyn Nets,Toronto Raptors,96,81,401810252
2025-12-21,New York Knicks,Miami Heat,132,125,401810253
2025-12-21,Washington Wizards,San Antonio Spurs,113,124,401810254
2025-12-21,Minnesota Timberwolves,Milwaukee Bucks,103,100,401810255
2025-12-21,Sacramento Kings,Houston Rockets,125,124,401810256
2025-12-22,Cleveland Cavaliers,Charlotte Hornets,139,132,401810257
2025-12-22,Boston Celtics,Indiana Pacers,103,95,401810258
2025-12-22,New Orleans Pelicans,Dallas Mavericks,119,113,401810259
2025-12-22,Denver Nuggets,Utah Jazz,135,112,401810260
2025-12-22,Oklahoma City Thunder,Memphis Grizzlies,119,103,401810261
2025-12-22,Golden State Warriors,Orlando Magic,120,97,401810262
2025-12-22,Portland Trail Blazers,Detroit Pistons,102,110,401810263
2025-12-23,Charlotte Hornets,Washington Wizards,126,109,401810264
2025-12-23,Philadelphia 76ers,Brooklyn Nets,106,114,401810265
2025-12-23,Atlanta Hawks,Chicago Bulls,123,126,401810266
2025-12-23,Cleveland Cavaliers,New Orleans Pelicans,141,118,401810267
2025-12-23,Indiana Pacers,Milwaukee Bucks,94,111,401810268
2025-12-23,Miami Heat,Toronto Raptors,91,112,401810269
2025-12-23,Dallas Mavericks,Denver Nuggets,131,130,401810270
2025-12-23,Minnesota Timberwolves,New York Knicks,115,104,401810271
2025-12-23,San Antonio Spurs,Oklahoma City Thunder,130,110,401810272
2025-12-23,Phoenix Suns,Los Angeles Lakers,132,108,401810273
2025-12-23,Utah Jazz,Memphis Grizzlies,128,137,401810274
2025-12-23,Portland Trail Blazers,Orlando Magic,106,110,401810275
2025-12-23,Sacramento Kings,Detroit Pistons,127,136,401810276
2025-12-23,LA Clippers,Houston Rockets,128,108,401810277
2025-12-25,New York Knicks,Cleveland Cavaliers,126,124,401809238
2025-12-25,Oklahoma City Thunder,San Antonio Spurs,102,117,401809239
2025-12-25,Golden State Warriors,Dallas Mavericks,126,116,401809240
2025-12-25,Los Angeles Lakers,Houston Rockets,96,119,401809241
2025-12-25,Denver Nuggets,Minnesota Timberwolves,142,138,401809242
2025-12-26,Atlanta Hawks,Miami Heat,111,126,401810278
2025-12-26,Orlando Magic,Charlotte Hornets,105,120,401810279
2025-12-26,Washington Wizards,Toronto Raptors,138,117,401810280
2025-12-26,Indiana Pacers,Boston Celtics,122,140,401810281
2025-12-26,Chicago Bulls,Philadelphia 76ers,109,102,401810282
2025-12-26,Memphis Grizzlies,Milwaukee Bucks,125,104,401810283
2025-12-26,New Orleans Pelicans,Phoenix Suns,108,115,401810284
2025-12-26,Utah Jazz,Detroit Pistons,131,129,401810285
2025-12-26,Portland Trail Blazers,LA Clippers,103,119,401810286
2025-12-27,Sacramento Kings,Dallas Mavericks,113,107,401810287
2025-12-27,Orlando Magic,Denver Nuggets,127,126,401810288
2025-12-27,New Orleans Pelicans,Phoenix Suns,114,123,401810289
2025-12-27,Atlanta Hawks,New York Knicks,125,128,401810290
2025-12-27,Miami Heat,Indiana Pacers,142,116,401810291
2025-12-27,Chicago Bulls,Milwaukee Bucks,103,112,401810292
2025-12-27,Houston Rockets,Cleveland Cavaliers,117,100,401810293
2025-12-27,Minnesota Timberwolves,Brooklyn Nets,107,123,401810294
2025-12-27,San Antonio Spurs,Utah Jazz,114,127,401810295
2025-12-28,Toronto Raptors,Golden State Warriors,141,127,401810296
2025-12-28,Oklahoma City Thunder,Philadelphia 76ers,129,104,401810297
2025-12-28,Washington Wizards,Memphis Grizzlies,116,112,401810298
2025-12-28,Portland Trail Blazers,Boston Celtics,114,108,401810299
2025-12-28,LA Clippers,Detroit Pistons,112,99,401810300
2025-12-28,Los Angeles Lakers,Sacramento Kings,125,101,401810301
2025-12-29,Charlotte Hornets,Milwaukee Bucks,113,123,401810302
2025-12-29,Washington Wizards,Phoenix Suns,101,115,401810303
2025-12-29,Brooklyn Nets,Golden State Warriors,107,120,401810304
2025-12-29,Miami Heat,Denver Nuggets,147,123,401810305
2025-12-29,Toronto Raptors,Orlando Magic,107,106,401810306
2025-12-29,Chicago Bulls,Minnesota Timberwolves,101,136,401810307
2025-12-29,Houston Rockets,Indiana Pacers,126,119,401810308
2025-12-29,New Orleans Pelicans,New York Knicks,125,130,401810309
2025-12-29,Oklahoma City Thunder,Atlanta Hawks,140,129,401810310
2025-12-29,San Antonio Spurs,Cleveland Cavaliers,101,113,401810311
2025-12-29,Portland Trail Blazers,Dallas Mavericks,125,122,401810312
2025-12-30,Memphis Grizzlies,Philadelphia 76ers,136,139,401810313
2025-12-30,Utah Jazz,Boston Celtics,119,129,401810314
2025-12-30,Los Angeles Lakers,Detroit Pistons,106,128,401810315
2025-12-30,LA Clippers,Sacramento Kings,131,90,401810316
2025-12-31,Charlotte Hornets,Golden State Warriors,125,132,401810317
2025-12-31,Atlanta Hawks,Minnesota Timberwolves,126,102,401810318
2025-12-31,Indiana Pacers,Orlando Magic,110,112,401810319
2025-12-31,Cleveland Cavaliers,Phoenix Suns,129,113,401810320
2025-12-31,Chicago Bulls,New Orleans Pelicans,134,118,401810321
2025-12-31,San Antonio Spurs,New York Knicks,134,132,401810322
2025-12-31,Toronto Raptors,Denver Nuggets,103,106,401810323
2025-12-31,Milwaukee Bucks,Washington Wizards,113,114,401810324
2025-12-31,Oklahoma City Thunder,Portland Trail Blazers,124,95,401810325
2026-01-01,Brooklyn Nets,Houston Rockets,96,120,401810326
2026-01-01,Detroit Pistons,Miami Heat,112,118,401810327
2026-01-01,Dallas Mavericks,Philadelphia 76ers,108,123,401810328
2026-01-01,Sacramento Kings,Boston Celtics,106,120,401810329
2026-01-01,LA Clippers,Utah Jazz,118,101,401810330
2026-01-02,Indiana Pacers,San Antonio Spurs,113,123,401810331
2026-01-02,Washington Wizards,Brooklyn Nets,119,99,401810332
2026-01-02,Cleveland Cavaliers,Denver Nuggets,113,108,401810333
2026-01-02,New York Knicks,Atlanta Hawks,99,111,401810334
2026-01-02,Chicago Bulls,Orlando Magic,121,114,401810335
2026-01-02,Milwaukee Bucks,Charlotte Hornets,122,121,401810336
2026-01-02,New Orleans Pelicans,Portland Trail Blazers,109,122,401810337
2026-01-02,Phoenix Suns,Sacramento Kings,129,102,401810338
2026-01-02,Golden State Warriors,Oklahoma City Thunder,94,131,401810339
2026-01-02,Los Angeles Lakers,Memphis Grizzlies,128,121,401810340
2026-01-03,Miami Heat,Minnesota Timberwolves,115,125,401810341
2026-01-03,New York Knicks,Philadelphia 76ers,119,130,401810342
2026-01-03,Toronto Raptors,Atlanta Hawks,134,117,401810343
2026-01-03,Chicago Bulls,Charlotte Hornets,99,112,401810344
2026-01-03,San Antonio Spurs,Portland Trail Blazers,110,115,401810345
2026-01-03,Dallas Mavericks,Houston Rockets,110,104,401810346
2026-01-03,Golden State Warriors,Utah Jazz,123,114,401810347
2026-01-03,LA Clippers,Boston Celtics,115,146,401810348
2026-01-04,Cleveland Cavaliers,Detroit Pistons,110,114,401810349
2026-01-04,Orlando Magic,Indiana Pacers,135,127,401810350
2026-01-04,Brooklyn Nets,Denver Nuggets,127,115,401810351
2026-01-04,Miami Heat,New Orleans Pelicans,125,106,401810352
2026-01-04,Washington Wizards,Minnesota Timberwolves,115,141,401810353
2026-01-04,Phoenix Suns,Oklahoma City Thunder,108,105,401810354
2026-01-04,Sacramento Kings,Milwaukee Bucks,98,115,401810355
2026-01-04,Los Angeles Lakers,Memphis Grizzlies,120,114,401810356
2026-01-05,Detroit Pistons,New York Knicks,121,90,401810357
2026-01-05,Boston Celtics,Chicago Bulls,115,101,401810358
2026-01-05,Toronto Raptors,Atlanta Hawks,118,100,401810359
2026-01-05,Houston Rockets,Phoenix Suns,100,97,401810360
2026-01-05,Oklahoma City Thunder,Charlotte Hornets,97,124,401810361
2026-01-05,Philadelphia 76ers,Denver Nuggets,124,125,401810362
2026-01-05,LA Clippers,Golden State Warriors,103,102,401810363
2026-01-05,Portland Trail Blazers,Utah Jazz,137,117,401810364
2026-01-06,Indiana Pacers,Cleveland Cavaliers,116,120,401810365
2026-01-06,Washington Wizards,Orlando Magic,120,112,401810366
2026-01-06,Memphis Grizzlies,San Antonio Spurs,106,105,401810367
2026-01-06,Minnesota Timberwolves,Miami Heat,122,94,401810368
2026-01-06,New Orleans Pelicans,Los Angeles Lakers,103,111,401810369
2026-01-06,Sacramento Kings,Dallas Mavericks,98,100,401810370
2026-01-07,Charlotte Hornets,Toronto Raptors,96,97,401810371
2026-01-07,Detroit Pistons,Chicago Bulls,108,93,401810372
2026-01-07,Philadelphia 76ers,Washington Wizards,131,110,401810373
2026-01-07,Atlanta Hawks,New Orleans Pelicans,117,100,401810374
2026-01-07,Boston Celtics,Denver Nuggets,110,114,401810375
2026-01-07,Brooklyn Nets,Orlando Magic,103,104,401810376
2026-01-07,New York Knicks,LA Clippers,123,111,401810377
2026-01-07,San Antonio Spurs,Los Angeles Lakers,107,91,401810378
2026-01-07,Memphis Grizzlies,Phoenix Suns,98,117,401810379
2026-01-07,Oklahoma City Thunder,Utah Jazz,129,125,401810380
2026-01-07,Golden State Warriors,Milwaukee Bucks,120,113,401810381
2026-01-07,Portland Trail Blazers,Houston Rockets,103,102,401810382
2026-01-08,Charlotte Hornets,Indiana Pacers,112,114,401810383
2026-01-08,Minnesota Timberwolves,Cleveland Cavaliers,131,122,401810385
2026-01-08,Utah Jazz,Dallas Mavericks,116,114,401810386
2026-01-09,Boston Celtics,Toronto Raptors,125,117,401810387
2026-01-09,Orlando Magic,Philadelphia 76ers,91,103,401810388
2026-01-09,Washington Wizards,New Orleans Pelicans,107,128,401810389
2026-01-09,Brooklyn Nets,LA Clippers,105,121,401810390
2026-01-09,Memphis Grizzlies,Oklahoma City Thunder,116,117,401810391
2026-01-09,Denver Nuggets,Atlanta Hawks,87,110,401810392
2026-01-09,Phoenix Suns,New York Knicks,112,107,401810393
2026-01-09,Golden State Warriors,Sacramento Kings,137,103,401810394
2026-01-09,Portland Trail Blazers,Houston Rockets,111,105,401810395
2026-01-09,Los Angeles Lakers,Milwaukee Bucks,101,105,401810396
2026-01-10,Cleveland Cavaliers,Minnesota Timberwolves,146,134,401810397
2026-01-10,Indiana Pacers,Miami Heat,123,99,401810398
2026-01-10,Detroit Pistons,LA Clippers,92,98,401810399
2026-01-10,Boston Celtics,San Antonio Spurs,95,100,401810400
2026-01-10,Chicago Bulls,Dallas Mavericks,125,107,401810401
2026-01-10,Utah Jazz,Charlotte Hornets,95,150,401810402
2026-01-11,Orlando Magic,New Orleans Pelicans,128,118,401810403
2026-01-11,Memphis Grizzlies,Brooklyn Nets,103,98,401810404
2026-01-11,Toronto Raptors,Philadelphia 76ers,116,115,401810405
2026-01-11,Portland Trail Blazers,New York Knicks,114,123,401810406
2026-01-11,Minnesota Timberwolves,San Antonio Spurs,104,103,401810407
2026-01-11,Oklahoma City Thunder,Miami Heat,124,112,401810408
2026-01-11,Denver Nuggets,Milwaukee Bucks,108,104,401810409
2026-01-11,Phoenix Suns,Washington Wizards,112,93,401810410
2026-01-11,Golden State Warriors,Atlanta Hawks,111,124,401810411
2026-01-11,Sacramento Kings,Houston Rockets,111,98,401810412
2026-01-12,Cleveland Cavaliers,Utah Jazz,112,123,401810413
2026-01-12,Indiana Pacers,Boston Celtics,98,96,401810414
2026-01-12,Toronto Raptors,Philadelphia 76ers,102,115,401810415
2026-01-12,Dallas Mavericks,Brooklyn Nets,113,105,401810416
2026-01-12,Sacramento Kings,Los Angeles Lakers,124,112,401810417
2026-01-12,LA Clippers,Charlotte Hornets,117,109,401810418
2026-01-13,Miami Heat,Phoenix Suns,127,121,401810419
2026-01-13,Houston Rockets,Chicago Bulls,119,113,401810420
2026-01-13,Milwaukee Bucks,Minnesota Timberwolves,106,139,401810421
2026-01-13,New Orleans Pelicans,Denver Nuggets,116,122,401810422
2026-01-13,Oklahoma City Thunder,San Antonio Spurs,119,98,401810423
2026-01-13,Los Angeles Lakers,Atlanta Hawks,141,116,401810424
2026-01-13,Golden State Warriors,Portland Trail Blazers,119,97,401810425
2026-01-14,Indiana Pacers,Toronto Raptors,101,115,401810426
2026-01-14,Philadelphia 76ers,Cleveland Cavaliers,107,133,401810427
2026-01-14,Chicago Bulls,Utah Jazz,128,126,401810428
2026-01-14,New Orleans Pelicans,Brooklyn Nets,116,113,401810429
2026-01-14,Dallas Mavericks,Denver Nuggets,109,118,401810430
2026-01-14,Sacramento Kings,New York Knicks,112,101,401810431
2026-01-14,LA Clippers,Washington Wizards,119,105,401810432
2026-01-15,Orlando Magic,Memphis Grizzlies,118,111,401810433
2026-01-15,Detroit Pistons,Phoenix Suns,108,105,401810434
2026-01-15,Miami Heat,Boston Celtics,114,119,401810435
2026-01-15,Houston Rockets,Oklahoma City Thunder,91,111,401810436
2026-01-15,San Antonio Spurs,Milwaukee Bucks,119,101,401810437
2026-01-15,Dallas Mavericks,Utah Jazz,144,122,401810438
2026-01-15,Golden State Warriors,New York Knicks,126,113,401810439
2026-01-15,Portland Trail Blazers,Atlanta Hawks,117,101,401810440
2026-01-15,Los Angeles Lakers,Charlotte Hornets,117,135,401810441
2026-01-16,Brooklyn Nets,Chicago Bulls,112,109,401810442
2026-01-16,Indiana Pacers,New Orleans Pelicans,127,119,401810443
2026-01-16,Philadelphia 76ers,Cleveland Cavaliers,115,117,401810444
2026-01-16,Toronto Raptors,LA Clippers,117,121,401810445
2026-01-16,Houston Rockets,Minnesota Timberwolves,110,105,401810446
2026-01-16,Sacramento Kings,Washington Wizards,128,115,401810447
2026-01-17,Dallas Mavericks,Utah Jazz,138,120,401810448
2026-01-17,Atlanta Hawks,Boston Celtics,106,132,401810449
2026-01-17,Detroit Pistons,Indiana Pacers,121,78,401810450
2026-01-17,New York Knicks,Phoenix Suns,99,106,401810451
2026-01-17,Miami Heat,Oklahoma City Thunder,122,120,401810452
2026-01-17,San Antonio Spurs,Minnesota Timberwolves,126,123,401810453
2026-01-17,Golden State Warriors,Charlotte Hornets,136,116,401810454
2026-01-17,Denver Nuggets,Washington Wizards,121,115,401810455
2026-01-17,Portland Trail Blazers,Los Angeles Lakers,132,116,401810456
2026-01-18,Memphis Grizzlies,Orlando Magic,126,109,401810457
2026-01-18,Chicago Bulls,Brooklyn Nets,124,102,401810458
2026-01-18,Houston Rockets,New Orleans Pelicans,119,110,401810459
2026-01-18,Denver Nuggets,Charlotte Hornets,87,110,401810460
2026-01-18,Sacramento Kings,Portland Trail Blazers,110,117,401810461
2026-01-18,Los Angeles Lakers,Toronto Raptors,110,93,401810462
2026-01-19,Atlanta Hawks,Milwaukee Bucks,110,112,401809247
2026-01-19,Cleveland Cavaliers,Oklahoma City Thunder,104,136,401809248
2026-01-19,New York Knicks,Dallas Mavericks,97,114,401809249
2026-01-19,Detroit Pistons,Boston Celtics,104,103,401809250
2026-01-19,Washington Wizards,LA Clippers,106,110,401810463
2026-01-19,Philadelphia 76ers,Indiana Pacers,113,104,401810464
2026-01-19,Brooklyn Nets,Phoenix Suns,117,126,401810465
2026-01-19,San Antonio Spurs,Utah Jazz,123,110,401810466
2026-01-19,Golden State Warriors,Miami Heat,135,112,401810467
2026-01-20,Philadelphia 76ers,Phoenix Suns,110,116,401810468
2026-01-20,Chicago Bulls,LA Clippers,138,110,401810469
2026-01-20,Houston Rockets,San Antonio Spurs,111,106,401810470
2026-01-20,Utah Jazz,Minnesota Timberwolves,127,122,401810471
2026-01-20,Denver Nuggets,Los Angeles Lakers,107,115,401810472
2026-01-20,Golden State Warriors,Toronto Raptors,127,145,401810473
2026-01-20,Sacramento Kings,Miami Heat,117,130,401810474
2026-01-21,Charlotte Hornets,Cleveland Cavaliers,87,94,401810475
2026-01-21,Boston Celtics,Indiana Pacers,119,104,401810476
2026-01-21,New York Knicks,Brooklyn Nets,120,66,401810477
2026-01-21,Memphis Grizzlies,Atlanta Hawks,122,124,401810478
2026-01-21,New Orleans Pelicans,Detroit Pistons,104,112,401810479
2026-01-21,Milwaukee Bucks,Oklahoma City Thunder,102,122,401810480
2026-01-21,Sacramento Kings,Toronto Raptors,109,122,401810481
2026-01-22,Orlando Magic,Charlotte Hornets,97,124,401810482
2026-01-22,Philadelphia 76ers,Houston Rockets,128,122,401810483
2026-01-22,Washington Wizards,Denver Nuggets,97,107,401810484
2026-01-22,Dallas Mavericks,Golden State Warriors,123,115,401810485
2026-01-22,Minnesota Timberwolves,Chicago Bulls,115,120,401810486
2026-01-22,Utah Jazz,San Antonio Spurs,109,126,401810487
2026-01-22,LA Clippers,Los Angeles Lakers,112,104,401810488
2026-01-22,Portland Trail Blazers,Miami Heat,127,110,401810489
2026-01-23,Detroit Pistons,Houston Rockets,104,111,401810490
2026-01-23,Atlanta Hawks,Phoenix Suns,110,103,401810491
2026-01-23,Brooklyn Nets,Boston Celtics,126,130,401810492
2026-01-23,Cleveland Cavaliers,Sacramento Kings,123,118,401810493
2026-01-23,Memphis Grizzlies,New Orleans Pelicans,127,133,401810494
2026-01-23,Milwaukee Bucks,Denver Nuggets,100,102,401810495
2026-01-23,Oklahoma City Thunder,Indiana Pacers,114,117,401810496
2026-01-23,Portland Trail Blazers,Toronto Raptors,98,110,401810497
2026-01-24,Philadelphia 76ers,New York Knicks,109,112,401810498
2026-01-24,Charlotte Hornets,Washington Wizards,119,115,401810500
2026-01-24,Orlando Magic,Cleveland Cavaliers,105,119,401810501
2026-01-24,Chicago Bulls,Boston Celtics,114,111,401810502
2026-01-24,Dallas Mavericks,Los Angeles Lakers,110,116,401810503
2026-01-24,Utah Jazz,Miami Heat,116,147,401810504
2026-01-25,Detroit Pistons,Sacramento Kings,139,116,401810505
2026-01-25,Oklahoma City Thunder,Toronto Raptors,101,103,401810508
2026-01-25,San Antonio Spurs,New Orleans Pelicans,95,104,401810509
2026-01-25,Phoenix Suns,Miami Heat,102,111,401810510
2026-01-25,LA Clippers,Brooklyn Nets,126,89,401810511
2026-01-25,Minnesota Timberwolves,Golden State Warriors,85,111,401857824
2026-01-26,Charlotte Hornets,Philadelphia 76ers,130,93,401810512
2026-01-26,Cleveland Cavaliers,Orlando Magic,114,98,401810513
2026-01-26,Atlanta Hawks,Indiana Pacers,132,116,401810514
2026-01-26,Boston Celtics,Portland Trail Blazers,102,94,401810515
2026-01-26,Chicago Bulls,Los Angeles Lakers,118,129,401810516
2026-01-26,Houston Rockets,Memphis Grizzlies,108,99,401810517
2026-01-26,Minnesota Timberwolves,Golden State Warriors,108,83,401810518
2026-01-27,Washington Wizards,Portland Trail Blazers,115,111,401810519
2026-01-27,New York Knicks,Sacramento Kings,103,87,401810520
2026-01-27,Philadelphia 76ers,Milwaukee Bucks,139,122,401810521
2026-01-27,Oklahoma City Thunder,New Orleans Pelicans,104,95,401810522
2026-01-27,Denver Nuggets,Detroit Pistons,107,109,401810523
2026-01-27,Phoenix Suns,Brooklyn Nets,106,102,401810524
2026-01-27,Utah Jazz,LA Clippers,103,115,401810525
2026-01-28,Cleveland Cavaliers,Los Angeles Lakers,129,99,401810526
2026-01-28,Indiana Pacers,Chicago Bulls,113,110,401810527
2026-01-28,Boston Celtics,Atlanta Hawks,106,117,401810528
2026-01-28,Miami Heat,Orlando Magic,124,133,401810529
2026-01-28,Toronto Raptors,New York Knicks,92,119,401810530
2026-01-28,Memphis Grizzlies,Charlotte Hornets,97,112,401810531
2026-01-28,Dallas Mavericks,Minnesota Timberwolves,105,118,401810532
2026-01-28,Utah Jazz,Golden State Warriors,124,140,401810533
2026-01-28,Houston Rockets,San Antonio Spurs,99,111,401810534
2026-01-29,Philadelphia 76ers,Sacramento Kings,113,111,401810535
2026-01-29,Washington Wizards,Milwaukee Bucks,109,99,401810536
2026-01-29,Atlanta Hawks,Houston Rockets,86,104,401810537
2026-01-29,Dallas Mavericks,Charlotte Hornets,121,123,401810538
2026-01-29,Denver Nuggets,Brooklyn Nets,107,103,401810539
2026-01-29,Phoenix Suns,Detroit Pistons,114,96,401810540
2026-01-29,Minnesota Timberwolves,Oklahoma City Thunder,123,111,401810541
2026-01-29,Chicago Bulls,Miami Heat,113,116,401850920
2026-01-30,Orlando Magic,Toronto Raptors,130,120,401810542
2026-01-30,Washington Wizards,Los Angeles Lakers,111,142,401810543
2026-01-30,Boston Celtics,Sacramento Kings,112,93,401810544
2026-01-30,New York Knicks,Portland Trail Blazers,127,97,401810545
2026-01-30,New Orleans Pelicans,Memphis Grizzlies,114,106,401810546
2026-01-30,Phoenix Suns,Cleveland Cavaliers,126,113,401810548
2026-01-30,Utah Jazz,Brooklyn Nets,99,109,401810549
2026-01-30,Denver Nuggets,LA Clippers,122,109,401810550
2026-01-30,Golden State Warriors,Detroit Pistons,124,131,401810551
2026-01-31,Miami Heat,Chicago Bulls,118,125,401810547
2026-01-31,Charlotte Hornets,San Antonio Spurs,111,106,401810552
2026-01-31,Indiana Pacers,Atlanta Hawks,129,124,401810553
2026-01-31,Philadelphia 76ers,New Orleans Pelicans,124,114,401810554
2026-01-31,Memphis Grizzlies,Minnesota Timberwolves,114,131,401810555
2026-01-31,Houston Rockets,Dallas Mavericks,111,107,401810556
2026-02-01,Boston Celtics,Milwaukee Bucks,107,79,401810557
2026-02-01,San Antonio Spurs,Orlando Magic,112,103,401810558
2026-02-01,Detroit Pistons,Brooklyn Nets,130,77,401810559
2026-02-01,Miami Heat,Chicago Bulls,134,91,401810560
2026-02-01,Toronto Raptors,Utah Jazz,107,100,401810561
2026-02-01,Washington Wizards,Sacramento Kings,116,112,401810562
2026-02-01,New York Knicks,Los Angeles Lakers,112,100,401810563
2026-02-01,Phoenix Suns,LA Clippers,93,117,401810564
2026-02-01,Portland Trail Blazers,Cleveland Cavaliers,111,130,401810565
2026-02-01,Denver Nuggets,Oklahoma City Thunder,111,121,401810566
2026-02-02,Charlotte Hornets,New Orleans Pelicans,102,95,401810567
2026-02-02,Indiana Pacers,Houston Rockets,114,118,401810568
2026-02-02,Memphis Grizzlies,Minnesota Timberwolves,137,128,401810569
2026-02-02,LA Clippers,Philadelphia 76ers,113,128,401810570
2026-02-03,Detroit Pistons,Denver Nuggets,124,121,401810571
2026-02-03,Indiana Pacers,Utah Jazz,122,131,401810572
2026-02-03,Washington Wizards,New York Knicks,101,132,401810573
2026-02-03,Brooklyn Nets,Los Angeles Lakers,109,125,401810574
2026-02-03,Miami Heat,Atlanta Hawks,115,127,401810575
2026-02-03,Dallas Mavericks,Boston Celtics,100,110,401810576
2026-02-03,Milwaukee Bucks,Chicago Bulls,131,115,401810577
2026-02-03,Oklahoma City Thunder,Orlando Magic,128,92,401810578
2026-02-03,Golden State Warriors,Philadelphia 76ers,94,113,401810579
2026-02-03,Portland Trail Blazers,Phoenix Suns,125,130,401810580
2026-02-04,New York Knicks,Denver Nuggets,134,127,401810581
2026-02-04,Toronto Raptors,Minnesota Timberwolves,126,128,401810582
2026-02-04,Houston Rockets,Boston Celtics,93,114,401810583
2026-02-04,Milwaukee Bucks,New Orleans Pelicans,141,137,401810584
2026-02-04,San Antonio Spurs,Oklahoma City Thunder,116,106,401810585
2026-02-04,Sacramento Kings,Memphis Grizzlies,125,129,401810586
2026-02-04,LA Clippers,Cleveland Cavaliers,91,124,401810587
2026-02-05,Detroit Pistons,Washington Wizards,117,126,401810588
2026-02-05,Orlando Magic,Brooklyn Nets,118,98,401810589
2026-02-05,Atlanta Hawks,Utah Jazz,121,119,401810590
2026-02-05,Toronto Raptors,Chicago Bulls,123,107,401810591
2026-02-05,Houston Rockets,Charlotte Hornets,99,109,401810592
2026-02-05,Dallas Mavericks,San Antonio Spurs,123,135,401810593
2026-02-05,Phoenix Suns,Golden State Warriors,97,101,401810594
2026-02-05,Los Angeles Lakers,Philadelphia 76ers,119,115,401810595
2026-02-06,Boston Celtics,Miami Heat,98,96,401810596
2026-02-06,Detroit Pistons,New York Knicks,118,80,401810597
2026-02-06,Milwaukee Bucks,Indiana Pacers,105,99,401810598
2026-02-06,Minnesota Timberwolves,New Orleans Pelicans,115,119,401810599
2026-02-06,Portland Trail Blazers,Memphis Grizzlies,135,115,401810600
2026-02-06,Sacramento Kings,LA Clippers,111,114,401810601
2026-02-07,Brooklyn Nets,Washington Wizards,127,113,401810602
2026-02-07,Oklahoma City Thunder,Houston Rockets,106,112,401810603
2026-02-07,San Antonio Spurs,Dallas Mavericks,138,125,401810604
2026-02-07,Orlando Magic,Utah Jazz,120,117,401810605
2026-02-07,Atlanta Hawks,Charlotte Hornets,119,126,401810606
2026-02-07,Chicago Bulls,Denver Nuggets,120,136,401810607
2026-02-07,Los Angeles Lakers,Golden State Warriors,105,99,401810608
2026-02-07,Phoenix Suns,Philadelphia 76ers,103,109,401810609
2026-02-07,Portland Trail Blazers,Memphis Grizzlies,122,115,401810610
2026-02-07,Sacramento Kings,Cleveland Cavaliers,126,132,401810611
2026-02-08,Boston Celtics,New York Knicks,89,111,401810612
2026-02-08,Washington Wizards,Miami Heat,101,132,401810613
2026-02-08,Toronto Raptors,Indiana Pacers,122,104,401810614
2026-02-08,Minnesota Timberwolves,LA Clippers,96,115,401810615
2026-02-09,Charlotte Hornets,Detroit Pistons,104,110,401810616
2026-02-09,Brooklyn Nets,Chicago Bulls,123,115,401810617
2026-02-09,Miami Heat,Utah Jazz,111,115,401810618
2026-02-09,Orlando Magic,Milwaukee Bucks,118,99,401810619
2026-02-09,Minnesota Timberwolves,Atlanta Hawks,138,116,401810620
2026-02-09,New Orleans Pelicans,Sacramento Kings,120,94,401810621
2026-02-09,Denver Nuggets,Cleveland Cavaliers,117,119,401810622
2026-02-09,Golden State Warriors,Memphis Grizzlies,114,113,401810623
2026-02-09,Los Angeles Lakers,Oklahoma City Thunder,110,119,401810624
2026-02-09,Portland Trail Blazers,Philadelphia 76ers,135,118,401810625
2026-02-10,New York Knicks,Indiana Pacers,134,137,401810626
2026-02-10,Houston Rockets,LA Clippers,102,95,401810627
2026-02-10,Phoenix Suns,Dallas Mavericks,120,111,401810628
2026-02-10,Los Angeles Lakers,San Antonio Spurs,108,136,401810629
2026-02-11,Charlotte Hornets,Atlanta Hawks,110,107,401810630
2026-02-11,Cleveland Cavaliers,Washington Wizards,138,113,401810631
2026-02-11,Orlando Magic,Milwaukee Bucks,108,116,401810632
2026-02-11,Boston Celtics,Chicago Bulls,124,105,401810633
2026-02-11,Brooklyn Nets,Indiana Pacers,110,115,401810634
2026-02-11,Philadelphia 76ers,New York Knicks,89,138,401810635
2026-02-11,Toronto Raptors,Detroit Pistons,95,113,401810636
2026-02-11,Houston Rockets,LA Clippers,102,105,401810637
2026-02-11,Minnesota Timberwolves,Portland Trail Blazers,133,109,401810638
2026-02-11,New Orleans Pelicans,Miami Heat,111,123,401810639
2026-02-11,Phoenix Suns,Oklahoma City Thunder,109,136,401810640
2026-02-11,Utah Jazz,Sacramento Kings,121,93,401810641
2026-02-11,Denver Nuggets,Memphis Grizzlies,122,116,401810642
2026-02-11,Golden State Warriors,San Antonio Spurs,113,126,401810643
2026-02-12,Oklahoma City Thunder,Milwaukee Bucks,93,110,401810644
2026-02-12,Utah Jazz,Portland Trail Blazers,119,135,401810645
2026-02-12,Los Angeles Lakers,Dallas Mavericks,124,104,401810646
2026-02-15,Team Stars,World,37,35,401838140
2026-02-15,Team Stripes,Team Stars,42,40,401838141
2026-02-15,Team Stripes,World,48,45,401838142
2026-02-19,Charlotte Hornets,Houston Rockets,101,105,401810647
2026-02-19,Cleveland Cavaliers,Brooklyn Nets,112,84,401810648
2026-02-19,Philadelphia 76ers,Atlanta Hawks,107,117,401810649
2026-02-19,Washington Wizards,Indiana Pacers,112,105,401810650
2026-02-19,New York Knicks,Detroit Pistons,111,126,401810651
2026-02-19,Chicago Bulls,Toronto Raptors,101,110,401810652
2026-02-19,San Antonio Spurs,Phoenix Suns,121,94,401810653
2026-02-19,Golden State Warriors,Boston Celtics,110,121,401810654
2026-02-19,Sacramento Kings,Orlando Magic,94,131,401810655
2026-02-19,LA Clippers,Denver Nuggets,115,114,401810656
2026-02-20,Charlotte Hornets,Cleveland Cavaliers,113,118,401810657
2026-02-20,Washington Wizards,Indiana Pacers,131,118,401810658
2026-02-20,Memphis Grizzlies,Utah Jazz,123,114,401810659
2026-02-20,Atlanta Hawks,Miami Heat,97,128,401810660
2026-02-20,Minnesota Timberwolves,Dallas Mavericks,122,111,401810661
2026-02-20,New Orleans Pelicans,Milwaukee Bucks,118,139,401810662
2026-02-20,Oklahoma City Thunder,Brooklyn Nets,105,86,401810663
2026-02-20,Los Angeles Lakers,LA Clippers,125,122,401810664
2026-02-20,Portland Trail Blazers,Denver Nuggets,103,157,401810665
2026-02-21,Phoenix Suns,Orlando Magic,113,110,401810666
2026-02-21,New Orleans Pelicans,Philadelphia 76ers,126,111,401810667
2026-02-21,Miami Heat,Memphis Grizzlies,136,120,401810668
2026-02-21,Chicago Bulls,Detroit Pistons,110,126,401810669
2026-02-21,San Antonio Spurs,Sacramento Kings,139,122,401810670
2026-02-21,New York Knicks,Houston Rockets,108,106,401810671
2026-02-22,Oklahoma City Thunder,Cleveland Cavaliers,121,113,401810672
2026-02-22,Atlanta Hawks,Brooklyn Nets,115,104,401810673
2026-02-22,Milwaukee Bucks,Toronto Raptors,94,122,401810674
2026-02-22,Golden State Warriors,Denver Nuggets,128,117,401810675
2026-02-22,Indiana Pacers,Dallas Mavericks,130,134,401810676
2026-02-22,Washington Wizards,Charlotte Hornets,112,129,401810677
2026-02-22,Los Angeles Lakers,Boston Celtics,89,111,401810678
2026-02-22,Minnesota Timberwolves,Philadelphia 76ers,108,135,401810679
2026-02-22,Chicago Bulls,New York Knicks,99,105,401810680
2026-02-22,Phoenix Suns,Portland Trail Blazers,77,92,401810681
2026-02-22,LA Clippers,Orlando Magic,109,111,401810682
2026-02-23,Detroit Pistons,San Antonio Spurs,103,114,401810683
2026-02-23,Memphis Grizzlies,Sacramento Kings,114,123,401810684
2026-02-23,Houston Rockets,Utah Jazz,125,105,401810685
2026-02-24,Indiana Pacers,Philadelphia 76ers,114,135,401810686
2026-02-24,Atlanta Hawks,Washington Wizards,119,98,401810687
2026-02-24,Brooklyn Nets,Dallas Mavericks,114,123,401810688
2026-02-24,Toronto Raptors,Oklahoma City Thunder,107,116,401810689
2026-02-24,Cleveland Cavaliers,New York Knicks,109,94,401810690
2026-02-24,Chicago Bulls,Charlotte Hornets,99,131,401810691
2026-02-24,Milwaukee Bucks,Miami Heat,128,117,401810692
2026-02-24,New Orleans Pelicans,Golden State Warriors,113,109,401810693
2026-02-24,Phoenix Suns,Boston Celtics,81,97,401810694
2026-02-24,Los Angeles Lakers,Orlando Magic,109,110,401810695
2026-02-24,Portland Trail Blazers,Minnesota Timberwolves,121,124,401810696
2026-02-25,Detroit Pistons,Oklahoma City Thunder,124,116,401810697
2026-02-25,Toronto Raptors,San Antonio Spurs,107,110,401810698
2026-02-25,Memphis Grizzlies,Golden State Warriors,112,133,401810699
2026-02-25,Houston Rockets,Sacramento Kings,128,97,401810700
2026-02-25,Milwaukee Bucks,Cleveland Cavaliers,118,116,401810701
2026-02-25,Denver Nuggets,Boston Celtics,103,84,401810702
2026-02-26,Indiana Pacers,Charlotte Hornets,109,133,401810703
2026-02-26,Philadelphia 76ers,Miami Heat,124,117,401810704
2026-02-26,Atlanta Hawks,Washington Wizards,126,96,401810705
2026-02-26,Brooklyn Nets,San Antonio Spurs,110,126,401810706
2026-02-26,Orlando Magic,Houston Rockets,108,113,401810707
2026-02-26,Chicago Bulls,Portland Trail Blazers,112,121,401810708
2026-02-26,Dallas Mavericks,Sacramento Kings,121,130,401810709
2026-02-26,Phoenix Suns,Los Angeles Lakers,113,110,401810710
2026-02-26,Utah Jazz,New Orleans Pelicans,118,129,401810711
2026-02-26,LA Clippers,Minnesota Timberwolves,88,94,401810712
2026-02-27,Detroit Pistons,Cleveland Cavaliers,122,119,401810713
2026-02-27,Boston Celtics,Brooklyn Nets,148,111,401810714
2026-02-27,Milwaukee Bucks,New York Knicks,98,127,401810715
2026-02-27,Dallas Mavericks,Memphis Grizzlies,105,124,401810716
2026-02-27,Oklahoma City Thunder,Denver Nuggets,127,121,401810717
2026-02-28,Charlotte Hornets,Portland Trail Blazers,109,93,401810718
2026-02-28,Miami Heat,Houston Rockets,115,105,401810719
2026-02-28,Washington Wizards,Toronto Raptors,125,134,401810720
2026-02-28,Golden State Warriors,Los Angeles Lakers,101,129,401810721
2026-02-28,Utah Jazz,New Orleans Pelicans,105,115,401810722
2026-03-01,New York Knicks,San Antonio Spurs,114,89,401810723
2026-03-01,Brooklyn Nets,Cleveland Cavaliers,102,106,401810724
2026-03-01,Chicago Bulls,Milwaukee Bucks,120,97,401810725
2026-03-01,Denver Nuggets,Minnesota Timberwolves,108,117,401810726
2026-03-01,Indiana Pacers,Memphis Grizzlies,106,125,401810727
2026-03-01,Atlanta Hawks,Portland Trail Blazers,135,101,401810728
2026-03-01,Boston Celtics,Philadelphia 76ers,114,98,401810729
2026-03-01,Orlando Magic,Detroit Pistons,92,106,401810730
2026-03-01,Dallas Mavericks,Oklahoma City Thunder,87,100,401810731
2026-03-01,LA Clippers,New Orleans Pelicans,137,117,401810732
2026-03-01,Los Angeles Lakers,Sacramento Kings,128,104,401810733
2026-03-02,Washington Wizards,Houston Rockets,118,123,401810734
2026-03-02,Milwaukee Bucks,Boston Celtics,81,108,401810735
2026-03-02,Utah Jazz,Denver Nuggets,125,128,401810736
2026-03-02,Golden State Warriors,LA Clippers,101,114,401810737
2026-03-03,Charlotte Hornets,Dallas Mavericks,117,90,401810738
2026-03-03,Cleveland Cavaliers,Detroit Pistons,113,109,401810739
2026-03-03,Orlando Magic,Washington Wizards,126,109,401810740
2026-03-03,Miami Heat,Brooklyn Nets,124,98,401810741
2026-03-03,Toronto Raptors,New York Knicks,95,111,401810742
2026-03-03,Philadelphia 76ers,San Antonio Spurs,91,131,401810743
2026-03-03,Chicago Bulls,Oklahoma City Thunder,108,116,401810744
2026-03-03,Minnesota Timberwolves,Memphis Grizzlies,117,110,401810745
2026-03-03,Los Angeles Lakers,New Orleans Pelicans,110,101,401810746
2026-03-03,Sacramento Kings,Phoenix Suns,103,114,401810747
2026-03-04,New York Knicks,Oklahoma City Thunder,100,103,401810748
2026-03-04,Boston Celtics,Charlotte Hornets,89,118,401810749
2026-03-04,Philadelphia 76ers,Utah Jazz,106,102,401810750
2026-03-04,Memphis Grizzlies,Portland Trail Blazers,114,122,401810751
2026-03-04,Milwaukee Bucks,Atlanta Hawks,113,131,401810752
2026-03-04,LA Clippers,Indiana Pacers,130,107,401810753
2026-03-05,Orlando Magic,Dallas Mavericks,115,114,401810754
2026-03-05,Washington Wizards,Utah Jazz,112,122,401810755
2026-03-05,Miami Heat,Brooklyn Nets,126,110,401810756
2026-03-05,Houston Rockets,Golden State Warriors,113,115,401810757
2026-03-05,Minnesota Timberwolves,Toronto Raptors,115,107,401810758
2026-03-05,San Antonio Spurs,Detroit Pistons,121,106,401810759
2026-03-05,Phoenix Suns,Chicago Bulls,103,105,401810760
2026-03-05,Denver Nuggets,Los Angeles Lakers,120,113,401810761
2026-03-05,Sacramento Kings,New Orleans Pelicans,123,133,401810762
2026-03-06,Boston Celtics,Dallas Mavericks,120,100,401810763
2026-03-06,Charlotte Hornets,Miami Heat,120,128,401810764
2026-03-06,Houston Rockets,Portland Trail Blazers,106,99,401810765
2026-03-06,Denver Nuggets,New York Knicks,103,142,401810766
2026-03-06,Phoenix Suns,New Orleans Pelicans,118,116,401810767
2026-03-06,San Antonio Spurs,LA Clippers,116,112,401810768
2026-03-06,Los Angeles Lakers,Indiana Pacers,128,117,401810769
2026-03-07,Minnesota Timberwolves,Orlando Magic,92,119,401810770
2026-03-07,Detroit Pistons,Brooklyn Nets,105,107,401810771
2026-03-07,Atlanta Hawks,Philadelphia 76ers,125,116,401810772
2026-03-07,Memphis Grizzlies,LA Clippers,120,123,401810773
2026-03-07,Milwaukee Bucks,Utah Jazz,113,99,401810774
2026-03-07,Oklahoma City Thunder,Golden State Warriors,104,97,401810775
2026-03-08,Cleveland Cavaliers,Boston Celtics,98,109,401810776
2026-03-08,Los Angeles Lakers,New York Knicks,110,97,401810777
2026-03-08,Miami Heat,Detroit Pistons,121,110,401810778
2026-03-08,Toronto Raptors,Dallas Mavericks,122,92,401810779
2026-03-08,New Orleans Pelicans,Washington Wizards,138,118,401810780
2026-03-08,Milwaukee Bucks,Orlando Magic,91,130,401810781
2026-03-08,San Antonio Spurs,Houston Rockets,145,120,401810782
2026-03-08,Phoenix Suns,Charlotte Hornets,111,99,401810783
2026-03-08,Portland Trail Blazers,Indiana Pacers,131,111,401810784
2026-03-08,Sacramento Kings,Chicago Bulls,126,110,401810785
2026-03-09,Cleveland Cavaliers,Philadelphia 76ers,115,101,401810786
2026-03-09,Brooklyn Nets,Memphis Grizzlies,126,115,401810787
2026-03-09,Oklahoma City Thunder,Denver Nuggets,129,126,401810788
2026-03-09,Utah Jazz,Golden State Warriors,119,116,401810789
2026-03-09,LA Clippers,New York Knicks,126,118,401810790
2026-03-10,Philadelphia 76ers,Memphis Grizzlies,139,129,401810791
2026-03-10,Brooklyn Nets,Detroit Pistons,100,138,401810792
2026-03-10,Miami Heat,Washington Wizards,150,129,401810793
2026-03-10,Atlanta Hawks,Dallas Mavericks,124,112,401810794
2026-03-10,Houston Rockets,Toronto Raptors,113,99,401810795
2026-03-10,Milwaukee Bucks,Phoenix Suns,114,129,401810796
2026-03-10,San Antonio Spurs,Boston Celtics,125,116,401810797
2026-03-10,Golden State Warriors,Chicago Bulls,124,130,401810798
2026-03-10,Portland Trail Blazers,Charlotte Hornets,101,103,401810799
2026-03-10,Sacramento Kings,Indiana Pacers,114,109,401810800
2026-03-10,Los Angeles Lakers,Minnesota Timberwolves,120,106,401810801
2026-03-11,Orlando Magic,Cleveland Cavaliers,128,122,401810802
2026-03-11,New Orleans Pelicans,Toronto Raptors,122,111,401810803
2026-03-11,Utah Jazz,New York Knicks,117,134,401810804
2026-03-11,Denver Nuggets,Houston Rockets,129,93,401810805
2026-03-11,Sacramento Kings,Charlotte Hornets,109,117,401810806
2026-03-11,LA Clippers,Minnesota Timberwolves,153,128,401810807
2026-03-12,Detroit Pistons,Philadelphia 76ers,131,109,401810808
2026-03-12,Indiana Pacers,Phoenix Suns,108,123,401810809
2026-03-12,Orlando Magic,Washington Wizards,136,131,401810810
2026-03-12,Atlanta Hawks,Brooklyn Nets,108,97,401810811
2026-03-12,Miami Heat,Milwaukee Bucks,112,105,401810812
2026-03-12,San Antonio Spurs,Denver Nuggets,131,136,401810813
2026-03-12,Oklahoma City Thunder,Boston Celtics,104,102,401810814
2026-03-12,Los Angeles Lakers,Chicago Bulls,142,130,401810815
2026-03-12,Memphis Grizzlies,Dallas Mavericks,112,120,401810966
2026-03-13,Detroit Pistons,Memphis Grizzlies,126,110,401810816
2026-03-13,Indiana Pacers,New York Knicks,92,101,401810817
2026-03-13,Toronto Raptors,Phoenix Suns,122,115,401810818
2026-03-13,Houston Rockets,New Orleans Pelicans,107,105,401810819
2026-03-13,Dallas Mavericks,Cleveland Cavaliers,105,138,401810820
2026-03-13,Golden State Warriors,Minnesota Timberwolves,117,127,401810821
2026-03-13,Portland Trail Blazers,Utah Jazz,124,114,401810822
2026-03-13,LA Clippers,Chicago Bulls,119,108,401810823
2026-03-14,Philadelphia 76ers,Brooklyn Nets,104,97,401810824
2026-03-14,Atlanta Hawks,Milwaukee Bucks,122,99,401810825
2026-03-14,Boston Celtics,Washington Wizards,111,100,401810826
2026-03-14,Miami Heat,Orlando Magic,117,121,401810827
2026-03-14,San Antonio Spurs,Charlotte Hornets,115,102,401810828
2026-03-14,Los Angeles Lakers,Denver Nuggets,127,125,401810829
2026-03-14,LA Clippers,Sacramento Kings,109,118,401810830
2026-03-15,Oklahoma City Thunder,Minnesota Timberwolves,116,103,401810831
2026-03-15,Cleveland Cavaliers,Dallas Mavericks,120,130,401810832
2026-03-15,Toronto Raptors,Detroit Pistons,119,108,401810833
2026-03-15,Milwaukee Bucks,Indiana Pacers,134,123,401810834
2026-03-15,Philadelphia 76ers,Portland Trail Blazers,109,103,401810835
2026-03-15,New York Knicks,Golden State Warriors,110,107,401810836
2026-03-15,Sacramento Kings,Utah Jazz,116,111,401810837
2026-03-16,Atlanta Hawks,Orlando Magic,124,112,401810838
2026-03-16,Washington Wizards,Golden State Warriors,117,125,401810839
2026-03-16,Brooklyn Nets,Portland Trail Blazers,95,114,401810840
2026-03-16,Boston Celtics,Phoenix Suns,120,112,401810841
2026-03-16,Chicago Bulls,Memphis Grizzlies,132,107,401810842
2026-03-16,New Orleans Pelicans,Dallas Mavericks,129,111,401810843
2026-03-16,Houston Rockets,Los Angeles Lakers,92,100,401810844
2026-03-16,LA Clippers,San Antonio Spurs,115,119,401810845
2026-03-17,Charlotte Hornets,Miami Heat,136,106,401810846
2026-03-17,Orlando Magic,Oklahoma City Thunder,108,113,401810847
2026-03-17,Washington Wizards,Detroit Pistons,117,130,401810848
2026-03-17,New York Knicks,Indiana Pacers,136,110,401810849
2026-03-17,Milwaukee Bucks,Cleveland Cavaliers,116,123,401810850
2026-03-17,Minnesota Timberwolves,Phoenix Suns,116,104,401810851
2026-03-17,Denver Nuggets,Philadelphia 76ers,124,96,401810852
2026-03-17,Sacramento Kings,San Antonio Spurs,104,132,401810853
2026-03-18,Boston Celtics,Golden State Warriors,120,99,401810854
2026-03-18,Brooklyn Nets,Oklahoma City Thunder,92,121,401810855
2026-03-18,Indiana Pacers,Portland Trail Blazers,119,127,401810856
2026-03-18,Chicago Bulls,Toronto Raptors,109,139,401810857
2026-03-18,Minnesota Timberwolves,Utah Jazz,147,111,401810859
2026-03-18,New Orleans Pelicans,LA Clippers,124,109,401810860
2026-03-18,Dallas Mavericks,Atlanta Hawks,120,135,401810861
2026-03-18,Houston Rockets,Los Angeles Lakers,116,124,401810862
2026-03-18,Memphis Grizzlies,Denver Nuggets,125,118,401858693
2026-03-19,Charlotte Hornets,Orlando Magic,130,111,401810863
2026-03-19,Washington Wizards,Detroit Pistons,95,117,401810864
2026-03-19,Miami Heat,Los Angeles Lakers,126,134,401810865
2026-03-19,Chicago Bulls,Cleveland Cavaliers,110,115,401810866
2026-03-19,New Orleans Pelicans,LA Clippers,105,99,401810867
2026-03-19,San Antonio Spurs,Phoenix Suns,101,100,401810868
2026-03-19,Utah Jazz,Milwaukee Bucks,128,96,401810869
2026-03-19,Sacramento Kings,Philadelphia 76ers,118,139,401810870
2026-03-20,Brooklyn Nets,New York Knicks,92,93,401810871
2026-03-20,Detroit Pistons,Golden State Warriors,115,101,401810872
2026-03-20,Houston Rockets,Atlanta Hawks,117,95,401810873
2026-03-20,Memphis Grizzlies,Boston Celtics,112,117,401810874
2026-03-20,Minnesota Timberwolves,Portland Trail Blazers,104,108,401810875
2026-03-20,Denver Nuggets,Toronto Raptors,121,115,401810876
2026-03-21,Washington Wizards,Oklahoma City Thunder,111,132,401810877
2026-03-21,Charlotte Hornets,Memphis Grizzlies,124,101,401810878
2026-03-21,Orlando Magic,Los Angeles Lakers,104,105,401810879
2026-03-21,New Orleans Pelicans,Cleveland Cavaliers,106,111,401810880
2026-03-21,Atlanta Hawks,Golden State Warriors,126,110,401810881
2026-03-21,Houston Rockets,Miami Heat,123,122,401810882
2026-03-21,San Antonio Spurs,Indiana Pacers,134,119,401810883
2026-03-21,Dallas Mavericks,LA Clippers,131,138,401810884
2026-03-21,Utah Jazz,Philadelphia 76ers,116,126,401810885
2026-03-21,Phoenix Suns,Milwaukee Bucks,105,108,401810886
2026-03-22,Denver Nuggets,Portland Trail Blazers,128,112,401810887
2026-03-22,Sacramento Kings,Brooklyn Nets,126,122,401810888
2026-03-22,New York Knicks,Washington Wizards,145,113,401810889
2026-03-22,Boston Celtics,Minnesota Timberwolves,92,102,401810890
2026-03-22,Phoenix Suns,Toronto Raptors,120,98,401810891
2026-03-23,Atlanta Hawks,Memphis Grizzlies,146,107,401810892
2026-03-23,Detroit Pistons,Los Angeles Lakers,113,110,401810893
2026-03-23,Orlando Magic,Indiana Pacers,126,128,401810894
2026-03-23,Philadelphia 76ers,Oklahoma City Thunder,103,123,401810895
2026-03-23,Miami Heat,San Antonio Spurs,111,136,401810896
2026-03-23,Chicago Bulls,Houston Rockets,132,124,401810897
2026-03-23,Utah Jazz,Toronto Raptors,127,143,401810898
2026-03-23,Dallas Mavericks,Golden State Warriors,131,137,401810899
2026-03-23,Portland Trail Blazers,Brooklyn Nets,134,99,401810900
2026-03-23,LA Clippers,Milwaukee Bucks,129,96,401810901
2026-03-24,Charlotte Hornets,Sacramento Kings,134,90,401810902
2026-03-24,New York Knicks,New Orleans Pelicans,121,116,401810903
2026-03-24,Cleveland Cavaliers,Orlando Magic,136,131,401810904
2026-03-24,Phoenix Suns,Denver Nuggets,123,125,401810905
2026-03-25,Detroit Pistons,Atlanta Hawks,129,130,401810906
2026-03-25,Indiana Pacers,Los Angeles Lakers,130,137,401810907
2026-03-25,Philadelphia 76ers,Chicago Bulls,157,137,401810908
2026-03-25,Boston Celtics,Oklahoma City Thunder,119,109,401810909
2026-03-25,Cleveland Cavaliers,Miami Heat,103,120,401810910
2026-03-25,Memphis Grizzlies,San Antonio Spurs,98,123,401810911
2026-03-25,Utah Jazz,Washington Wizards,110,133,401810912
2026-03-25,Minnesota Timberwolves,Houston Rockets,110,108,401810913
2026-03-25,Denver Nuggets,Dallas Mavericks,142,135,401810914
2026-03-25,Golden State Warriors,Brooklyn Nets,109,106,401810915
2026-03-25,Portland Trail Blazers,Milwaukee Bucks,130,99,401810916
2026-03-25,LA Clippers,Toronto Raptors,119,94,401810917
2026-03-26,Charlotte Hornets,New York Knicks,114,103,401810918
2026-03-26,Detroit Pistons,New Orleans Pelicans,129,108,401810919
2026-03-26,Orlando Magic,Sacramento Kings,121,117,401810920
2026-03-27,Indiana Pacers,LA Clippers,113,114,401810921
2026-03-27,Boston Celtics,Atlanta Hawks,109,102,401810922
2026-03-27,Cleveland Cavaliers,Miami Heat,149,128,401810923
2026-03-27,Memphis Grizzlies,Houston Rockets,109,119,401810924
2026-03-27,Oklahoma City Thunder,Chicago Bulls,131,113,401810925
2026-03-27,Toronto Raptors,New Orleans Pelicans,119,106,401810926
2026-03-27,Denver Nuggets,Utah Jazz,135,129,401810927
2026-03-27,Golden State Warriors,Washington Wizards,131,126,401810928
2026-03-27,Portland Trail Blazers,Dallas Mavericks,93,100,401810929
2026-03-27,Los Angeles Lakers,Brooklyn Nets,116,99,401810930
2026-03-28,Milwaukee Bucks,San Antonio Spurs,95,127,401810931
2026-03-28,Charlotte Hornets,Philadelphia 76ers,114,118,401810932
2026-03-28,Atlanta Hawks,Sacramento Kings,123,113,401810933
2026-03-28,Memphis Grizzlies,Chicago Bulls,125,124,401810934
2026-03-28,Minnesota Timberwolves,Detroit Pistons,87,109,401810935
2026-03-28,Phoenix Suns,Utah Jazz,134,109,401810936
2026-03-29,Milwaukee Bucks,LA Clippers,113,127,401810937
2026-03-29,Indiana Pacers,Miami Heat,135,118,401810938
2026-03-29,Brooklyn Nets,Sacramento Kings,116,99,401810939
2026-03-29,Charlotte Hornets,Boston Celtics,99,114,401810940
2026-03-29,Toronto Raptors,Orlando Magic,139,87,401810941
2026-03-29,Portland Trail Blazers,Washington Wizards,123,88,401810942
2026-03-29,New Orleans Pelicans,Houston Rockets,102,134,401810943
2026-03-29,Oklahoma City Thunder,New York Knicks,111,100,401810944
2026-03-29,Denver Nuggets,Golden State Warriors,116,93,401810945
2026-03-30,Miami Heat,Philadelphia 76ers,119,109,401810946
2026-03-30,Atlanta Hawks,Boston Celtics,112,102,401810947
2026-03-30,Memphis Grizzlies,Phoenix Suns,105,131,401810948
2026-03-30,San Antonio Spurs,Chicago Bulls,129,114,401810949
2026-03-30,Dallas Mavericks,Minnesota Timberwolves,94,124,401810950
2026-03-30,Utah Jazz,Cleveland Cavaliers,113,122,401810951
2026-03-30,Oklahoma City Thunder,Detroit Pistons,114,110,401810952
2026-03-30,Los Angeles Lakers,Washington Wizards,120,101,401810953
2026-03-31,Orlando Magic,Phoenix Suns,115,111,401810954
2026-03-31,Brooklyn Nets,Charlotte Hornets,86,117,401810955
2026-03-31,Detroit Pistons,Toronto Raptors,127,116,401810956
2026-03-31,Houston Rockets,New York Knicks,111,94,401810957
2026-03-31,Los Angeles Lakers,Cleveland Cavaliers,127,113,401810958
2026-03-31,LA Clippers,Portland Trail Blazers,104,114,401810959
2026-03-31,Milwaukee Bucks,Dallas Mavericks,123,99,401858694
2026-04-01,Memphis Grizzlies,New York Knicks,119,130,401810858
2026-04-01,Washington Wizards,Philadelphia 76ers,131,153,401810960
2026-04-01,Miami Heat,Boston Celtics,129,147,401810961
2026-04-01,Orlando Magic,Atlanta Hawks,101,130,401810962
2026-04-01,Toronto Raptors,Sacramento Kings,115,123,401810963
2026-04-01,Chicago Bulls,Indiana Pacers,126,145,401810964
2026-04-01,Houston Rockets,Milwaukee Bucks,119,113,401810965
2026-04-01,Utah Jazz,Denver Nuggets,117,130,401810967
2026-04-01,Golden State Warriors,San Antonio Spurs,113,127,401810968
2026-04-02,Charlotte Hornets,Phoenix Suns,127,107,401810969
2026-04-02,Detroit Pistons,Minnesota Timberwolves,113,108,401810970
2026-04-02,Oklahoma City Thunder,Los Angeles Lakers,139,96,401810971
2026-04-02,Golden State Warriors,Cleveland Cavaliers,111,118,401810972
2026-04-02,Portland Trail Blazers,New Orleans Pelicans,118,106,401810973
2026-04-02,LA Clippers,San Antonio Spurs,99,118,401810974
2026-04-03,Charlotte Hornets,Indiana Pacers,129,108,401810975
2026-04-03,Philadelphia 76ers,Minnesota Timberwolves,115,103,401810976
2026-04-03,Brooklyn Nets,Atlanta Hawks,107,141,401810977
2026-04-03,New York Knicks,Chicago Bulls,136,96,401810978
2026-04-03,Houston Rockets,Utah Jazz,140,106,401810979
2026-04-03,Memphis Grizzlies,Toronto Raptors,96,128,401810980
2026-04-03,Milwaukee Bucks,Boston Celtics,101,133,401810981
2026-04-03,Dallas Mavericks,Orlando Magic,127,138,401810982
2026-04-03,Sacramento Kings,New Orleans Pelicans,117,113,401810983
2026-04-04,Miami Heat,Washington Wizards,152,136,401810984
2026-04-04,Denver Nuggets,San Antonio Spurs,136,134,401810985
2026-04-04,Philadelphia 76ers,Detroit Pistons,93,116,401810986
2026-04-05,Boston Celtics,Toronto Raptors,115,101,401810987
2026-04-05,Brooklyn Nets,Washington Wizards,121,115,401810988
2026-04-05,Chicago Bulls,Phoenix Suns,110,120,401810989
2026-04-05,Milwaukee Bucks,Memphis Grizzlies,131,115,401810990
2026-04-05,Cleveland Cavaliers,Indiana Pacers,117,108,401810991
2026-04-05,Minnesota Timberwolves,Charlotte Hornets,108,122,401810992
2026-04-05,New Orleans Pelicans,Orlando Magic,108,112,401810993
2026-04-05,Oklahoma City Thunder,Utah Jazz,146,111,401810994
2026-04-05,Dallas Mavericks,Los Angeles Lakers,134,128,401810995
2026-04-05,Sacramento Kings,LA Clippers,109,138,401810996
2026-04-05,Golden State Warriors,Houston Rockets,116,117,401810997
2026-04-06,Atlanta Hawks,New York Knicks,105,108,401810998
2026-04-06,Orlando Magic,Detroit Pistons,123,107,401810999
2026-04-06,Memphis Grizzlies,Cleveland Cavaliers,126,142,401811000
2026-04-06,San Antonio Spurs,Philadelphia 76ers,115,102,401811001
2026-04-06,Denver Nuggets,Portland Trail Blazers,137,132,401811002
2026-04-07,Washington Wizards,Chicago Bulls,98,129,401811003
2026-04-07,Boston Celtics,Charlotte Hornets,113,102,401811004
2026-04-07,Brooklyn Nets,Milwaukee Bucks,96,90,401811005
2026-04-07,Toronto Raptors,Miami Heat,121,95,401811006
2026-04-07,Indiana Pacers,Minnesota Timberwolves,104,124,401811007
2026-04-07,New Orleans Pelicans,Utah Jazz,156,137,401811008
2026-04-07,Golden State Warriors,Sacramento Kings,110,105,401811009
2026-04-07,Los Angeles Lakers,Oklahoma City Thunder,87,123,401811010
2026-04-07,LA Clippers,Dallas Mavericks,116,103,401811011
2026-04-07,Phoenix Suns,Houston Rockets,105,119,401811012
2026-04-08,Cleveland Cavaliers,Atlanta Hawks,122,116,401811013
2026-04-08,Orlando Magic,Minnesota Timberwolves,132,120,401811014
2026-04-08,Detroit Pistons,Milwaukee Bucks,137,111,401811015
2026-04-08,San Antonio Spurs,Portland Trail Blazers,112,101,401811016
2026-04-08,Denver Nuggets,Memphis Grizzlies,136,119,401811017
2026-04-08,LA Clippers,Oklahoma City Thunder,110,128,401811018
2026-04-08,Phoenix Suns,Dallas Mavericks,112,107,401811019
2026-04-09,Toronto Raptors,Miami Heat,128,114,401811020
2026-04-09,Washington Wizards,Chicago Bulls,108,119,401811021
2026-04-09,Brooklyn Nets,Indiana Pacers,94,123,401811022
2026-04-09,New York Knicks,Boston Celtics,112,106,401811023
2026-04-09,Houston Rockets,Philadelphia 76ers,113,102,401811024
2026-04-09,Golden State Warriors,Los Angeles Lakers,103,119,401811025
2026-04-10,Charlotte Hornets,Detroit Pistons,100,118,401811026
2026-04-10,Washington Wizards,Miami Heat,117,140,401811027
2026-04-10,Atlanta Hawks,Cleveland Cavaliers,124,102,401811028
2026-04-10,Boston Celtics,New Orleans Pelicans,144,118,401811029
2026-04-10,Indiana Pacers,Philadelphia 76ers,94,105,401811030
2026-04-10,New York Knicks,Toronto Raptors,112,95,401811031
2026-04-10,Chicago Bulls,Orlando Magic,103,127,401811032
2026-04-10,Houston Rockets,Minnesota Timberwolves,132,136,401811033
2026-04-10,Milwaukee Bucks,Brooklyn Nets,125,108,401811034
2026-04-10,San Antonio Spurs,Dallas Mavericks,139,120,401811035
2026-04-10,Utah Jazz,Memphis Grizzlies,147,101,401811036
2026-04-10,Denver Nuggets,Oklahoma City Thunder,127,107,401811037
2026-04-10,Portland Trail Blazers,LA Clippers,116,97,401811038
2026-04-10,Sacramento Kings,Golden State Warriors,124,118,401811039
2026-04-10,Los Angeles Lakers,Phoenix Suns,101,73,401811040
2026-04-12,Boston Celtics,Orlando Magic,113,108,401811041
2026-04-12,Cleveland Cavaliers,Washington Wizards,130,117,401811042
2026-04-12,Indiana Pacers,Detroit Pistons,121,133,401811043
2026-04-12,Miami Heat,Atlanta Hawks,143,117,401811044
2026-04-12,New York Knicks,Charlotte Hornets,96,110,401811045
2026-04-12,Philadelphia 76ers,Milwaukee Bucks,126,106,401811046
2026-04-12,Toronto Raptors,Brooklyn Nets,136,101,401811047
2026-04-12,Dallas Mavericks,Chicago Bulls,149,128,401811048
2026-04-12,Houston Rockets,Memphis Grizzlies,132,101,401811049
2026-04-12,Minnesota Timberwolves,New Orleans Pelicans,132,126,401811050
2026-04-12,Oklahoma City Thunder,Phoenix Suns,103,135,401811051
2026-04-12,San Antonio Spurs,Denver Nuggets,118,128,401811052
2026-04-12,Los Angeles Lakers,Utah Jazz,131,107,401811053
2026-04-12,LA Clippers,Golden State Warriors,115,110,401811054
2026-04-12,Portland Trail Blazers,Sacramento Kings,122,110,401811055
2026-04-18,Cleveland Cavaliers,Toronto Raptors,126,113,401869187
2026-04-18,Denver Nuggets,Minnesota Timberwolves,116,105,401869188
2026-04-18,New York Knicks,Atlanta Hawks,113,102,401869189
2026-04-18,Los Angeles Lakers,Houston Rockets,107,98,401869190
2026-04-19,Boston Celtics,Philadelphia 76ers,123,91,401869191
2026-04-19,Oklahoma City Thunder,Phoenix Suns,119,84,401869192
2026-04-19,Detroit Pistons,Orlando Magic,101,112,401869193
2026-04-19,San Antonio Spurs,Portland Trail Blazers,111,98,401869194
2026-04-20,Cleveland Cavaliers,Toronto Raptors,115,105,401869369
2026-04-20,New York Knicks,Atlanta Hawks,106,107,401869387
2026-04-20,Denver Nuggets,Minnesota Timberwolves,114,119,401869395
2026-04-21,San Antonio Spurs,Portland Trail Blazers,103,106,401869378
2026-04-21,Boston Celtics,Philadelphia 76ers,97,111,401869396
2026-04-21,Los Angeles Lakers,Houston Rockets,101,94,401869397
2026-04-22,Oklahoma City Thunder,Phoenix Suns,120,107,401869368
2026-04-22,Detroit Pistons,Orlando Magic,98,83,401869411
2026-04-23,Toronto Raptors,Cleveland Cavaliers,126,104,401869375
2026-04-23,Atlanta Hawks,New York Knicks,109,108,401869389
2026-04-23,Minnesota Timberwolves,Denver Nuggets,113,96,401869398
2026-04-24,Portland Trail Blazers,San Antonio Spurs,108,120,401869382
2026-04-24,Houston Rockets,Los Angeles Lakers,108,112,401869400
2026-04-24,Philadelphia 76ers,Boston Celtics,100,108,401869404
2026-04-25,Phoenix Suns,Oklahoma City Thunder,109,121,401869370
2026-04-25,Atlanta Hawks,New York Knicks,98,114,401869391
2026-04-25,Minnesota Timberwolves,Denver Nuggets,112,96,401869399
2026-04-25,Orlando Magic,Detroit Pistons,113,105,401869414
2026-04-26,Toronto Raptors,Cleveland Cavaliers,93,89,401869377
2026-04-26,Portland Trail Blazers,San Antonio Spurs,93,114,401869385
2026-04-26,Houston Rockets,Los Angeles Lakers,115,96,401869405
2026-04-26,Philadelphia 76ers,Boston Celtics,96,128,401869406
2026-04-27,Phoenix Suns,Oklahoma City Thunder,122,131,401869373
2026-04-27,Denver Nuggets,Minnesota Timberwolves,125,113,401869401
2026-04-27,Orlando Magic,Detroit Pistons,94,88,401869415
2026-04-28,San Antonio Spurs,Portland Trail Blazers,114,95,401869386
2026-04-28,New York Knicks,Atlanta Hawks,126,97,401869392
2026-04-28,Boston Celtics,Philadelphia 76ers,97,113,401869408
2026-04-29,Cleveland Cavaliers,Toronto Raptors,125,120,401869380
2026-04-29,Los Angeles Lakers,Houston Rockets,93,99,401869407
2026-04-29,Detroit Pistons,Orlando Magic,116,109,401869416
2026-04-30,Atlanta Hawks,New York Knicks,89,140,401869393
2026-04-30,Minnesota Timberwolves,Denver Nuggets,110,98,401869402
2026-04-30,Philadelphia 76ers,Boston Celtics,106,93,401869410
2026-05-01,Toronto Raptors,Cleveland Cavaliers,112,110,401869381
2026-05-01,Houston Rockets,Los Angeles Lakers,78,98,401869409
2026-05-01,Orlando Magic,Detroit Pistons,79,93,401869417
2026-05-02,Boston Celtics,Philadelphia 76ers,100,109,401869412
2026-05-03,Cleveland Cavaliers,Toronto Raptors,114,102,401869384
2026-05-03,Detroit Pistons,Orlando Magic,116,94,401869418
2026-05-04,San Antonio Spurs,Minnesota Timberwolves,102,104,401871152
2026-05-04,New York Knicks,Philadelphia 76ers,137,98,401871159
2026-05-05,Oklahoma City Thunder,Los Angeles Lakers,108,90,401871326
2026-05-05,Detroit Pistons,Cleveland Cavaliers,111,101,401871333
2026-05-06,San Antonio Spurs,Minnesota Timberwolves,133,95,401871153
2026-05-06,New York Knicks,Philadelphia 76ers,108,102,401871160
2026-05-07,Oklahoma City Thunder,Los Angeles Lakers,125,107,401871327
2026-05-07,Detroit Pistons,Cleveland Cavaliers,107,97,401871334
2026-05-08,Minnesota Timberwolves,San Antonio Spurs,108,115,401871154
2026-05-08,Philadelphia 76ers,New York Knicks,94,108,401871161
2026-05-09,Los Angeles Lakers,Oklahoma City Thunder,108,131,401871328
2026-05-09,Cleveland Cavaliers,Detroit Pistons,116,109,401871335
2026-05-10,Minnesota Timberwolves,San Antonio Spurs,114,109,401871155
2026-05-10,Philadelphia 76ers,New York Knicks,114,144,401871162
2026-05-11,Los Angeles Lakers,Oklahoma City Thunder,110,115,401871329
2026-05-11,Cleveland Cavaliers,Detroit Pistons,112,103,401871336
2026-05-12,San Antonio Spurs,Minnesota Timberwolves,126,97,401871156
2026-05-13,Detroit Pistons,Cleveland Cavaliers,113,117,401871337
2026-05-15,Minnesota Timberwolves,San Antonio Spurs,109,139,401871157
2026-05-15,Cleveland Cavaliers,Detroit Pistons,94,115,401871338
2026-05-17,Detroit Pistons,Cleveland Cavaliers,94,125,401871339
2026-05-18,Oklahoma City Thunder,San Antonio Spurs,115,122,401873197
2026-05-19,New York Knicks,Cleveland Cavaliers,115,104,401873341
2026-05-20,Oklahoma City Thunder,San Antonio Spurs,122,113,401873198
2026-05-21,New York Knicks,Cleveland Cavaliers,109,93,401873342
2026-05-22,San Antonio Spurs,Oklahoma City Thunder,108,123,401873199
2026-05-23,Cleveland Cavaliers,New York Knicks,108,121,401873343
2026-05-24,San Antonio Spurs,Oklahoma City Thunder,103,82,401873200
2026-05-25,Cleveland Cavaliers,New York Knicks,93,130,401873344
2026-05-26,Oklahoma City Thunder,San Antonio Spurs,127,114,401873201
2026-05-28,San Antonio Spurs,Oklahoma City Thunder,118,91,401873202
2026-05-30,Oklahoma City Thunder,San Antonio Spurs,103,111,401873203
2026-06-03,San Antonio Spurs,New York Knicks,95,105,401859963
2026-06-05,San Antonio Spurs,New York Knicks,104,105,401859964
2026-06-08,New York Knicks,San Antonio Spurs,111,115,401859965
2026-06-10,New York Knicks,San Antonio Spurs,107,106,401859966
2026-06-13,San Antonio Spurs,New York Knicks,90,94,401859967
